[2026-07-23T07:16:52.724Z] {"timestamp":1784791011682,"kind":"navigate","url":"http://localhost:3001/recruiter/company-profile","viewport":{"width":412,"height":915},"payload":{"reason":"popstate"}}
[2026-07-23T07:16:52.724Z] {"timestamp":1784791011885,"kind":"scroll","url":"http://localhost:3001/recruiter/company-profile","viewport":{"width":412,"height":915},"payload":{"scrollX":0,"scrollY":1562.4000244140625,"documentHeight":3331,"viewportHeight":915}}
[2026-07-23T07:16:52.724Z] {"timestamp":1784791012394,"kind":"scroll","url":"http://localhost:3001/recruiter/company-profile","viewport":{"width":412,"height":915},"payload":{"scrollX":0,"scrollY":20.799999237060547,"documentHeight":3331,"viewportHeight":915}}
[2026-07-23T07:16:54.784Z] {"timestamp":1784791014451,"kind":"focusin","url":"http://localhost:3001/recruiter/company-profile","viewport":{"width":412,"height":915},"payload":{"target":{"tag":"button","id":null,"name":null,"type":null,"role":null,"ariaLabel":null,"testId":null,"dataLoc":null,"href":null,"text":"","selectorHint":"button"}}}
[2026-07-23T07:16:54.784Z] {"timestamp":1784791014452,"kind":"click","url":"http://localhost:3001/recruiter/company-profile","viewport":{"width":412,"height":915},"payload":{"target":{"tag":"button","id":null,"name":null,"type":null,"role":null,"ariaLabel":null,"testId":null,"dataLoc":null,"href":null,"text":"","selectorHint":"button"},"x":32,"y":43}}
[2026-07-23T07:16:54.784Z] {"timestamp":1784791014453,"kind":"navigate","url":"http://localhost:3001/recruiter/dashboard","viewport":{"width":412,"height":915},"payload":{"reason":"pushState"}}
[2026-07-23T07:16:54.784Z] {"timestamp":1784791014472,"kind":"focusout","url":"http://localhost:3001/recruiter/dashboard","viewport":{"width":412,"height":915},"payload":{"target":{"tag":"button","id":null,"name":null,"type":null,"role":null,"ariaLabel":null,"testId":null,"dataLoc":null,"href":null,"text":"","selectorHint":"button"},"value":null}}
[2026-07-23T07:16:58.714Z] {"timestamp":1784791016754,"kind":"navigate","url":"http://localhost:3001/recruiter/company-profile","viewport":{"width":412,"height":915},"payload":{"reason":"popstate"}}
[2026-07-23T07:16:58.714Z] {"timestamp":1784791017518,"kind":"navigate","url":"http://localhost:3001/recruiter/dashboard","viewport":{"width":412,"height":915},"payload":{"reason":"popstate"}}
[2026-07-23T07:16:58.714Z] {"timestamp":1784791017701,"kind":"scroll","url":"http://localhost:3001/recruiter/dashboard","viewport":{"width":412,"height":915},"payload":{"scrollX":0,"scrollY":8,"documentHeight":2783,"viewportHeight":915}}
[2026-07-23T07:16:58.714Z] {"timestamp":1784791018144,"kind":"navigate","url":"http://localhost:3001/recruiter/applicants","viewport":{"width":412,"height":915},"payload":{"reason":"popstate"}}
[2026-07-23T07:16:58.714Z] {"timestamp":1784791018202,"kind":"scroll","url":"http://localhost:3001/recruiter/applicants","viewport":{"width":412,"height":915},"payload":{"scrollX":0,"scrollY":733.5999755859375,"documentHeight":1649,"viewportHeight":915}}
[2026-07-23T07:17:00.971Z] {"timestamp":1784791018862,"kind":"navigate","url":"http://localhost:3001/recruiter/dashboard","viewport":{"width":412,"height":915},"payload":{"reason":"popstate"}}
[2026-07-23T07:17:00.971Z] {"timestamp":1784791018982,"kind":"scroll","url":"http://localhost:3001/recruiter/dashboard","viewport":{"width":412,"height":915},"payload":{"scrollX":0,"scrollY":1785.5999755859375,"documentHeight":2783,"viewportHeight":915}}
[2026-07-23T07:17:00.971Z] {"timestamp":1784791019310,"kind":"navigate","url":"http://localhost:3001/recruiter/post-job","viewport":{"width":412,"height":915},"payload":{"reason":"popstate"}}
[2026-07-23T07:17:00.971Z] {"timestamp":1784791019519,"kind":"scroll","url":"http://localhost:3001/recruiter/post-job","viewport":{"width":412,"height":915},"payload":{"scrollX":0,"scrollY":1780,"documentHeight":3162,"viewportHeight":915}}
[2026-07-23T07:17:00.971Z] {"timestamp":1784791019651,"kind":"navigate","url":"http://localhost:3001/recruiter/dashboard","viewport":{"width":412,"height":915},"payload":{"reason":"popstate"}}
[2026-07-23T07:17:00.971Z] {"timestamp":1784791020029,"kind":"scroll","url":"http://localhost:3001/recruiter/dashboard","viewport":{"width":412,"height":915},"payload":{"scrollX":0,"scrollY":1452.800048828125,"documentHeight":2783,"viewportHeight":915}}
[2026-07-23T07:17:00.971Z] {"timestamp":1784791020139,"kind":"navigate","url":"http://localhost:3001/recruiter/manage-jobs","viewport":{"width":412,"height":915},"payload":{"reason":"popstate"}}
[2026-07-23T07:17:00.971Z] {"timestamp":1784791020673,"kind":"navigate","url":"http://localhost:3001/recruiter/post-job","viewport":{"width":412,"height":915},"payload":{"reason":"popstate"}}
[2026-07-23T07:17:02.839Z] {"timestamp":1784791020736,"kind":"scroll","url":"http://localhost:3001/recruiter/post-job","viewport":{"width":412,"height":915},"payload":{"scrollX":0,"scrollY":1703.199951171875,"documentHeight":3162,"viewportHeight":915}}
[2026-07-23T07:17:02.839Z] {"timestamp":1784791021231,"kind":"navigate","url":"http://localhost:3001/recruiter/dashboard","viewport":{"width":412,"height":915},"payload":{"reason":"popstate"}}
[2026-07-23T07:17:02.839Z] {"timestamp":1784791021339,"kind":"scroll","url":"http://localhost:3001/recruiter/dashboard","viewport":{"width":412,"height":915},"payload":{"scrollX":0,"scrollY":1868,"documentHeight":2783,"viewportHeight":915}}
[2026-07-23T07:17:02.839Z] {"timestamp":1784791021739,"kind":"navigate","url":"http://localhost:3001/recruiter/company-profile","viewport":{"width":412,"height":915},"payload":{"reason":"popstate"}}
[2026-07-23T07:17:02.839Z] {"timestamp":1784791021905,"kind":"scroll","url":"http://localhost:3001/recruiter/company-profile","viewport":{"width":412,"height":915},"payload":{"scrollX":0,"scrollY":71.19999694824219,"documentHeight":3331,"viewportHeight":915}}
[2026-07-23T07:17:02.839Z] {"timestamp":1784791022318,"kind":"navigate","url":"http://localhost:3001/recruiter/dashboard","viewport":{"width":412,"height":915},"payload":{"reason":"popstate"}}
[2026-07-23T07:17:02.839Z] {"timestamp":1784791022642,"kind":"scroll","url":"http://localhost:3001/recruiter/dashboard","viewport":{"width":412,"height":915},"payload":{"scrollX":0,"scrollY":436,"documentHeight":2783,"viewportHeight":915}}
[2026-07-23T07:17:04.718Z] {"timestamp":1784791023145,"kind":"scroll","url":"http://localhost:3001/recruiter/dashboard","viewport":{"width":412,"height":915},"payload":{"scrollX":0,"scrollY":1779.199951171875,"documentHeight":2783,"viewportHeight":915}}
[2026-07-23T07:17:04.718Z] {"timestamp":1784791023172,"kind":"navigate","url":"http://localhost:3001/recruiter/applicants","viewport":{"width":412,"height":915},"payload":{"reason":"popstate"}}
[2026-07-23T07:17:04.718Z] {"timestamp":1784791023990,"kind":"navigate","url":"http://localhost:3001/recruiter/dashboard","viewport":{"width":412,"height":915},"payload":{"reason":"popstate"}}
[2026-07-23T07:17:04.718Z] {"timestamp":1784791024216,"kind":"scroll","url":"http://localhost:3001/recruiter/dashboard","viewport":{"width":412,"height":915},"payload":{"scrollX":0,"scrollY":1784,"documentHeight":2783,"viewportHeight":915}}
[2026-07-23T07:17:06.721Z] {"timestamp":1784791024987,"kind":"navigate","url":"http://localhost:3001/recruiter/manage-jobs","viewport":{"width":412,"height":915},"payload":{"reason":"popstate"}}
[2026-07-23T07:17:06.721Z] {"timestamp":1784791025127,"kind":"scroll","url":"http://localhost:3001/recruiter/manage-jobs","viewport":{"width":412,"height":915},"payload":{"scrollX":0,"scrollY":753.5999755859375,"documentHeight":1669,"viewportHeight":915}}
[2026-07-23T07:17:08.863Z] {"timestamp":1784791027490,"kind":"navigate","url":"http://localhost:3001/recruiter/post-job","viewport":{"width":412,"height":915},"payload":{"reason":"popstate"}}
[2026-07-23T07:17:08.863Z] {"timestamp":1784791027675,"kind":"scroll","url":"http://localhost:3001/recruiter/post-job","viewport":{"width":412,"height":915},"payload":{"scrollX":0,"scrollY":138.39999389648438,"documentHeight":3162,"viewportHeight":915}}
[2026-07-23T07:17:08.863Z] {"timestamp":1784791028176,"kind":"scroll","url":"http://localhost:3001/recruiter/post-job","viewport":{"width":412,"height":915},"payload":{"scrollX":0,"scrollY":1938.4000244140625,"documentHeight":3162,"viewportHeight":915}}
[2026-07-23T07:17:08.863Z] {"timestamp":1784791028687,"kind":"navigate","url":"http://localhost:3001/recruiter/dashboard","viewport":{"width":412,"height":915},"payload":{"reason":"popstate"}}
[2026-07-23T07:17:08.863Z] {"timestamp":1784791028856,"kind":"scroll","url":"http://localhost:3001/recruiter/dashboard","viewport":{"width":412,"height":915},"payload":{"scrollX":0,"scrollY":1868,"documentHeight":2783,"viewportHeight":915}}
[2026-07-23T07:17:12.783Z] {"timestamp":1784791031387,"kind":"navigate","url":"http://localhost:3001/recruiter/post-job","viewport":{"width":412,"height":915},"payload":{"reason":"popstate"}}
[2026-07-23T07:17:12.783Z] {"timestamp":1784791031523,"kind":"scroll","url":"http://localhost:3001/recruiter/post-job","viewport":{"width":412,"height":915},"payload":{"scrollX":0,"scrollY":1983.199951171875,"documentHeight":3162,"viewportHeight":915}}
[2026-07-23T07:17:12.783Z] {"timestamp":1784791032031,"kind":"scroll","url":"http://localhost:3001/recruiter/post-job","viewport":{"width":412,"height":915},"payload":{"scrollX":0,"scrollY":64,"documentHeight":3162,"viewportHeight":915}}
[2026-07-23T07:17:12.783Z] {"timestamp":1784791032700,"kind":"navigate","url":"http://localhost:3001/recruiter/dashboard","viewport":{"width":412,"height":915},"payload":{"reason":"popstate"}}
[2026-07-23T07:17:14.717Z] {"timestamp":1784791033813,"kind":"navigate","url":"http://localhost:3001/login","viewport":{"width":412,"height":915},"payload":{"reason":"popstate"}}
[2026-07-23T07:17:16.722Z] {"timestamp":1784791035686,"kind":"scroll","url":"http://localhost:3001/login","viewport":{"width":412,"height":915},"payload":{"scrollX":0,"scrollY":4.800000190734863,"documentHeight":924,"viewportHeight":915}}
[2026-07-23T07:17:18.716Z] {"timestamp":1784791037097,"kind":"focusin","url":"http://localhost:3001/login","viewport":{"width":412,"height":915},"payload":{"target":{"tag":"input","id":"email","name":null,"type":"email","role":null,"ariaLabel":null,"testId":null,"dataLoc":null,"href":null,"text":"","selectorHint":"#email"}}}
[2026-07-23T07:17:18.716Z] {"timestamp":1784791037098,"kind":"click","url":"http://localhost:3001/login","viewport":{"width":412,"height":915},"payload":{"target":{"tag":"input","id":"email","name":null,"type":"email","role":null,"ariaLabel":null,"testId":null,"dataLoc":null,"href":null,"text":"","selectorHint":"#email"},"x":191,"y":337}}
[2026-07-23T07:17:26.712Z] {"timestamp":1784791045504,"kind":"change","url":"http://localhost:3001/login","viewport":{"width":412,"height":915},"payload":{"target":{"tag":"input","id":"email","name":null,"type":"email","role":null,"ariaLabel":null,"testId":null,"dataLoc":null,"href":null,"text":"","selectorHint":"#email"},"value":"padma@gmail.com"}}
[2026-07-23T07:17:26.712Z] {"timestamp":1784791046289,"kind":"scroll","url":"http://localhost:3001/login","viewport":{"width":412,"height":915},"payload":{"scrollX":0,"scrollY":7.199999809265137,"documentHeight":924,"viewportHeight":915}}
[2026-07-23T07:17:28.725Z] {"timestamp":1784791046795,"kind":"scroll","url":"http://localhost:3001/login","viewport":{"width":412,"height":915},"payload":{"scrollX":0,"scrollY":8.800000190734863,"documentHeight":924,"viewportHeight":915}}
[2026-07-23T07:17:30.722Z] {"timestamp":1784791049204,"kind":"focusout","url":"http://localhost:3001/login","viewport":{"width":412,"height":915},"payload":{"target":{"tag":"input","id":"email","name":null,"type":"email","role":null,"ariaLabel":null,"testId":null,"dataLoc":null,"href":null,"text":"","selectorHint":"#email"},"value":"padma@gmail.com"}}
[2026-07-23T07:17:30.722Z] {"timestamp":1784791049204,"kind":"focusin","url":"http://localhost:3001/login","viewport":{"width":412,"height":915},"payload":{"target":{"tag":"button","id":null,"name":null,"type":null,"role":null,"ariaLabel":null,"testId":null,"dataLoc":null,"href":null,"text":"Sign up","selectorHint":"button"}}}
[2026-07-23T07:17:30.722Z] {"timestamp":1784791049204,"kind":"click","url":"http://localhost:3001/login","viewport":{"width":412,"height":915},"payload":{"target":{"tag":"button","id":null,"name":null,"type":null,"role":null,"ariaLabel":null,"testId":null,"dataLoc":null,"href":null,"text":"Sign up","selectorHint":"button"},"x":284,"y":734}}
[2026-07-23T07:17:30.722Z] {"timestamp":1784791049205,"kind":"navigate","url":"http://localhost:3001/register","viewport":{"width":412,"height":915},"payload":{"reason":"pushState"}}
[2026-07-23T07:17:30.722Z] {"timestamp":1784791049223,"kind":"focusout","url":"http://localhost:3001/register","viewport":{"width":412,"height":915},"payload":{"target":{"tag":"button","id":null,"name":null,"type":null,"role":null,"ariaLabel":null,"testId":null,"dataLoc":null,"href":null,"text":"Sign up","selectorHint":"button"},"value":null}}
[2026-07-23T07:17:30.722Z] {"timestamp":1784791050271,"kind":"scroll","url":"http://localhost:3001/register","viewport":{"width":412,"height":915},"payload":{"scrollX":0,"scrollY":12,"documentHeight":1092,"viewportHeight":915}}
[2026-07-23T07:17:32.716Z] {"timestamp":1784791051016,"kind":"scroll","url":"http://localhost:3001/register","viewport":{"width":412,"height":915},"payload":{"scrollX":0,"scrollY":172.8000030517578,"documentHeight":1092,"viewportHeight":915}}
[2026-07-23T07:17:34.710Z] {"timestamp":1784791053854,"kind":"scroll","url":"http://localhost:3001/register","viewport":{"width":412,"height":915},"payload":{"scrollX":0,"scrollY":16.799999237060547,"documentHeight":1092,"viewportHeight":915}}
[2026-07-23T07:17:36.715Z] {"timestamp":1784791055956,"kind":"scroll","url":"http://localhost:3001/register","viewport":{"width":412,"height":915},"payload":{"scrollX":0,"scrollY":175.1999969482422,"documentHeight":1092,"viewportHeight":915}}
[2026-07-23T07:17:38.719Z] {"timestamp":1784791057585,"kind":"focusin","url":"http://localhost:3001/register","viewport":{"width":412,"height":915},"payload":{"target":{"tag":"button","id":null,"name":null,"type":null,"role":null,"ariaLabel":null,"testId":null,"dataLoc":null,"href":null,"text":"Back to Home","selectorHint":"button"}}}
[2026-07-23T07:17:38.719Z] {"timestamp":1784791057586,"kind":"click","url":"http://localhost:3001/register","viewport":{"width":412,"height":915},"payload":{"target":{"tag":"path","id":null,"name":null,"type":null,"role":null,"ariaLabel":null,"testId":null,"dataLoc":null,"href":null,"text":"","selectorHint":"path"},"x":27,"y":28}}
[2026-07-23T07:17:38.719Z] {"timestamp":1784791057587,"kind":"navigate","url":"http://localhost:3001/","viewport":{"width":412,"height":915},"payload":{"reason":"pushState"}}
[2026-07-23T07:17:38.719Z] {"timestamp":1784791057645,"kind":"focusout","url":"http://localhost:3001/","viewport":{"width":412,"height":915},"payload":{"target":{"tag":"button","id":null,"name":null,"type":null,"role":null,"ariaLabel":null,"testId":null,"dataLoc":null,"href":null,"text":"Back to Home","selectorHint":"button"},"value":null}}
[2026-07-23T07:17:40.725Z] {"timestamp":1784791059605,"kind":"scroll","url":"http://localhost:3001/","viewport":{"width":412,"height":915},"payload":{"scrollX":0,"scrollY":6.400000095367432,"documentHeight":9027,"viewportHeight":915}}
[2026-07-23T07:17:40.725Z] {"timestamp":1784791060502,"kind":"scroll","url":"http://localhost:3001/","viewport":{"width":412,"height":915},"payload":{"scrollX":0,"scrollY":116,"documentHeight":9027,"viewportHeight":915}}
[2026-07-23T07:17:42.721Z] {"timestamp":1784791061016,"kind":"scroll","url":"http://localhost:3001/","viewport":{"width":412,"height":915},"payload":{"scrollX":0,"scrollY":231.1999969482422,"documentHeight":9027,"viewportHeight":915}}
[2026-07-23T07:17:42.721Z] {"timestamp":1784791061737,"kind":"scroll","url":"http://localhost:3001/","viewport":{"width":412,"height":915},"payload":{"scrollX":0,"scrollY":248,"documentHeight":9027,"viewportHeight":915}}
[2026-07-23T07:17:42.721Z] {"timestamp":1784791062249,"kind":"scroll","url":"http://localhost:3001/","viewport":{"width":412,"height":915},"payload":{"scrollX":0,"scrollY":675.2000122070312,"documentHeight":9027,"viewportHeight":915}}
[2026-07-23T07:17:44.722Z] {"timestamp":1784791062789,"kind":"scroll","url":"http://localhost:3001/","viewport":{"width":412,"height":915},"payload":{"scrollX":0,"scrollY":955.2000122070312,"documentHeight":9027,"viewportHeight":915}}
[2026-07-23T07:17:44.722Z] {"timestamp":1784791063316,"kind":"scroll","url":"http://localhost:3001/","viewport":{"width":412,"height":915},"payload":{"scrollX":0,"scrollY":1212.800048828125,"documentHeight":9027,"viewportHeight":915}}
[2026-07-23T07:17:44.722Z] {"timestamp":1784791063816,"kind":"scroll","url":"http://localhost:3001/","viewport":{"width":412,"height":915},"payload":{"scrollX":0,"scrollY":1756.800048828125,"documentHeight":9027,"viewportHeight":915}}
[2026-07-23T07:17:44.722Z] {"timestamp":1784791064316,"kind":"scroll","url":"http://localhost:3001/","viewport":{"width":412,"height":915},"payload":{"scrollX":0,"scrollY":2648,"documentHeight":9027,"viewportHeight":915}}
[2026-07-23T07:17:46.721Z] {"timestamp":1784791064837,"kind":"scroll","url":"http://localhost:3001/","viewport":{"width":412,"height":915},"payload":{"scrollX":0,"scrollY":3104.800048828125,"documentHeight":9027,"viewportHeight":915}}
[2026-07-23T07:17:46.721Z] {"timestamp":1784791065350,"kind":"scroll","url":"http://localhost:3001/","viewport":{"width":412,"height":915},"payload":{"scrollX":0,"scrollY":3684,"documentHeight":9027,"viewportHeight":915}}
[2026-07-23T07:17:46.721Z] {"timestamp":1784791065850,"kind":"scroll","url":"http://localhost:3001/","viewport":{"width":412,"height":915},"payload":{"scrollX":0,"scrollY":4380.7998046875,"documentHeight":9027,"viewportHeight":915}}
[2026-07-23T07:17:46.721Z] {"timestamp":1784791066366,"kind":"scroll","url":"http://localhost:3001/","viewport":{"width":412,"height":915},"payload":{"scrollX":0,"scrollY":5595.2001953125,"documentHeight":9027,"viewportHeight":915}}
[2026-07-23T07:17:48.711Z] {"timestamp":1784791066868,"kind":"scroll","url":"http://localhost:3001/","viewport":{"width":412,"height":915},"payload":{"scrollX":0,"scrollY":5964,"documentHeight":9027,"viewportHeight":915}}
[2026-07-23T07:17:48.711Z] {"timestamp":1784791067385,"kind":"scroll","url":"http://localhost:3001/","viewport":{"width":412,"height":915},"payload":{"scrollX":0,"scrollY":6798.39990234375,"documentHeight":9027,"viewportHeight":915}}
[2026-07-23T07:17:48.711Z] {"timestamp":1784791067885,"kind":"scroll","url":"http://localhost:3001/","viewport":{"width":412,"height":915},"payload":{"scrollX":0,"scrollY":7471.2001953125,"documentHeight":9027,"viewportHeight":915}}
[2026-07-23T07:17:48.711Z] {"timestamp":1784791068450,"kind":"scroll","url":"http://localhost:3001/","viewport":{"width":412,"height":915},"payload":{"scrollX":0,"scrollY":7840,"documentHeight":9027,"viewportHeight":915}}
[2026-07-23T07:17:50.719Z] {"timestamp":1784791068951,"kind":"scroll","url":"http://localhost:3001/","viewport":{"width":412,"height":915},"payload":{"scrollX":0,"scrollY":8106.39990234375,"documentHeight":9027,"viewportHeight":915}}
[2026-07-23T07:17:50.719Z] {"timestamp":1784791069799,"kind":"scroll","url":"http://localhost:3001/","viewport":{"width":412,"height":915},"payload":{"scrollX":0,"scrollY":8087.2001953125,"documentHeight":9027,"viewportHeight":915}}
[2026-07-23T07:17:50.719Z] {"timestamp":1784791070300,"kind":"scroll","url":"http://localhost:3001/","viewport":{"width":412,"height":915},"payload":{"scrollX":0,"scrollY":6743.2001953125,"documentHeight":9027,"viewportHeight":915}}
[2026-07-23T07:17:52.719Z] {"timestamp":1784791070849,"kind":"scroll","url":"http://localhost:3001/","viewport":{"width":412,"height":915},"payload":{"scrollX":0,"scrollY":5424.7998046875,"documentHeight":9027,"viewportHeight":915}}
[2026-07-23T07:17:52.719Z] {"timestamp":1784791071350,"kind":"scroll","url":"http://localhost:3001/","viewport":{"width":412,"height":915},"payload":{"scrollX":0,"scrollY":4099.2001953125,"documentHeight":9027,"viewportHeight":915}}
[2026-07-23T07:17:52.719Z] {"timestamp":1784791071850,"kind":"scroll","url":"http://localhost:3001/","viewport":{"width":412,"height":915},"payload":{"scrollX":0,"scrollY":2503.199951171875,"documentHeight":9027,"viewportHeight":915}}
[2026-07-23T07:17:52.720Z] {"timestamp":1784791072351,"kind":"scroll","url":"http://localhost:3001/","viewport":{"width":412,"height":915},"payload":{"scrollX":0,"scrollY":1574.4000244140625,"documentHeight":9027,"viewportHeight":915}}
[2026-07-23T07:17:54.713Z] {"timestamp":1784791072857,"kind":"scroll","url":"http://localhost:3001/","viewport":{"width":412,"height":915},"payload":{"scrollX":0,"scrollY":756,"documentHeight":9027,"viewportHeight":915}}
[2026-07-23T07:17:54.713Z] {"timestamp":1784791073368,"kind":"scroll","url":"http://localhost:3001/","viewport":{"width":412,"height":915},"payload":{"scrollX":0,"scrollY":88.80000305175781,"documentHeight":9027,"viewportHeight":915}}
[2026-07-23T07:17:58.719Z] {"timestamp":1784791078421,"kind":"scroll","url":"http://localhost:3001/","viewport":{"width":430,"height":932},"payload":{"scrollX":0,"scrollY":16,"documentHeight":8942,"viewportHeight":932}}
[2026-07-23T07:18:00.716Z] {"timestamp":1784791078953,"kind":"scroll","url":"http://localhost:3001/","viewport":{"width":430,"height":932},"payload":{"scrollX":0,"scrollY":298.3999938964844,"documentHeight":8942,"viewportHeight":932}}
[2026-07-23T07:18:00.716Z] {"timestamp":1784791079467,"kind":"scroll","url":"http://localhost:3001/","viewport":{"width":430,"height":932},"payload":{"scrollX":0,"scrollY":642.4000244140625,"documentHeight":8942,"viewportHeight":932}}
[2026-07-23T07:18:00.716Z] {"timestamp":1784791079985,"kind":"scroll","url":"http://localhost:3001/","viewport":{"width":430,"height":932},"payload":{"scrollX":0,"scrollY":1584,"documentHeight":8942,"viewportHeight":932}}
[2026-07-23T07:18:00.716Z] {"timestamp":1784791080501,"kind":"scroll","url":"http://localhost:3001/","viewport":{"width":430,"height":932},"payload":{"scrollX":0,"scrollY":3151.199951171875,"documentHeight":8942,"viewportHeight":932}}
[2026-07-23T07:18:02.720Z] {"timestamp":1784791081017,"kind":"scroll","url":"http://localhost:3001/","viewport":{"width":430,"height":932},"payload":{"scrollX":0,"scrollY":4602.39990234375,"documentHeight":8942,"viewportHeight":932}}
[2026-07-23T07:18:02.721Z] {"timestamp":1784791081517,"kind":"scroll","url":"http://localhost:3001/","viewport":{"width":430,"height":932},"payload":{"scrollX":0,"scrollY":5827.2001953125,"documentHeight":8942,"viewportHeight":932}}
[2026-07-23T07:18:02.721Z] {"timestamp":1784791082018,"kind":"scroll","url":"http://localhost:3001/","viewport":{"width":430,"height":932},"payload":{"scrollX":0,"scrollY":7147.2001953125,"documentHeight":8942,"viewportHeight":932}}
[2026-07-23T07:18:02.721Z] {"timestamp":1784791082532,"kind":"scroll","url":"http://localhost:3001/","viewport":{"width":430,"height":932},"payload":{"scrollX":0,"scrollY":7798.39990234375,"documentHeight":8942,"viewportHeight":932}}
[2026-07-23T07:18:04.721Z] {"timestamp":1784791083483,"kind":"scroll","url":"http://localhost:3001/","viewport":{"width":430,"height":932},"payload":{"scrollX":0,"scrollY":7872,"documentHeight":8942,"viewportHeight":932}}
[2026-07-23T07:18:04.721Z] {"timestamp":1784791083984,"kind":"scroll","url":"http://localhost:3001/","viewport":{"width":430,"height":932},"payload":{"scrollX":0,"scrollY":6420.7998046875,"documentHeight":8942,"viewportHeight":932}}
[2026-07-23T07:18:04.721Z] {"timestamp":1784791084484,"kind":"scroll","url":"http://localhost:3001/","viewport":{"width":430,"height":932},"payload":{"scrollX":0,"scrollY":4260.7998046875,"documentHeight":8942,"viewportHeight":932}}
[2026-07-23T07:18:06.708Z] {"timestamp":1784791084985,"kind":"scroll","url":"http://localhost:3001/","viewport":{"width":430,"height":932},"payload":{"scrollX":0,"scrollY":2090.39990234375,"documentHeight":8942,"viewportHeight":932}}
[2026-07-23T07:18:14.740Z] {"timestamp":1784791093871,"kind":"scroll","url":"http://localhost:3001/","viewport":{"width":412,"height":915},"payload":{"scrollX":0,"scrollY":16.799999237060547,"documentHeight":9027,"viewportHeight":915}}
[2026-07-23T07:18:14.740Z] {"timestamp":1784791094652,"kind":"scroll","url":"http://localhost:3001/","viewport":{"width":412,"height":915},"payload":{"scrollX":0,"scrollY":64.80000305175781,"documentHeight":9027,"viewportHeight":915}}
[2026-07-23T07:18:16.721Z] {"timestamp":1784791095153,"kind":"scroll","url":"http://localhost:3001/","viewport":{"width":412,"height":915},"payload":{"scrollX":0,"scrollY":1483.199951171875,"documentHeight":9027,"viewportHeight":915}}
[2026-07-23T07:18:16.721Z] {"timestamp":1784791095667,"kind":"scroll","url":"http://localhost:3001/","viewport":{"width":412,"height":915},"payload":{"scrollX":0,"scrollY":2386.39990234375,"documentHeight":9027,"viewportHeight":915}}
[2026-07-23T07:18:16.721Z] {"timestamp":1784791096167,"kind":"scroll","url":"http://localhost:3001/","viewport":{"width":412,"height":915},"payload":{"scrollX":0,"scrollY":3979.199951171875,"documentHeight":9027,"viewportHeight":915}}
[2026-07-23T07:18:16.721Z] {"timestamp":1784791096683,"kind":"scroll","url":"http://localhost:3001/","viewport":{"width":412,"height":915},"payload":{"scrollX":0,"scrollY":5292.7998046875,"documentHeight":9027,"viewportHeight":915}}
[2026-07-23T07:18:18.719Z] {"timestamp":1784791097184,"kind":"scroll","url":"http://localhost:3001/","viewport":{"width":412,"height":915},"payload":{"scrollX":0,"scrollY":6602.39990234375,"documentHeight":9027,"viewportHeight":915}}
[2026-07-23T07:18:18.720Z] {"timestamp":1784791097700,"kind":"scroll","url":"http://localhost:3001/","viewport":{"width":412,"height":915},"payload":{"scrollX":0,"scrollY":7374.39990234375,"documentHeight":9027,"viewportHeight":915}}
[2026-07-23T07:18:18.720Z] {"timestamp":1784791098600,"kind":"scroll","url":"http://localhost:3001/","viewport":{"width":412,"height":915},"payload":{"scrollX":0,"scrollY":7930.39990234375,"documentHeight":9027,"viewportHeight":915}}
[2026-07-23T07:18:20.719Z] {"timestamp":1784791099102,"kind":"scroll","url":"http://localhost:3001/","viewport":{"width":412,"height":915},"payload":{"scrollX":0,"scrollY":5980,"documentHeight":9027,"viewportHeight":915}}
[2026-07-23T07:18:20.719Z] {"timestamp":1784791099618,"kind":"scroll","url":"http://localhost:3001/","viewport":{"width":412,"height":915},"payload":{"scrollX":0,"scrollY":4451.2001953125,"documentHeight":9027,"viewportHeight":915}}
[2026-07-23T07:18:20.719Z] {"timestamp":1784791100117,"kind":"scroll","url":"http://localhost:3001/","viewport":{"width":412,"height":915},"payload":{"scrollX":0,"scrollY":2366.39990234375,"documentHeight":9027,"viewportHeight":915}}
[2026-07-23T07:18:20.719Z] {"timestamp":1784791100617,"kind":"scroll","url":"http://localhost:3001/","viewport":{"width":412,"height":915},"payload":{"scrollX":0,"scrollY":1096.800048828125,"documentHeight":9027,"viewportHeight":915}}
[2026-07-23T07:18:22.715Z] {"timestamp":1784791101120,"kind":"scroll","url":"http://localhost:3001/","viewport":{"width":412,"height":915},"payload":{"scrollX":0,"scrollY":812.7999877929688,"documentHeight":9027,"viewportHeight":915}}
[2026-07-23T07:18:22.715Z] {"timestamp":1784791101635,"kind":"scroll","url":"http://localhost:3001/","viewport":{"width":412,"height":915},"payload":{"scrollX":0,"scrollY":724,"documentHeight":9027,"viewportHeight":915}}
[2026-07-23T07:18:26.714Z] {"timestamp":1784791104754,"kind":"scroll","url":"http://localhost:3001/","viewport":{"width":412,"height":915},"payload":{"scrollX":0,"scrollY":708.7999877929688,"documentHeight":9027,"viewportHeight":915}}
[2026-07-23T07:18:34.715Z] {"timestamp":1784791113255,"kind":"focusin","url":"http://localhost:3001/","viewport":{"width":412,"height":915},"payload":{"target":{"tag":"button","id":null,"name":null,"type":null,"role":null,"ariaLabel":null,"testId":null,"dataLoc":null,"href":null,"text":"Login","selectorHint":"button"}}}
[2026-07-23T07:18:34.715Z] {"timestamp":1784791113256,"kind":"click","url":"http://localhost:3001/","viewport":{"width":412,"height":915},"payload":{"target":{"tag":"button","id":null,"name":null,"type":null,"role":null,"ariaLabel":null,"testId":null,"dataLoc":null,"href":null,"text":"Login","selectorHint":"button"},"x":280,"y":31}}
[2026-07-23T07:18:34.715Z] {"timestamp":1784791113257,"kind":"navigate","url":"http://localhost:3001/login","viewport":{"width":412,"height":915},"payload":{"reason":"pushState"}}
[2026-07-23T07:18:34.715Z] {"timestamp":1784791113278,"kind":"focusout","url":"http://localhost:3001/login","viewport":{"width":412,"height":915},"payload":{"target":{"tag":"button","id":null,"name":null,"type":null,"role":null,"ariaLabel":null,"testId":null,"dataLoc":null,"href":null,"text":"Login","selectorHint":"button"},"value":null}}
[2026-07-23T07:18:34.715Z] {"timestamp":1784791114377,"kind":"scroll","url":"http://localhost:3001/login","viewport":{"width":412,"height":915},"payload":{"scrollX":0,"scrollY":0.800000011920929,"documentHeight":924,"viewportHeight":915}}
[2026-07-23T07:18:37.018Z] {"timestamp":1784791115067,"kind":"scroll","url":"http://localhost:3001/login","viewport":{"width":412,"height":915},"payload":{"scrollX":0,"scrollY":0,"documentHeight":924,"viewportHeight":915}}
[2026-07-23T07:18:37.018Z] {"timestamp":1784791116700,"kind":"focusin","url":"http://localhost:3001/login","viewport":{"width":412,"height":915},"payload":{"target":{"tag":"button","id":null,"name":null,"type":null,"role":null,"ariaLabel":null,"testId":null,"dataLoc":null,"href":null,"text":"Back to Home","selectorHint":"button"}}}
[2026-07-23T07:18:37.018Z] {"timestamp":1784791116700,"kind":"click","url":"http://localhost:3001/login","viewport":{"width":412,"height":915},"payload":{"target":{"tag":"path","id":null,"name":null,"type":null,"role":null,"ariaLabel":null,"testId":null,"dataLoc":null,"href":null,"text":"","selectorHint":"path"},"x":23,"y":28}}
[2026-07-23T07:18:37.018Z] {"timestamp":1784791116701,"kind":"navigate","url":"http://localhost:3001/","viewport":{"width":412,"height":915},"payload":{"reason":"pushState"}}
[2026-07-23T07:18:37.018Z] {"timestamp":1784791116749,"kind":"focusout","url":"http://localhost:3001/","viewport":{"width":412,"height":915},"payload":{"target":{"tag":"button","id":null,"name":null,"type":null,"role":null,"ariaLabel":null,"testId":null,"dataLoc":null,"href":null,"text":"Back to Home","selectorHint":"button"},"value":null}}
[2026-07-23T07:18:38.718Z] {"timestamp":1784791118069,"kind":"focusin","url":"http://localhost:3001/","viewport":{"width":412,"height":915},"payload":{"target":{"tag":"button","id":null,"name":null,"type":null,"role":null,"ariaLabel":null,"testId":null,"dataLoc":null,"href":null,"text":"Sign Up","selectorHint":"button"}}}
[2026-07-23T07:18:38.718Z] {"timestamp":1784791118070,"kind":"click","url":"http://localhost:3001/","viewport":{"width":412,"height":915},"payload":{"target":{"tag":"button","id":null,"name":null,"type":null,"role":null,"ariaLabel":null,"testId":null,"dataLoc":null,"href":null,"text":"Sign Up","selectorHint":"button"},"x":352,"y":28}}
[2026-07-23T07:18:38.718Z] {"timestamp":1784791118071,"kind":"navigate","url":"http://localhost:3001/register","viewport":{"width":412,"height":915},"payload":{"reason":"pushState"}}
[2026-07-23T07:18:38.718Z] {"timestamp":1784791118089,"kind":"focusout","url":"http://localhost:3001/register","viewport":{"width":412,"height":915},"payload":{"target":{"tag":"button","id":null,"name":null,"type":null,"role":null,"ariaLabel":null,"testId":null,"dataLoc":null,"href":null,"text":"Sign Up","selectorHint":"button"},"value":null}}
[2026-07-23T07:18:40.719Z] {"timestamp":1784791120205,"kind":"scroll","url":"http://localhost:3001/register","viewport":{"width":412,"height":915},"payload":{"scrollX":0,"scrollY":22.399999618530273,"documentHeight":1092,"viewportHeight":915}}
[2026-07-23T07:18:42.769Z] {"timestamp":1784791120806,"kind":"scroll","url":"http://localhost:3001/register","viewport":{"width":412,"height":915},"payload":{"scrollX":0,"scrollY":113.5999984741211,"documentHeight":1092,"viewportHeight":915}}
[2026-07-23T07:18:42.769Z] {"timestamp":1784791122352,"kind":"focusin","url":"http://localhost:3001/register","viewport":{"width":412,"height":915},"payload":{"target":{"tag":"button","id":null,"name":null,"type":null,"role":null,"ariaLabel":null,"testId":null,"dataLoc":null,"href":null,"text":"Back to Home","selectorHint":"button"}}}
[2026-07-23T07:18:42.769Z] {"timestamp":1784791122352,"kind":"click","url":"http://localhost:3001/register","viewport":{"width":412,"height":915},"payload":{"target":{"tag":"path","id":null,"name":null,"type":null,"role":null,"ariaLabel":null,"testId":null,"dataLoc":null,"href":null,"text":"","selectorHint":"path"},"x":20,"y":30}}
[2026-07-23T07:18:42.769Z] {"timestamp":1784791122353,"kind":"navigate","url":"http://localhost:3001/","viewport":{"width":412,"height":915},"payload":{"reason":"pushState"}}
[2026-07-23T07:18:42.769Z] {"timestamp":1784791122397,"kind":"focusout","url":"http://localhost:3001/","viewport":{"width":412,"height":915},"payload":{"target":{"tag":"button","id":null,"name":null,"type":null,"role":null,"ariaLabel":null,"testId":null,"dataLoc":null,"href":null,"text":"Back to Home","selectorHint":"button"},"value":null}}
[2026-07-23T07:18:44.721Z] {"timestamp":1784791123505,"kind":"scroll","url":"http://localhost:3001/","viewport":{"width":412,"height":915},"payload":{"scrollX":0,"scrollY":10.399999618530273,"documentHeight":9027,"viewportHeight":915}}
[2026-07-23T07:18:44.721Z] {"timestamp":1784791124018,"kind":"scroll","url":"http://localhost:3001/","viewport":{"width":412,"height":915},"payload":{"scrollX":0,"scrollY":384,"documentHeight":9027,"viewportHeight":915}}
[2026-07-23T07:18:44.721Z] {"timestamp":1784791124535,"kind":"scroll","url":"http://localhost:3001/","viewport":{"width":412,"height":915},"payload":{"scrollX":0,"scrollY":540,"documentHeight":9027,"viewportHeight":915}}
[2026-07-23T07:18:46.720Z] {"timestamp":1784791126054,"kind":"scroll","url":"http://localhost:3001/","viewport":{"width":412,"height":915},"payload":{"scrollX":0,"scrollY":762.4000244140625,"documentHeight":9027,"viewportHeight":915}}
[2026-07-23T07:18:46.720Z] {"timestamp":1784791126601,"kind":"scroll","url":"http://localhost:3001/","viewport":{"width":412,"height":915},"payload":{"scrollX":0,"scrollY":2320,"documentHeight":9027,"viewportHeight":915}}
[2026-07-23T07:18:48.709Z] {"timestamp":1784791127103,"kind":"scroll","url":"http://localhost:3001/","viewport":{"width":412,"height":915},"payload":{"scrollX":0,"scrollY":4076.800048828125,"documentHeight":9027,"viewportHeight":915}}
[2026-07-23T07:18:48.709Z] {"timestamp":1784791127617,"kind":"scroll","url":"http://localhost:3001/","viewport":{"width":412,"height":915},"payload":{"scrollX":0,"scrollY":2804,"documentHeight":9027,"viewportHeight":915}}
[2026-07-23T07:18:48.709Z] {"timestamp":1784791128117,"kind":"scroll","url":"http://localhost:3001/","viewport":{"width":412,"height":915},"payload":{"scrollX":0,"scrollY":1236.800048828125,"documentHeight":9027,"viewportHeight":915}}
[2026-07-23T07:18:52.720Z] {"timestamp":1784791131169,"kind":"focusin","url":"http://localhost:3001/","viewport":{"width":412,"height":915},"payload":{"target":{"tag":"button","id":null,"name":null,"type":null,"role":null,"ariaLabel":null,"testId":null,"dataLoc":null,"href":null,"text":"Login","selectorHint":"button"}}}
[2026-07-23T07:18:52.720Z] {"timestamp":1784791131169,"kind":"click","url":"http://localhost:3001/","viewport":{"width":412,"height":915},"payload":{"target":{"tag":"button","id":null,"name":null,"type":null,"role":null,"ariaLabel":null,"testId":null,"dataLoc":null,"href":null,"text":"Login","selectorHint":"button"},"x":272,"y":35}}
[2026-07-23T07:18:52.720Z] {"timestamp":1784791131170,"kind":"navigate","url":"http://localhost:3001/login","viewport":{"width":412,"height":915},"payload":{"reason":"pushState"}}
[2026-07-23T07:18:52.720Z] {"timestamp":1784791131205,"kind":"focusout","url":"http://localhost:3001/login","viewport":{"width":412,"height":915},"payload":{"target":{"tag":"button","id":null,"name":null,"type":null,"role":null,"ariaLabel":null,"testId":null,"dataLoc":null,"href":null,"text":"Login","selectorHint":"button"},"value":null}}
[2026-07-23T07:18:54.722Z] {"timestamp":1784791132805,"kind":"focusin","url":"http://localhost:3001/login","viewport":{"width":412,"height":915},"payload":{"target":{"tag":"input","id":"email","name":null,"type":"email","role":null,"ariaLabel":null,"testId":null,"dataLoc":null,"href":null,"text":"","selectorHint":"#email"}}}
[2026-07-23T07:18:54.722Z] {"timestamp":1784791132807,"kind":"click","url":"http://localhost:3001/login","viewport":{"width":412,"height":915},"payload":{"target":{"tag":"input","id":"email","name":null,"type":"email","role":null,"ariaLabel":null,"testId":null,"dataLoc":null,"href":null,"text":"","selectorHint":"#email"},"x":132,"y":343}}
[2026-07-23T07:19:00.724Z] {"timestamp":1784791139580,"kind":"change","url":"http://localhost:3001/login","viewport":{"width":412,"height":915},"payload":{"target":{"tag":"input","id":"email","name":null,"type":"email","role":null,"ariaLabel":null,"testId":null,"dataLoc":null,"href":null,"text":"","selectorHint":"#email"},"value":"padma@gmail.com"}}
[2026-07-23T07:19:00.724Z] {"timestamp":1784791140638,"kind":"focusout","url":"http://localhost:3001/login","viewport":{"width":412,"height":915},"payload":{"target":{"tag":"input","id":"email","name":null,"type":"email","role":null,"ariaLabel":null,"testId":null,"dataLoc":null,"href":null,"text":"","selectorHint":"#email"},"value":"padma@gmail.com"}}
[2026-07-23T07:19:00.724Z] {"timestamp":1784791140638,"kind":"focusin","url":"http://localhost:3001/login","viewport":{"width":412,"height":915},"payload":{"target":{"tag":"input","id":"password","name":null,"type":"password","role":null,"ariaLabel":null,"testId":null,"dataLoc":null,"href":null,"text":"","selectorHint":"#password"}}}
[2026-07-23T07:19:00.724Z] {"timestamp":1784791140640,"kind":"click","url":"http://localhost:3001/login","viewport":{"width":412,"height":915},"payload":{"target":{"tag":"input","id":"password","name":null,"type":"password","role":null,"ariaLabel":null,"testId":null,"dataLoc":null,"href":null,"text":"","selectorHint":"#password"},"x":179,"y":428}}
[2026-07-23T07:19:06.721Z] {"timestamp":1784791144729,"kind":"change","url":"http://localhost:3001/login","viewport":{"width":412,"height":915},"payload":{"target":{"tag":"input","id":"password","name":null,"type":"password","role":null,"ariaLabel":null,"testId":null,"dataLoc":null,"href":null,"text":"","selectorHint":"#password"},"value":{"masked":true,"length":8}}}
[2026-07-23T07:19:06.721Z] {"timestamp":1784791144729,"kind":"focusout","url":"http://localhost:3001/login","viewport":{"width":412,"height":915},"payload":{"target":{"tag":"input","id":"password","name":null,"type":"password","role":null,"ariaLabel":null,"testId":null,"dataLoc":null,"href":null,"text":"","selectorHint":"#password"},"value":{"masked":true,"length":8}}}
[2026-07-23T07:19:06.721Z] {"timestamp":1784791144730,"kind":"focusin","url":"http://localhost:3001/login","viewport":{"width":412,"height":915},"payload":{"target":{"tag":"button","id":null,"name":null,"type":null,"role":null,"ariaLabel":null,"testId":null,"dataLoc":null,"href":null,"text":"Sign In","selectorHint":"button"}}}
[2026-07-23T07:19:06.721Z] {"timestamp":1784791144731,"kind":"click","url":"http://localhost:3001/login","viewport":{"width":412,"height":915},"payload":{"target":{"tag":"button","id":null,"name":null,"type":null,"role":null,"ariaLabel":null,"testId":null,"dataLoc":null,"href":null,"text":"Sign In","selectorHint":"button"},"x":160,"y":508}}
[2026-07-23T07:19:06.721Z] {"timestamp":1784791144734,"kind":"submit","url":"http://localhost:3001/login","viewport":{"width":412,"height":915},"payload":{"target":{"tag":"form","id":null,"name":null,"type":null,"role":null,"ariaLabel":null,"testId":null,"dataLoc":null,"href":null,"text":"Email Address Password Remember me Forgot password? Sign In","selectorHint":"form"}}}
[2026-07-23T07:19:06.721Z] {"timestamp":1784791146489,"kind":"focusout","url":"http://localhost:3001/login","viewport":{"width":412,"height":915},"payload":{"target":{"tag":"button","id":null,"name":null,"type":null,"role":null,"ariaLabel":null,"testId":null,"dataLoc":null,"href":null,"text":"Sign In","selectorHint":"button"},"value":null}}
[2026-07-23T07:19:06.721Z] {"timestamp":1784791146490,"kind":"focusin","url":"http://localhost:3001/login","viewport":{"width":412,"height":915},"payload":{"target":{"tag":"button","id":null,"name":null,"type":null,"role":null,"ariaLabel":null,"testId":null,"dataLoc":null,"href":null,"text":"Sign In","selectorHint":"button"}}}
[2026-07-23T07:19:08.724Z] {"timestamp":1784791148223,"kind":"focusout","url":"http://localhost:3001/login","viewport":{"width":412,"height":915},"payload":{"target":{"tag":"button","id":null,"name":null,"type":null,"role":null,"ariaLabel":null,"testId":null,"dataLoc":null,"href":null,"text":"Sign In","selectorHint":"button"},"value":null}}
[2026-07-23T07:19:08.724Z] {"timestamp":1784791148224,"kind":"focusin","url":"http://localhost:3001/login","viewport":{"width":412,"height":915},"payload":{"target":{"tag":"button","id":null,"name":null,"type":null,"role":null,"ariaLabel":null,"testId":null,"dataLoc":null,"href":null,"text":"","selectorHint":"button"}}}
[2026-07-23T07:19:08.724Z] {"timestamp":1784791148225,"kind":"click","url":"http://localhost:3001/login","viewport":{"width":412,"height":915},"payload":{"target":{"tag":"circle","id":null,"name":null,"type":null,"role":null,"ariaLabel":null,"testId":null,"dataLoc":null,"href":null,"text":"","selectorHint":"circle"},"x":341,"y":417}}
[2026-07-23T07:19:10.715Z] {"timestamp":1784791150054,"kind":"focusout","url":"http://localhost:3001/login","viewport":{"width":412,"height":915},"payload":{"target":{"tag":"button","id":null,"name":null,"type":null,"role":null,"ariaLabel":null,"testId":null,"dataLoc":null,"href":null,"text":"","selectorHint":"button"},"value":null}}
[2026-07-23T07:19:10.715Z] {"timestamp":1784791150055,"kind":"focusin","url":"http://localhost:3001/login","viewport":{"width":412,"height":915},"payload":{"target":{"tag":"input","id":"password","name":null,"type":"text","role":null,"ariaLabel":null,"testId":null,"dataLoc":null,"href":null,"text":"","selectorHint":"#password"}}}
[2026-07-23T07:19:10.715Z] {"timestamp":1784791150056,"kind":"click","url":"http://localhost:3001/login","viewport":{"width":412,"height":915},"payload":{"target":{"tag":"input","id":"password","name":null,"type":"text","role":null,"ariaLabel":null,"testId":null,"dataLoc":null,"href":null,"text":"","selectorHint":"#password"},"x":112,"y":425}}
[2026-07-23T07:19:14.709Z] {"timestamp":1784791153109,"kind":"change","url":"http://localhost:3001/login","viewport":{"width":412,"height":915},"payload":{"target":{"tag":"input","id":"password","name":null,"type":"text","role":null,"ariaLabel":null,"testId":null,"dataLoc":null,"href":null,"text":"","selectorHint":"#password"},"value":{"masked":true,"length":9}}}
[2026-07-23T07:19:14.709Z] {"timestamp":1784791153109,"kind":"focusout","url":"http://localhost:3001/login","viewport":{"width":412,"height":915},"payload":{"target":{"tag":"input","id":"password","name":null,"type":"text","role":null,"ariaLabel":null,"testId":null,"dataLoc":null,"href":null,"text":"","selectorHint":"#password"},"value":{"masked":true,"length":9}}}
[2026-07-23T07:19:14.709Z] {"timestamp":1784791153110,"kind":"focusin","url":"http://localhost:3001/login","viewport":{"width":412,"height":915},"payload":{"target":{"tag":"button","id":null,"name":null,"type":null,"role":null,"ariaLabel":null,"testId":null,"dataLoc":null,"href":null,"text":"Sign In","selectorHint":"button"}}}
[2026-07-23T07:19:14.709Z] {"timestamp":1784791153110,"kind":"click","url":"http://localhost:3001/login","viewport":{"width":412,"height":915},"payload":{"target":{"tag":"button","id":null,"name":null,"type":null,"role":null,"ariaLabel":null,"testId":null,"dataLoc":null,"href":null,"text":"Sign In","selectorHint":"button"},"x":202,"y":513}}
[2026-07-23T07:19:14.709Z] {"timestamp":1784791153111,"kind":"submit","url":"http://localhost:3001/login","viewport":{"width":412,"height":915},"payload":{"target":{"tag":"form","id":null,"name":null,"type":null,"role":null,"ariaLabel":null,"testId":null,"dataLoc":null,"href":null,"text":"Email Address Password Remember me Forgot password? Sign In","selectorHint":"form"}}}
[2026-07-23T07:19:14.709Z] {"timestamp":1784791153113,"kind":"navigate","url":"http://localhost:3001/user/dashboard","viewport":{"width":412,"height":915},"payload":{"reason":"pushState"}}
[2026-07-23T07:19:14.709Z] {"timestamp":1784791153156,"kind":"focusout","url":"http://localhost:3001/user/dashboard","viewport":{"width":412,"height":915},"payload":{"target":{"tag":"button","id":null,"name":null,"type":null,"role":null,"ariaLabel":null,"testId":null,"dataLoc":null,"href":null,"text":"Sign In","selectorHint":"button"},"value":null}}
[2026-07-23T07:19:20.722Z] {"timestamp":1784791160221,"kind":"scroll","url":"http://localhost:3001/user/dashboard","viewport":{"width":412,"height":915},"payload":{"scrollX":0,"scrollY":59.20000076293945,"documentHeight":2775,"viewportHeight":915}}
[2026-07-23T07:19:22.722Z] {"timestamp":1784791160721,"kind":"scroll","url":"http://localhost:3001/user/dashboard","viewport":{"width":412,"height":915},"payload":{"scrollX":0,"scrollY":1196,"documentHeight":2775,"viewportHeight":915}}
[2026-07-23T07:19:22.722Z] {"timestamp":1784791161505,"kind":"scroll","url":"http://localhost:3001/user/dashboard","viewport":{"width":412,"height":915},"payload":{"scrollX":0,"scrollY":1596,"documentHeight":2775,"viewportHeight":915}}
[2026-07-23T07:19:22.722Z] {"timestamp":1784791162668,"kind":"scroll","url":"http://localhost:3001/user/dashboard","viewport":{"width":412,"height":915},"payload":{"scrollX":0,"scrollY":1844.800048828125,"documentHeight":2775,"viewportHeight":915}}
[2026-07-23T07:19:24.708Z] {"timestamp":1784791163168,"kind":"scroll","url":"http://localhost:3001/user/dashboard","viewport":{"width":412,"height":915},"payload":{"scrollX":0,"scrollY":696,"documentHeight":2775,"viewportHeight":915}}
[2026-07-23T07:19:28.728Z] {"timestamp":1784791167840,"kind":"scroll","url":"http://localhost:3001/user/dashboard","viewport":{"width":412,"height":915},"payload":{"scrollX":0,"scrollY":50.400001525878906,"documentHeight":2775,"viewportHeight":915}}
[2026-07-23T07:19:28.728Z] {"timestamp":1784791168350,"kind":"scroll","url":"http://localhost:3001/user/dashboard","viewport":{"width":412,"height":915},"payload":{"scrollX":0,"scrollY":1379.199951171875,"documentHeight":2775,"viewportHeight":915}}
[2026-07-23T07:19:30.716Z] {"timestamp":1784791170151,"kind":"scroll","url":"http://localhost:3001/user/dashboard","viewport":{"width":412,"height":915},"payload":{"scrollX":0,"scrollY":1852,"documentHeight":2775,"viewportHeight":915}}
[2026-07-23T07:19:30.716Z] {"timestamp":1784791170651,"kind":"scroll","url":"http://localhost:3001/user/dashboard","viewport":{"width":412,"height":915},"payload":{"scrollX":0,"scrollY":1552.800048828125,"documentHeight":2775,"viewportHeight":915}}
[2026-07-23T07:19:32.710Z] {"timestamp":1784791171153,"kind":"scroll","url":"http://localhost:3001/user/dashboard","viewport":{"width":412,"height":915},"payload":{"scrollX":0,"scrollY":1094.4000244140625,"documentHeight":2775,"viewportHeight":915}}
[2026-07-23T07:19:32.710Z] {"timestamp":1784791171667,"kind":"scroll","url":"http://localhost:3001/user/dashboard","viewport":{"width":412,"height":915},"payload":{"scrollX":0,"scrollY":684.7999877929688,"documentHeight":2775,"viewportHeight":915}}
[2026-07-23T07:19:32.710Z] {"timestamp":1784791172169,"kind":"scroll","url":"http://localhost:3001/user/dashboard","viewport":{"width":412,"height":915},"payload":{"scrollX":0,"scrollY":282.3999938964844,"documentHeight":2775,"viewportHeight":915}}
[2026-07-23T07:19:32.710Z] {"timestamp":1784791172685,"kind":"scroll","url":"http://localhost:3001/user/dashboard","viewport":{"width":412,"height":915},"payload":{"scrollX":0,"scrollY":140.8000030517578,"documentHeight":2775,"viewportHeight":915}}
[2026-07-23T07:19:34.718Z] {"timestamp":1784791173186,"kind":"scroll","url":"http://localhost:3001/user/dashboard","viewport":{"width":412,"height":915},"payload":{"scrollX":0,"scrollY":1210.4000244140625,"documentHeight":2775,"viewportHeight":915}}
[2026-07-23T07:19:34.718Z] {"timestamp":1784791173733,"kind":"scroll","url":"http://localhost:3001/user/dashboard","viewport":{"width":412,"height":915},"payload":{"scrollX":0,"scrollY":1848,"documentHeight":2775,"viewportHeight":915}}
[2026-07-23T07:19:36.719Z] {"timestamp":1784791174855,"kind":"scroll","url":"http://localhost:3001/user/dashboard","viewport":{"width":412,"height":915},"payload":{"scrollX":0,"scrollY":1859.199951171875,"documentHeight":2775,"viewportHeight":915}}
[2026-07-23T07:19:36.719Z] {"timestamp":1784791175700,"kind":"scroll","url":"http://localhost:3001/user/dashboard","viewport":{"width":412,"height":915},"payload":{"scrollX":0,"scrollY":1832,"documentHeight":2775,"viewportHeight":915}}
[2026-07-23T07:19:36.719Z] {"timestamp":1784791176201,"kind":"scroll","url":"http://localhost:3001/user/dashboard","viewport":{"width":412,"height":915},"payload":{"scrollX":0,"scrollY":146.39999389648438,"documentHeight":2775,"viewportHeight":915}}
[2026-07-23T07:19:38.722Z] {"timestamp":1784791176839,"kind":"scroll","url":"http://localhost:3001/user/dashboard","viewport":{"width":412,"height":915},"payload":{"scrollX":0,"scrollY":155.1999969482422,"documentHeight":2775,"viewportHeight":915}}
[2026-07-23T07:19:38.722Z] {"timestamp":1784791177350,"kind":"scroll","url":"http://localhost:3001/user/dashboard","viewport":{"width":412,"height":915},"payload":{"scrollX":0,"scrollY":1088,"documentHeight":2775,"viewportHeight":915}}
[2026-07-23T07:19:38.722Z] {"timestamp":1784791177851,"kind":"scroll","url":"http://localhost:3001/user/dashboard","viewport":{"width":412,"height":915},"payload":{"scrollX":0,"scrollY":1580.800048828125,"documentHeight":2775,"viewportHeight":915}}
[2026-07-23T07:19:40.719Z] {"timestamp":1784791179273,"kind":"scroll","url":"http://localhost:3001/user/dashboard","viewport":{"width":412,"height":915},"payload":{"scrollX":0,"scrollY":1847.199951171875,"documentHeight":2775,"viewportHeight":915}}
[2026-07-23T07:19:40.719Z] {"timestamp":1784791179784,"kind":"scroll","url":"http://localhost:3001/user/dashboard","viewport":{"width":412,"height":915},"payload":{"scrollX":0,"scrollY":1812.800048828125,"documentHeight":2775,"viewportHeight":915}}
[2026-07-23T07:19:40.719Z] {"timestamp":1784791180467,"kind":"scroll","url":"http://localhost:3001/user/dashboard","viewport":{"width":412,"height":915},"payload":{"scrollX":0,"scrollY":1859.199951171875,"documentHeight":2775,"viewportHeight":915}}
[2026-07-23T07:19:42.716Z] {"timestamp":1784791181002,"kind":"scroll","url":"http://localhost:3001/user/dashboard","viewport":{"width":412,"height":915},"payload":{"scrollX":0,"scrollY":1766.4000244140625,"documentHeight":2775,"viewportHeight":915}}
[2026-07-23T07:19:42.716Z] {"timestamp":1784791182238,"kind":"focusin","url":"http://localhost:3001/user/dashboard","viewport":{"width":412,"height":915},"payload":{"target":{"tag":"button","id":null,"name":null,"type":null,"role":null,"ariaLabel":null,"testId":null,"dataLoc":null,"href":null,"text":"View All","selectorHint":"button"}}}
[2026-07-23T07:19:42.716Z] {"timestamp":1784791182238,"kind":"click","url":"http://localhost:3001/user/dashboard","viewport":{"width":412,"height":915},"payload":{"target":{"tag":"button","id":null,"name":null,"type":null,"role":null,"ariaLabel":null,"testId":null,"dataLoc":null,"href":null,"text":"View All","selectorHint":"button"},"x":354,"y":220}}
[2026-07-23T07:19:42.716Z] {"timestamp":1784791182239,"kind":"navigate","url":"http://localhost:3001/user/applications","viewport":{"width":412,"height":915},"payload":{"reason":"pushState"}}
[2026-07-23T07:19:42.716Z] {"timestamp":1784791182279,"kind":"focusout","url":"http://localhost:3001/user/applications","viewport":{"width":412,"height":915},"payload":{"target":{"tag":"button","id":null,"name":null,"type":null,"role":null,"ariaLabel":null,"testId":null,"dataLoc":null,"href":null,"text":"View All","selectorHint":"button"},"value":null}}
[2026-07-23T07:19:42.716Z] {"timestamp":1784791182329,"kind":"scroll","url":"http://localhost:3001/user/applications","viewport":{"width":412,"height":915},"payload":{"scrollX":0,"scrollY":363.20001220703125,"documentHeight":1278,"viewportHeight":915}}
[2026-07-23T07:19:44.718Z] {"timestamp":1784791183322,"kind":"scroll","url":"http://localhost:3001/user/applications","viewport":{"width":412,"height":915},"payload":{"scrollX":0,"scrollY":345.6000061035156,"documentHeight":1278,"viewportHeight":915}}
[2026-07-23T07:19:44.718Z] {"timestamp":1784791183968,"kind":"scroll","url":"http://localhost:3001/user/applications","viewport":{"width":412,"height":915},"payload":{"scrollX":0,"scrollY":68,"documentHeight":1278,"viewportHeight":915}}
[2026-07-23T07:19:46.712Z] {"timestamp":1784791185788,"kind":"focusin","url":"http://localhost:3001/user/applications","viewport":{"width":412,"height":915},"payload":{"target":{"tag":"button","id":null,"name":null,"type":null,"role":null,"ariaLabel":null,"testId":null,"dataLoc":null,"href":null,"text":"Back to Dashboard","selectorHint":"button"}}}
[2026-07-23T07:19:46.712Z] {"timestamp":1784791185788,"kind":"click","url":"http://localhost:3001/user/applications","viewport":{"width":412,"height":915},"payload":{"target":{"tag":"path","id":null,"name":null,"type":null,"role":null,"ariaLabel":null,"testId":null,"dataLoc":null,"href":null,"text":"","selectorHint":"path"},"x":21,"y":30}}
[2026-07-23T07:19:46.712Z] {"timestamp":1784791185789,"kind":"navigate","url":"http://localhost:3001/user/dashboard","viewport":{"width":412,"height":915},"payload":{"reason":"pushState"}}
[2026-07-23T07:19:46.712Z] {"timestamp":1784791185809,"kind":"focusout","url":"http://localhost:3001/user/dashboard","viewport":{"width":412,"height":915},"payload":{"target":{"tag":"button","id":null,"name":null,"type":null,"role":null,"ariaLabel":null,"testId":null,"dataLoc":null,"href":null,"text":"Back to Dashboard","selectorHint":"button"},"value":null}}
[2026-07-23T07:21:58.276Z] {"timestamp":1784791316269,"kind":"scroll","url":"http://localhost:3000/recruiter/post-job","viewport":{"width":1536,"height":730},"payload":{"scrollX":0,"scrollY":146.39999389648438,"documentHeight":2372,"viewportHeight":730}}
[2026-07-23T07:21:58.276Z] {"timestamp":1784791316770,"kind":"scroll","url":"http://localhost:3000/recruiter/post-job","viewport":{"width":1536,"height":730},"payload":{"scrollX":0,"scrollY":1122.4000244140625,"documentHeight":2372,"viewportHeight":730}}
[2026-07-23T07:21:58.276Z] {"timestamp":1784791317458,"kind":"scroll","url":"http://localhost:3000/recruiter/post-job","viewport":{"width":1536,"height":730},"payload":{"scrollX":0,"scrollY":1192,"documentHeight":2372,"viewportHeight":730}}
[2026-07-23T07:22:00.275Z] {"timestamp":1784791318354,"kind":"scroll","url":"http://localhost:3000/recruiter/post-job","viewport":{"width":1536,"height":730},"payload":{"scrollX":0,"scrollY":1611.199951171875,"documentHeight":2372,"viewportHeight":730}}
[2026-07-23T07:22:00.275Z] {"timestamp":1784791319070,"kind":"scroll","url":"http://localhost:3000/recruiter/post-job","viewport":{"width":1536,"height":730},"payload":{"scrollX":0,"scrollY":1431.199951171875,"documentHeight":2372,"viewportHeight":730}}
[2026-07-23T07:22:00.275Z] {"timestamp":1784791319603,"kind":"scroll","url":"http://localhost:3000/recruiter/post-job","viewport":{"width":1536,"height":730},"payload":{"scrollX":0,"scrollY":1596.800048828125,"documentHeight":2372,"viewportHeight":730}}
[2026-07-23T07:22:00.275Z] {"timestamp":1784791320120,"kind":"scroll","url":"http://localhost:3000/recruiter/post-job","viewport":{"width":1536,"height":730},"payload":{"scrollX":0,"scrollY":955.2000122070312,"documentHeight":2372,"viewportHeight":730}}
[2026-07-23T07:22:02.258Z] {"timestamp":1784791320636,"kind":"scroll","url":"http://localhost:3000/recruiter/post-job","viewport":{"width":1536,"height":730},"payload":{"scrollX":0,"scrollY":266.3999938964844,"documentHeight":2372,"viewportHeight":730}}
[2026-07-23T07:22:02.258Z] {"timestamp":1784791321602,"kind":"scroll","url":"http://localhost:3000/recruiter/post-job","viewport":{"width":1536,"height":730},"payload":{"scrollX":0,"scrollY":24,"documentHeight":2372,"viewportHeight":730}}
[2026-07-23T07:22:02.258Z] {"timestamp":1784791322102,"kind":"scroll","url":"http://localhost:3000/recruiter/post-job","viewport":{"width":1536,"height":730},"payload":{"scrollX":0,"scrollY":499.20001220703125,"documentHeight":2372,"viewportHeight":730}}
[2026-07-23T07:22:04.273Z] {"timestamp":1784791322603,"kind":"scroll","url":"http://localhost:3000/recruiter/post-job","viewport":{"width":1536,"height":730},"payload":{"scrollX":0,"scrollY":836.7999877929688,"documentHeight":2372,"viewportHeight":730}}
[2026-07-23T07:22:04.273Z] {"timestamp":1784791323103,"kind":"scroll","url":"http://localhost:3000/recruiter/post-job","viewport":{"width":1536,"height":730},"payload":{"scrollX":0,"scrollY":1212,"documentHeight":2372,"viewportHeight":730}}
[2026-07-23T07:22:08.720Z] {"timestamp":1784791327240,"kind":"scroll","url":"http://localhost:3001/user/dashboard","viewport":{"width":412,"height":915},"payload":{"scrollX":0,"scrollY":392,"documentHeight":2775,"viewportHeight":915}}
[2026-07-23T07:22:08.720Z] {"timestamp":1784791327752,"kind":"scroll","url":"http://localhost:3001/user/dashboard","viewport":{"width":412,"height":915},"payload":{"scrollX":0,"scrollY":1671.199951171875,"documentHeight":2775,"viewportHeight":915}}
[2026-07-23T07:22:10.724Z] {"timestamp":1784791330309,"kind":"scroll","url":"http://localhost:3001/user/dashboard","viewport":{"width":412,"height":915},"payload":{"scrollX":0,"scrollY":1856,"documentHeight":2775,"viewportHeight":915}}
[2026-07-23T07:22:12.712Z] {"timestamp":1784791330839,"kind":"scroll","url":"http://localhost:3001/user/dashboard","viewport":{"width":412,"height":915},"payload":{"scrollX":0,"scrollY":1444,"documentHeight":2775,"viewportHeight":915}}
[2026-07-23T07:22:12.712Z] {"timestamp":1784791331420,"kind":"scroll","url":"http://localhost:3001/user/dashboard","viewport":{"width":412,"height":915},"payload":{"scrollX":0,"scrollY":1416.800048828125,"documentHeight":2775,"viewportHeight":915}}
[2026-07-23T07:22:12.712Z] {"timestamp":1784791331920,"kind":"scroll","url":"http://localhost:3001/user/dashboard","viewport":{"width":412,"height":915},"payload":{"scrollX":0,"scrollY":658.4000244140625,"documentHeight":2775,"viewportHeight":915}}
[2026-07-23T07:22:14.976Z] {"timestamp":1784791333137,"kind":"scroll","url":"http://localhost:3001/user/dashboard","viewport":{"width":412,"height":915},"payload":{"scrollX":0,"scrollY":0.800000011920929,"documentHeight":2775,"viewportHeight":915}}
[2026-07-23T07:22:14.976Z] {"timestamp":1784791334021,"kind":"focusin","url":"http://localhost:3001/user/dashboard","viewport":{"width":412,"height":915},"payload":{"target":{"tag":"button","id":null,"name":null,"type":null,"role":null,"ariaLabel":null,"testId":null,"dataLoc":null,"href":null,"text":"Browse Jobs","selectorHint":"button"}}}
[2026-07-23T07:22:14.976Z] {"timestamp":1784791334021,"kind":"click","url":"http://localhost:3001/user/dashboard","viewport":{"width":412,"height":915},"payload":{"target":{"tag":"button","id":null,"name":null,"type":null,"role":null,"ariaLabel":null,"testId":null,"dataLoc":null,"href":null,"text":"Browse Jobs","selectorHint":"button"},"x":282,"y":46}}
[2026-07-23T07:22:14.976Z] {"timestamp":1784791334022,"kind":"navigate","url":"http://localhost:3001/user/browse-jobs","viewport":{"width":412,"height":915},"payload":{"reason":"pushState"}}
[2026-07-23T07:22:14.976Z] {"timestamp":1784791334057,"kind":"focusout","url":"http://localhost:3001/user/browse-jobs","viewport":{"width":412,"height":915},"payload":{"target":{"tag":"button","id":null,"name":null,"type":null,"role":null,"ariaLabel":null,"testId":null,"dataLoc":null,"href":null,"text":"Browse Jobs","selectorHint":"button"},"value":null}}
[2026-07-23T07:22:16.721Z] {"timestamp":1784791334995,"kind":"scroll","url":"http://localhost:3001/user/browse-jobs","viewport":{"width":412,"height":915},"payload":{"scrollX":0,"scrollY":20.799999237060547,"documentHeight":1674,"viewportHeight":915}}
[2026-07-23T07:22:16.721Z] {"timestamp":1784791335504,"kind":"scroll","url":"http://localhost:3001/user/browse-jobs","viewport":{"width":412,"height":915},"payload":{"scrollX":0,"scrollY":580.7999877929688,"documentHeight":1674,"viewportHeight":915}}
[2026-07-23T07:22:18.723Z] {"timestamp":1784791337524,"kind":"scroll","url":"http://localhost:3001/user/browse-jobs","viewport":{"width":412,"height":915},"payload":{"scrollX":0,"scrollY":754.4000244140625,"documentHeight":1674,"viewportHeight":915}}
[2026-07-23T07:22:20.722Z] {"timestamp":1784791338986,"kind":"scroll","url":"http://localhost:3001/user/browse-jobs","viewport":{"width":412,"height":915},"payload":{"scrollX":0,"scrollY":131.1999969482422,"documentHeight":1674,"viewportHeight":915}}
[2026-07-23T07:22:22.713Z] {"timestamp":1784791340921,"kind":"focusin","url":"http://localhost:3001/user/browse-jobs","viewport":{"width":412,"height":915},"payload":{"target":{"tag":"button","id":null,"name":null,"type":null,"role":null,"ariaLabel":null,"testId":null,"dataLoc":null,"href":null,"text":"View Details","selectorHint":"button"}}}
[2026-07-23T07:22:22.713Z] {"timestamp":1784791340922,"kind":"click","url":"http://localhost:3001/user/browse-jobs","viewport":{"width":412,"height":915},"payload":{"target":{"tag":"button","id":null,"name":null,"type":null,"role":null,"ariaLabel":null,"testId":null,"dataLoc":null,"href":null,"text":"View Details","selectorHint":"button"},"x":96,"y":420}}
[2026-07-23T07:22:22.713Z] {"timestamp":1784791340923,"kind":"navigate","url":"http://localhost:3001/user/job/1784788464043","viewport":{"width":412,"height":915},"payload":{"reason":"pushState"}}
[2026-07-23T07:22:22.713Z] {"timestamp":1784791340940,"kind":"focusout","url":"http://localhost:3001/user/job/1784788464043","viewport":{"width":412,"height":915},"payload":{"target":{"tag":"button","id":null,"name":null,"type":null,"role":null,"ariaLabel":null,"testId":null,"dataLoc":null,"href":null,"text":"View Details","selectorHint":"button"},"value":null}}
[2026-07-23T07:22:22.713Z] {"timestamp":1784791341873,"kind":"scroll","url":"http://localhost:3001/user/job/1784788464043","viewport":{"width":412,"height":915},"payload":{"scrollX":0,"scrollY":756.7999877929688,"documentHeight":2246,"viewportHeight":915}}
[2026-07-23T07:22:22.713Z] {"timestamp":1784791342689,"kind":"scroll","url":"http://localhost:3001/user/job/1784788464043","viewport":{"width":412,"height":915},"payload":{"scrollX":0,"scrollY":34.400001525878906,"documentHeight":2246,"viewportHeight":915}}
[2026-07-23T07:22:24.825Z] {"timestamp":1784791343207,"kind":"scroll","url":"http://localhost:3001/user/job/1784788464043","viewport":{"width":412,"height":915},"payload":{"scrollX":0,"scrollY":456,"documentHeight":2246,"viewportHeight":915}}
[2026-07-23T08:28:15.900Z] {"timestamp":1784795291685,"kind":"click","url":"http://localhost:3001/user/job/1784788464043","viewport":{"width":412,"height":915},"payload":{"target":{"tag":"div","id":null,"name":null,"type":null,"role":null,"ariaLabel":null,"testId":null,"dataLoc":null,"href":null,"text":"T web developer tech mahindra Full-Time banglore 1 year Salary 18lpa Location ba…","selectorHint":"div"},"x":56,"y":76}}
[2026-07-23T09:16:47.007Z] {"timestamp":1784798206652,"kind":"scroll","url":"http://localhost:3001/user/job/1784788464043","viewport":{"width":412,"height":915},"payload":{"scrollX":0,"scrollY":19.200000762939453,"documentHeight":2246,"viewportHeight":915}}
[2026-07-23T09:16:48.935Z] {"timestamp":1784798207461,"kind":"scroll","url":"http://localhost:3001/user/job/1784788464043","viewport":{"width":412,"height":915},"payload":{"scrollX":0,"scrollY":266.3999938964844,"documentHeight":2246,"viewportHeight":915}}
[2026-07-23T09:16:48.935Z] {"timestamp":1784798207996,"kind":"scroll","url":"http://localhost:3001/user/job/1784788464043","viewport":{"width":412,"height":915},"payload":{"scrollX":0,"scrollY":1230.4000244140625,"documentHeight":2246,"viewportHeight":915}}
[2026-07-23T09:16:50.972Z] {"timestamp":1784798209664,"kind":"scroll","url":"http://localhost:3001/user/job/1784788464043","viewport":{"width":412,"height":915},"payload":{"scrollX":0,"scrollY":1043.199951171875,"documentHeight":2246,"viewportHeight":915}}
[2026-07-23T09:16:50.972Z] {"timestamp":1784798210186,"kind":"scroll","url":"http://localhost:3001/user/job/1784788464043","viewport":{"width":412,"height":915},"payload":{"scrollX":0,"scrollY":612,"documentHeight":2246,"viewportHeight":915}}
[2026-07-23T09:16:54.966Z] {"timestamp":1784798213129,"kind":"focusin","url":"http://localhost:3001/user/job/1784788464043","viewport":{"width":412,"height":915},"payload":{"target":{"tag":"button","id":null,"name":null,"type":null,"role":null,"ariaLabel":null,"testId":null,"dataLoc":null,"href":null,"text":"","selectorHint":"button"}}}
[2026-07-23T09:16:54.966Z] {"timestamp":1784798213130,"kind":"click","url":"http://localhost:3001/user/job/1784788464043","viewport":{"width":412,"height":915},"payload":{"target":{"tag":"svg","id":null,"name":null,"type":null,"role":null,"ariaLabel":null,"testId":null,"dataLoc":null,"href":null,"text":"","selectorHint":"svg"},"x":355,"y":144}}
[2026-07-23T09:16:56.931Z] {"timestamp":1784798215047,"kind":"scroll","url":"http://localhost:3001/user/job/1784788464043","viewport":{"width":412,"height":915},"payload":{"scrollX":0,"scrollY":11.199999809265137,"documentHeight":2246,"viewportHeight":915}}
[2026-07-23T09:16:56.932Z] {"timestamp":1784798215579,"kind":"scroll","url":"http://localhost:3001/user/job/1784788464043","viewport":{"width":412,"height":915},"payload":{"scrollX":0,"scrollY":548.7999877929688,"documentHeight":2246,"viewportHeight":915}}
[2026-07-23T09:16:58.933Z] {"timestamp":1784798217701,"kind":"focusout","url":"http://localhost:3001/user/job/1784788464043","viewport":{"width":412,"height":915},"payload":{"target":{"tag":"button","id":null,"name":null,"type":null,"role":null,"ariaLabel":null,"testId":null,"dataLoc":null,"href":null,"text":"","selectorHint":"button"},"value":null}}
[2026-07-23T09:16:58.933Z] {"timestamp":1784798217702,"kind":"focusin","url":"http://localhost:3001/user/job/1784788464043","viewport":{"width":412,"height":915},"payload":{"target":{"tag":"button","id":null,"name":null,"type":null,"role":null,"ariaLabel":null,"testId":null,"dataLoc":null,"href":null,"text":"Apply Now","selectorHint":"button"}}}
[2026-07-23T09:16:58.933Z] {"timestamp":1784798217703,"kind":"click","url":"http://localhost:3001/user/job/1784788464043","viewport":{"width":412,"height":915},"payload":{"target":{"tag":"button","id":null,"name":null,"type":null,"role":null,"ariaLabel":null,"testId":null,"dataLoc":null,"href":null,"text":"Apply Now","selectorHint":"button"},"x":277,"y":235}}
[2026-07-23T09:16:58.933Z] {"timestamp":1784798217711,"kind":"navigate","url":"http://localhost:3001/user/apply/1784788464043","viewport":{"width":412,"height":915},"payload":{"reason":"pushState"}}
[2026-07-23T09:16:58.933Z] {"timestamp":1784798217755,"kind":"focusout","url":"http://localhost:3001/user/apply/1784788464043","viewport":{"width":412,"height":915},"payload":{"target":{"tag":"button","id":null,"name":null,"type":null,"role":null,"ariaLabel":null,"testId":null,"dataLoc":null,"href":null,"text":"Apply Now","selectorHint":"button"},"value":null}}
[2026-07-23T09:16:58.933Z] {"timestamp":1784798217777,"kind":"scroll","url":"http://localhost:3001/user/apply/1784788464043","viewport":{"width":412,"height":915},"payload":{"scrollX":0,"scrollY":353.6000061035156,"documentHeight":1269,"viewportHeight":915}}
[2026-07-23T09:17:01.031Z] {"timestamp":1784798220662,"kind":"scroll","url":"http://localhost:3001/user/apply/1784788464043","viewport":{"width":412,"height":915},"payload":{"scrollX":0,"scrollY":252.8000030517578,"documentHeight":1269,"viewportHeight":915}}
[2026-07-23T09:17:03.000Z] {"timestamp":1784798222830,"kind":"focusin","url":"http://localhost:3001/user/apply/1784788464043","viewport":{"width":412,"height":915},"payload":{"target":{"tag":"input","id":"phone","name":"phone","type":"tel","role":null,"ariaLabel":null,"testId":null,"dataLoc":null,"href":null,"text":"","selectorHint":"#phone"}}}
[2026-07-23T09:17:03.000Z] {"timestamp":1784798222845,"kind":"click","url":"http://localhost:3001/user/apply/1784788464043","viewport":{"width":412,"height":915},"payload":{"target":{"tag":"input","id":"phone","name":"phone","type":"tel","role":null,"ariaLabel":null,"testId":null,"dataLoc":null,"href":null,"text":"","selectorHint":"#phone"},"x":192,"y":403}}
[2026-07-23T09:17:10.177Z] {"timestamp":1784798227236,"kind":"change","url":"http://localhost:3001/user/apply/1784788464043","viewport":{"width":412,"height":915},"payload":{"target":{"tag":"input","id":"phone","name":"phone","type":"tel","role":null,"ariaLabel":null,"testId":null,"dataLoc":null,"href":null,"text":"","selectorHint":"#phone"},"value":"0987654321"}}
[2026-07-23T09:17:10.177Z] {"timestamp":1784798227236,"kind":"focusout","url":"http://localhost:3001/user/apply/1784788464043","viewport":{"width":412,"height":915},"payload":{"target":{"tag":"input","id":"phone","name":"phone","type":"tel","role":null,"ariaLabel":null,"testId":null,"dataLoc":null,"href":null,"text":"","selectorHint":"#phone"},"value":"0987654321"}}
[2026-07-23T09:17:10.177Z] {"timestamp":1784798227241,"kind":"click","url":"http://localhost:3001/user/apply/1784788464043","viewport":{"width":412,"height":915},"payload":{"target":{"tag":"div","id":null,"name":null,"type":null,"role":null,"ariaLabel":null,"testId":null,"dataLoc":null,"href":null,"text":"Click to upload or drag and drop PDF, DOC, or DOCX (Max 5MB)","selectorHint":"div"},"x":218,"y":552}}
[2026-07-23T09:17:10.177Z] {"timestamp":1784798227241,"kind":"click","url":"http://localhost:3001/user/apply/1784788464043","viewport":{"width":412,"height":915},"payload":{"target":{"tag":"input","id":"resume","name":null,"type":"file","role":null,"ariaLabel":null,"testId":null,"dataLoc":null,"href":null,"text":"","selectorHint":"#resume"},"x":218,"y":552}}
[2026-07-23T09:17:56.935Z] {"timestamp":1784798276121,"kind":"change","url":"http://localhost:3001/user/apply/1784788464043","viewport":{"width":412,"height":915},"payload":{"target":{"tag":"input","id":"resume","name":null,"type":"file","role":null,"ariaLabel":null,"testId":null,"dataLoc":null,"href":null,"text":"","selectorHint":"#resume"},"value":"C:\\fakepath\\N.Manvitha(SVIST) (1).pdf"}}
[2026-07-23T09:18:02.934Z] {"timestamp":1784798282630,"kind":"scroll","url":"http://localhost:3001/user/apply/1784788464043","viewport":{"width":412,"height":915},"payload":{"scrollX":0,"scrollY":16,"documentHeight":1269,"viewportHeight":915}}
[2026-07-23T09:18:04.945Z] {"timestamp":1784798284146,"kind":"focusin","url":"http://localhost:3001/user/apply/1784788464043","viewport":{"width":412,"height":915},"payload":{"target":{"tag":"textarea","id":"coverLetter","name":"coverLetter","type":null,"role":null,"ariaLabel":null,"testId":null,"dataLoc":null,"href":null,"text":"","selectorHint":"#coverLetter"}}}
[2026-07-23T09:18:04.945Z] {"timestamp":1784798284148,"kind":"click","url":"http://localhost:3001/user/apply/1784788464043","viewport":{"width":412,"height":915},"payload":{"target":{"tag":"textarea","id":"coverLetter","name":"coverLetter","type":null,"role":null,"ariaLabel":null,"testId":null,"dataLoc":null,"href":null,"text":"","selectorHint":"#coverLetter"},"x":203,"y":596}}
[2026-07-23T09:18:10.938Z] {"timestamp":1784798289912,"kind":"change","url":"http://localhost:3001/user/apply/1784788464043","viewport":{"width":412,"height":915},"payload":{"target":{"tag":"textarea","id":"coverLetter","name":"coverLetter","type":null,"role":null,"ariaLabel":null,"testId":null,"dataLoc":null,"href":null,"text":"wqertyuiopasdfghjkl","selectorHint":"#coverLetter"},"value":"wqertyuiopasdfghjkl"}}
[2026-07-23T09:18:10.938Z] {"timestamp":1784798289912,"kind":"focusout","url":"http://localhost:3001/user/apply/1784788464043","viewport":{"width":412,"height":915},"payload":{"target":{"tag":"textarea","id":"coverLetter","name":"coverLetter","type":null,"role":null,"ariaLabel":null,"testId":null,"dataLoc":null,"href":null,"text":"wqertyuiopasdfghjkl","selectorHint":"#coverLetter"},"value":"wqertyuiopasdfghjkl"}}
[2026-07-23T09:18:10.938Z] {"timestamp":1784798289913,"kind":"focusin","url":"http://localhost:3001/user/apply/1784788464043","viewport":{"width":412,"height":915},"payload":{"target":{"tag":"input","id":"portfolioLink","name":"portfolioLink","type":"url","role":null,"ariaLabel":null,"testId":null,"dataLoc":null,"href":null,"text":"","selectorHint":"#portfolioLink"}}}
[2026-07-23T09:18:10.938Z] {"timestamp":1784798289915,"kind":"click","url":"http://localhost:3001/user/apply/1784788464043","viewport":{"width":412,"height":915},"payload":{"target":{"tag":"input","id":"portfolioLink","name":"portfolioLink","type":"url","role":null,"ariaLabel":null,"testId":null,"dataLoc":null,"href":null,"text":"","selectorHint":"#portfolioLink"},"x":194,"y":692}}
[2026-07-23T09:18:24.965Z] {"timestamp":1784798303157,"kind":"change","url":"http://localhost:3001/user/apply/1784788464043","viewport":{"width":412,"height":915},"payload":{"target":{"tag":"input","id":"portfolioLink","name":"portfolioLink","type":"url","role":null,"ariaLabel":null,"testId":null,"dataLoc":null,"href":null,"text":"","selectorHint":"#portfolioLink"},"value":"https://jobportal.com"}}
[2026-07-23T09:18:24.965Z] {"timestamp":1784798303157,"kind":"focusout","url":"http://localhost:3001/user/apply/1784788464043","viewport":{"width":412,"height":915},"payload":{"target":{"tag":"input","id":"portfolioLink","name":"portfolioLink","type":"url","role":null,"ariaLabel":null,"testId":null,"dataLoc":null,"href":null,"text":"","selectorHint":"#portfolioLink"},"value":"https://jobportal.com"}}
[2026-07-23T09:18:24.965Z] {"timestamp":1784798303158,"kind":"focusin","url":"http://localhost:3001/user/apply/1784788464043","viewport":{"width":412,"height":915},"payload":{"target":{"tag":"textarea","id":"additionalNotes","name":"additionalNotes","type":null,"role":null,"ariaLabel":null,"testId":null,"dataLoc":null,"href":null,"text":"","selectorHint":"#additionalNotes"}}}
[2026-07-23T09:18:24.965Z] {"timestamp":1784798303160,"kind":"click","url":"http://localhost:3001/user/apply/1784788464043","viewport":{"width":412,"height":915},"payload":{"target":{"tag":"textarea","id":"additionalNotes","name":"additionalNotes","type":null,"role":null,"ariaLabel":null,"testId":null,"dataLoc":null,"href":null,"text":"","selectorHint":"#additionalNotes"},"x":188,"y":800}}
[2026-07-23T09:18:28.128Z] {"timestamp":1784798305642,"kind":"change","url":"http://localhost:3001/user/apply/1784788464043","viewport":{"width":412,"height":915},"payload":{"target":{"tag":"textarea","id":"additionalNotes","name":"additionalNotes","type":null,"role":null,"ariaLabel":null,"testId":null,"dataLoc":null,"href":null,"text":"dfghjkl;'","selectorHint":"#additionalNotes"},"value":"dfghjkl;'"}}
[2026-07-23T09:18:28.128Z] {"timestamp":1784798305642,"kind":"focusout","url":"http://localhost:3001/user/apply/1784788464043","viewport":{"width":412,"height":915},"payload":{"target":{"tag":"textarea","id":"additionalNotes","name":"additionalNotes","type":null,"role":null,"ariaLabel":null,"testId":null,"dataLoc":null,"href":null,"text":"dfghjkl;'","selectorHint":"#additionalNotes"},"value":"dfghjkl;'"}}
[2026-07-23T09:18:28.128Z] {"timestamp":1784798305643,"kind":"focusin","url":"http://localhost:3001/user/apply/1784788464043","viewport":{"width":412,"height":915},"payload":{"target":{"tag":"button","id":null,"name":null,"type":null,"role":null,"ariaLabel":null,"testId":null,"dataLoc":null,"href":null,"text":"Submit Application","selectorHint":"button"}}}
[2026-07-23T09:18:28.128Z] {"timestamp":1784798305643,"kind":"click","url":"http://localhost:3001/user/apply/1784788464043","viewport":{"width":412,"height":915},"payload":{"target":{"tag":"button","id":null,"name":null,"type":null,"role":null,"ariaLabel":null,"testId":null,"dataLoc":null,"href":null,"text":"Submit Application","selectorHint":"button"},"x":143,"y":895}}
[2026-07-23T09:18:28.128Z] {"timestamp":1784798305650,"kind":"submit","url":"http://localhost:3001/user/apply/1784788464043","viewport":{"width":412,"height":915},"payload":{"target":{"tag":"form","id":null,"name":null,"type":null,"role":null,"ariaLabel":null,"testId":null,"dataLoc":null,"href":null,"text":"Personal Information Full Name Email Address Phone Number Resume N.Manvitha(SVIS…","selectorHint":"form"}}}
[2026-07-23T09:18:28.128Z] {"timestamp":1784798307854,"kind":"navigate","url":"http://localhost:3001/user/applications","viewport":{"width":412,"height":915},"payload":{"reason":"pushState"}}
[2026-07-23T09:18:28.128Z] {"timestamp":1784798307904,"kind":"focusout","url":"http://localhost:3001/user/applications","viewport":{"width":412,"height":915},"payload":{"target":{"tag":"button","id":null,"name":null,"type":null,"role":null,"ariaLabel":null,"testId":null,"dataLoc":null,"href":null,"text":"Submit Application","selectorHint":"button"},"value":null}}
[2026-07-23T09:18:30.943Z] {"timestamp":1784798309901,"kind":"scroll","url":"http://localhost:3001/user/applications","viewport":{"width":412,"height":915},"payload":{"scrollX":0,"scrollY":152.8000030517578,"documentHeight":1334,"viewportHeight":915}}
[2026-07-23T09:18:30.943Z] {"timestamp":1784798310526,"kind":"scroll","url":"http://localhost:3001/user/applications","viewport":{"width":412,"height":915},"payload":{"scrollX":0,"scrollY":2.4000000953674316,"documentHeight":1334,"viewportHeight":915}}
[2026-07-23T09:18:32.937Z] {"timestamp":1784798311282,"kind":"scroll","url":"http://localhost:3001/user/applications","viewport":{"width":412,"height":915},"payload":{"scrollX":0,"scrollY":34.400001525878906,"documentHeight":1334,"viewportHeight":915}}
[2026-07-23T09:18:32.937Z] {"timestamp":1784798312242,"kind":"scroll","url":"http://localhost:3001/user/applications","viewport":{"width":412,"height":915},"payload":{"scrollX":0,"scrollY":416,"documentHeight":1334,"viewportHeight":915}}
[2026-07-23T09:18:32.937Z] {"timestamp":1784798312812,"kind":"scroll","url":"http://localhost:3001/user/applications","viewport":{"width":412,"height":915},"payload":{"scrollX":0,"scrollY":314.3999938964844,"documentHeight":1334,"viewportHeight":915}}
[2026-07-23T09:18:34.931Z] {"timestamp":1784798313741,"kind":"scroll","url":"http://localhost:3001/user/applications","viewport":{"width":412,"height":915},"payload":{"scrollX":0,"scrollY":78.4000015258789,"documentHeight":1334,"viewportHeight":915}}
[2026-07-23T09:18:38.343Z] {"timestamp":1784798316477,"kind":"focusin","url":"http://localhost:3001/user/applications","viewport":{"width":412,"height":915},"payload":{"target":{"tag":"button","id":null,"name":null,"type":null,"role":null,"ariaLabel":null,"testId":null,"dataLoc":null,"href":null,"text":"View Resume","selectorHint":"button"}}}
[2026-07-23T09:18:38.343Z] {"timestamp":1784798316478,"kind":"click","url":"http://localhost:3001/user/applications","viewport":{"width":412,"height":915},"payload":{"target":{"tag":"button","id":null,"name":null,"type":null,"role":null,"ariaLabel":null,"testId":null,"dataLoc":null,"href":null,"text":"View Resume","selectorHint":"button"},"x":200,"y":843}}
[2026-07-23T09:18:38.343Z] {"timestamp":1784798318332,"kind":"focusout","url":"http://localhost:3001/user/applications","viewport":{"width":412,"height":915},"payload":{"target":{"tag":"button","id":null,"name":null,"type":null,"role":null,"ariaLabel":null,"testId":null,"dataLoc":null,"href":null,"text":"View Resume","selectorHint":"button"},"value":null}}
[2026-07-23T09:18:38.343Z] {"timestamp":1784798318333,"kind":"focusin","url":"http://localhost:3001/user/applications","viewport":{"width":412,"height":915},"payload":{"target":{"tag":"button","id":null,"name":null,"type":null,"role":null,"ariaLabel":null,"testId":null,"dataLoc":null,"href":null,"text":"View Resume","selectorHint":"button"}}}
[2026-07-23T09:18:40.931Z] {"timestamp":1784798320336,"kind":"focusout","url":"http://localhost:3001/user/applications","viewport":{"width":412,"height":915},"payload":{"target":{"tag":"button","id":null,"name":null,"type":null,"role":null,"ariaLabel":null,"testId":null,"dataLoc":null,"href":null,"text":"View Resume","selectorHint":"button"},"value":null}}
[2026-07-23T09:18:40.931Z] {"timestamp":1784798320336,"kind":"focusin","url":"http://localhost:3001/user/applications","viewport":{"width":412,"height":915},"payload":{"target":{"tag":"button","id":null,"name":null,"type":null,"role":null,"ariaLabel":null,"testId":null,"dataLoc":null,"href":null,"text":"View Job","selectorHint":"button"}}}
[2026-07-23T09:18:40.931Z] {"timestamp":1784798320337,"kind":"click","url":"http://localhost:3001/user/applications","viewport":{"width":412,"height":915},"payload":{"target":{"tag":"button","id":null,"name":null,"type":null,"role":null,"ariaLabel":null,"testId":null,"dataLoc":null,"href":null,"text":"View Job","selectorHint":"button"},"x":84,"y":851}}
[2026-07-23T09:18:40.931Z] {"timestamp":1784798320338,"kind":"navigate","url":"http://localhost:3001/user/job/1784788464043","viewport":{"width":412,"height":915},"payload":{"reason":"pushState"}}
[2026-07-23T09:18:40.931Z] {"timestamp":1784798320344,"kind":"focusout","url":"http://localhost:3001/user/job/1784788464043","viewport":{"width":412,"height":915},"payload":{"target":{"tag":"button","id":null,"name":null,"type":null,"role":null,"ariaLabel":null,"testId":null,"dataLoc":null,"href":null,"text":"View Job","selectorHint":"button"},"value":null}}
[2026-07-23T09:18:42.937Z] {"timestamp":1784798321998,"kind":"scroll","url":"http://localhost:3001/user/job/1784788464043","viewport":{"width":412,"height":915},"payload":{"scrollX":0,"scrollY":426.3999938964844,"documentHeight":2246,"viewportHeight":915}}
[2026-07-23T09:18:42.937Z] {"timestamp":1784798322498,"kind":"scroll","url":"http://localhost:3001/user/job/1784788464043","viewport":{"width":412,"height":915},"payload":{"scrollX":0,"scrollY":1207.199951171875,"documentHeight":2246,"viewportHeight":915}}
[2026-07-23T09:18:44.966Z] {"timestamp":1784798324591,"kind":"scroll","url":"http://localhost:3001/user/job/1784788464043","viewport":{"width":412,"height":915},"payload":{"scrollX":0,"scrollY":1330.4000244140625,"documentHeight":2246,"viewportHeight":915}}
[2026-07-23T09:18:46.962Z] {"timestamp":1784798325157,"kind":"scroll","url":"http://localhost:3001/user/job/1784788464043","viewport":{"width":412,"height":915},"payload":{"scrollX":0,"scrollY":647.2000122070312,"documentHeight":2246,"viewportHeight":915}}
[2026-07-23T09:18:46.962Z] {"timestamp":1784798325846,"kind":"scroll","url":"http://localhost:3001/user/job/1784788464043","viewport":{"width":412,"height":915},"payload":{"scrollX":0,"scrollY":646.4000244140625,"documentHeight":2246,"viewportHeight":915}}
[2026-07-23T09:18:48.930Z] {"timestamp":1784798327990,"kind":"focusin","url":"http://localhost:3001/user/job/1784788464043","viewport":{"width":412,"height":915},"payload":{"target":{"tag":"button","id":null,"name":null,"type":null,"role":null,"ariaLabel":null,"testId":null,"dataLoc":null,"href":null,"text":"","selectorHint":"button"}}}
[2026-07-23T09:18:48.930Z] {"timestamp":1784798327990,"kind":"click","url":"http://localhost:3001/user/job/1784788464043","viewport":{"width":412,"height":915},"payload":{"target":{"tag":"svg","id":null,"name":null,"type":null,"role":null,"ariaLabel":null,"testId":null,"dataLoc":null,"href":null,"text":"","selectorHint":"svg"},"x":356,"y":151}}
[2026-07-23T09:18:50.965Z] {"timestamp":1784798329319,"kind":"focusout","url":"http://localhost:3001/user/job/1784788464043","viewport":{"width":412,"height":915},"payload":{"target":{"tag":"button","id":null,"name":null,"type":null,"role":null,"ariaLabel":null,"testId":null,"dataLoc":null,"href":null,"text":"","selectorHint":"button"},"value":null}}
[2026-07-23T09:18:50.965Z] {"timestamp":1784798329319,"kind":"focusin","url":"http://localhost:3001/user/job/1784788464043","viewport":{"width":412,"height":915},"payload":{"target":{"tag":"button","id":null,"name":null,"type":null,"role":null,"ariaLabel":null,"testId":null,"dataLoc":null,"href":null,"text":"Back to Browse Jobs","selectorHint":"button"}}}
[2026-07-23T09:18:50.965Z] {"timestamp":1784798329320,"kind":"click","url":"http://localhost:3001/user/job/1784788464043","viewport":{"width":412,"height":915},"payload":{"target":{"tag":"path","id":null,"name":null,"type":null,"role":null,"ariaLabel":null,"testId":null,"dataLoc":null,"href":null,"text":"","selectorHint":"path"},"x":21,"y":28}}
[2026-07-23T09:18:50.965Z] {"timestamp":1784798329339,"kind":"navigate","url":"http://localhost:3001/user/browse-jobs","viewport":{"width":412,"height":915},"payload":{"reason":"pushState"}}
[2026-07-23T09:18:50.965Z] {"timestamp":1784798329351,"kind":"focusout","url":"http://localhost:3001/user/browse-jobs","viewport":{"width":412,"height":915},"payload":{"target":{"tag":"button","id":null,"name":null,"type":null,"role":null,"ariaLabel":null,"testId":null,"dataLoc":null,"href":null,"text":"Back to Browse Jobs","selectorHint":"button"},"value":null}}
[2026-07-23T09:18:50.965Z] {"timestamp":1784798330491,"kind":"focusin","url":"http://localhost:3001/user/browse-jobs","viewport":{"width":412,"height":915},"payload":{"target":{"tag":"button","id":null,"name":null,"type":null,"role":null,"ariaLabel":null,"testId":null,"dataLoc":null,"href":null,"text":"Back to Dashboard","selectorHint":"button"}}}
[2026-07-23T09:18:50.965Z] {"timestamp":1784798330492,"kind":"click","url":"http://localhost:3001/user/browse-jobs","viewport":{"width":412,"height":915},"payload":{"target":{"tag":"path","id":null,"name":null,"type":null,"role":null,"ariaLabel":null,"testId":null,"dataLoc":null,"href":null,"text":"","selectorHint":"path"},"x":21,"y":28}}
[2026-07-23T09:18:50.965Z] {"timestamp":1784798330493,"kind":"navigate","url":"http://localhost:3001/user/dashboard","viewport":{"width":412,"height":915},"payload":{"reason":"pushState"}}
[2026-07-23T09:18:50.965Z] {"timestamp":1784798330519,"kind":"focusout","url":"http://localhost:3001/user/dashboard","viewport":{"width":412,"height":915},"payload":{"target":{"tag":"button","id":null,"name":null,"type":null,"role":null,"ariaLabel":null,"testId":null,"dataLoc":null,"href":null,"text":"Back to Dashboard","selectorHint":"button"},"value":null}}
[2026-07-23T09:18:52.932Z] {"timestamp":1784798332375,"kind":"scroll","url":"http://localhost:3001/user/dashboard","viewport":{"width":412,"height":915},"payload":{"scrollX":0,"scrollY":72,"documentHeight":2791,"viewportHeight":915}}
[2026-07-23T09:18:52.932Z] {"timestamp":1784798332875,"kind":"scroll","url":"http://localhost:3001/user/dashboard","viewport":{"width":412,"height":915},"payload":{"scrollX":0,"scrollY":528,"documentHeight":2791,"viewportHeight":915}}
[2026-07-23T09:18:54.966Z] {"timestamp":1784798333375,"kind":"scroll","url":"http://localhost:3001/user/dashboard","viewport":{"width":412,"height":915},"payload":{"scrollX":0,"scrollY":158.39999389648438,"documentHeight":2791,"viewportHeight":915}}
[2026-07-23T09:18:54.966Z] {"timestamp":1784798334875,"kind":"scroll","url":"http://localhost:3001/user/dashboard","viewport":{"width":412,"height":915},"payload":{"scrollX":0,"scrollY":19.200000762939453,"documentHeight":2791,"viewportHeight":915}}
[2026-07-23T09:18:56.933Z] {"timestamp":1784798336118,"kind":"scroll","url":"http://localhost:3001/user/dashboard","viewport":{"width":412,"height":915},"payload":{"scrollX":0,"scrollY":242.39999389648438,"documentHeight":2791,"viewportHeight":915}}
[2026-07-23T09:18:58.934Z] {"timestamp":1784798337108,"kind":"scroll","url":"http://localhost:3001/user/dashboard","viewport":{"width":412,"height":915},"payload":{"scrollX":0,"scrollY":36,"documentHeight":2791,"viewportHeight":915}}
[2026-07-23T09:18:58.934Z] {"timestamp":1784798337626,"kind":"scroll","url":"http://localhost:3001/user/dashboard","viewport":{"width":412,"height":915},"payload":{"scrollX":0,"scrollY":291.20001220703125,"documentHeight":2791,"viewportHeight":915}}
[2026-07-23T09:18:58.934Z] {"timestamp":1784798338141,"kind":"scroll","url":"http://localhost:3001/user/dashboard","viewport":{"width":412,"height":915},"payload":{"scrollX":0,"scrollY":503.20001220703125,"documentHeight":2791,"viewportHeight":915}}
[2026-07-23T09:18:58.934Z] {"timestamp":1784798338700,"kind":"scroll","url":"http://localhost:3001/user/dashboard","viewport":{"width":412,"height":915},"payload":{"scrollX":0,"scrollY":803.2000122070312,"documentHeight":2791,"viewportHeight":915}}
[2026-07-23T09:19:00.934Z] {"timestamp":1784798339208,"kind":"scroll","url":"http://localhost:3001/user/dashboard","viewport":{"width":412,"height":915},"payload":{"scrollX":0,"scrollY":1147.199951171875,"documentHeight":2791,"viewportHeight":915}}
[2026-07-23T09:19:00.934Z] {"timestamp":1784798340482,"kind":"scroll","url":"http://localhost:3001/user/dashboard","viewport":{"width":412,"height":915},"payload":{"scrollX":0,"scrollY":1292.800048828125,"documentHeight":2791,"viewportHeight":915}}
[2026-07-23T09:19:02.937Z] {"timestamp":1784798341260,"kind":"scroll","url":"http://localhost:3001/user/dashboard","viewport":{"width":412,"height":915},"payload":{"scrollX":0,"scrollY":1467.199951171875,"documentHeight":2791,"viewportHeight":915}}
[2026-07-23T09:19:02.937Z] {"timestamp":1784798342165,"kind":"scroll","url":"http://localhost:3001/user/dashboard","viewport":{"width":412,"height":915},"payload":{"scrollX":0,"scrollY":1596.800048828125,"documentHeight":2791,"viewportHeight":915}}
[2026-07-23T09:19:06.968Z] {"timestamp":1784798346536,"kind":"focusin","url":"http://localhost:3001/user/dashboard","viewport":{"width":412,"height":915},"payload":{"target":{"tag":"button","id":null,"name":null,"type":null,"role":null,"ariaLabel":null,"testId":null,"dataLoc":null,"href":null,"text":"Browse Jobs","selectorHint":"button"}}}
[2026-07-23T09:19:06.968Z] {"timestamp":1784798346536,"kind":"click","url":"http://localhost:3001/user/dashboard","viewport":{"width":412,"height":915},"payload":{"target":{"tag":"button","id":null,"name":null,"type":null,"role":null,"ariaLabel":null,"testId":null,"dataLoc":null,"href":null,"text":"Browse Jobs","selectorHint":"button"},"x":212,"y":713}}
[2026-07-23T09:19:06.968Z] {"timestamp":1784798346537,"kind":"navigate","url":"http://localhost:3001/user/browse-jobs","viewport":{"width":412,"height":915},"payload":{"reason":"pushState"}}
[2026-07-23T09:19:06.968Z] {"timestamp":1784798346602,"kind":"focusout","url":"http://localhost:3001/user/browse-jobs","viewport":{"width":412,"height":915},"payload":{"target":{"tag":"button","id":null,"name":null,"type":null,"role":null,"ariaLabel":null,"testId":null,"dataLoc":null,"href":null,"text":"Browse Jobs","selectorHint":"button"},"value":null}}
[2026-07-23T09:19:06.968Z] {"timestamp":1784798346640,"kind":"scroll","url":"http://localhost:3001/user/browse-jobs","viewport":{"width":412,"height":915},"payload":{"scrollX":0,"scrollY":758.4000244140625,"documentHeight":1674,"viewportHeight":915}}
[2026-07-23T09:19:10.967Z] {"timestamp":1784798349343,"kind":"focusin","url":"http://localhost:3001/user/browse-jobs","viewport":{"width":412,"height":915},"payload":{"target":{"tag":"button","id":null,"name":null,"type":null,"role":null,"ariaLabel":null,"testId":null,"dataLoc":null,"href":null,"text":"","selectorHint":"button"}}}
[2026-07-23T09:19:10.968Z] {"timestamp":1784798349344,"kind":"click","url":"http://localhost:3001/user/browse-jobs","viewport":{"width":412,"height":915},"payload":{"target":{"tag":"svg","id":null,"name":null,"type":null,"role":null,"ariaLabel":null,"testId":null,"dataLoc":null,"href":null,"text":"","selectorHint":"svg"},"x":357,"y":512}}
[2026-07-23T09:19:10.968Z] {"timestamp":1784798349950,"kind":"scroll","url":"http://localhost:3001/user/browse-jobs","viewport":{"width":412,"height":915},"payload":{"scrollX":0,"scrollY":741.5999755859375,"documentHeight":1674,"viewportHeight":915}}
[2026-07-23T09:19:12.934Z] {"timestamp":1784798351704,"kind":"focusout","url":"http://localhost:3001/user/browse-jobs","viewport":{"width":412,"height":915},"payload":{"target":{"tag":"button","id":null,"name":null,"type":null,"role":null,"ariaLabel":null,"testId":null,"dataLoc":null,"href":null,"text":"","selectorHint":"button"},"value":null}}
[2026-07-23T09:19:12.934Z] {"timestamp":1784798351704,"kind":"focusin","url":"http://localhost:3001/user/browse-jobs","viewport":{"width":412,"height":915},"payload":{"target":{"tag":"button","id":null,"name":null,"type":null,"role":null,"ariaLabel":null,"testId":null,"dataLoc":null,"href":null,"text":"","selectorHint":"button"}}}
[2026-07-23T09:19:12.934Z] {"timestamp":1784798351705,"kind":"click","url":"http://localhost:3001/user/browse-jobs","viewport":{"width":412,"height":915},"payload":{"target":{"tag":"svg","id":null,"name":null,"type":null,"role":null,"ariaLabel":null,"testId":null,"dataLoc":null,"href":null,"text":"","selectorHint":"svg"},"x":360,"y":268}}
[2026-07-23T09:19:12.934Z] {"timestamp":1784798352330,"kind":"scroll","url":"http://localhost:3001/user/browse-jobs","viewport":{"width":412,"height":915},"payload":{"scrollX":0,"scrollY":591.2000122070312,"documentHeight":1674,"viewportHeight":915}}
[2026-07-23T09:19:14.937Z] {"timestamp":1784798353785,"kind":"focusout","url":"http://localhost:3001/user/browse-jobs","viewport":{"width":412,"height":915},"payload":{"target":{"tag":"button","id":null,"name":null,"type":null,"role":null,"ariaLabel":null,"testId":null,"dataLoc":null,"href":null,"text":"","selectorHint":"button"},"value":null}}
[2026-07-23T09:19:14.937Z] {"timestamp":1784798353785,"kind":"focusin","url":"http://localhost:3001/user/browse-jobs","viewport":{"width":412,"height":915},"payload":{"target":{"tag":"button","id":null,"name":null,"type":null,"role":null,"ariaLabel":null,"testId":null,"dataLoc":null,"href":null,"text":"Back to Dashboard","selectorHint":"button"}}}
[2026-07-23T09:19:14.937Z] {"timestamp":1784798353786,"kind":"click","url":"http://localhost:3001/user/browse-jobs","viewport":{"width":412,"height":915},"payload":{"target":{"tag":"path","id":null,"name":null,"type":null,"role":null,"ariaLabel":null,"testId":null,"dataLoc":null,"href":null,"text":"","selectorHint":"path"},"x":21,"y":28}}
[2026-07-23T09:19:14.937Z] {"timestamp":1784798353787,"kind":"navigate","url":"http://localhost:3001/user/dashboard","viewport":{"width":412,"height":915},"payload":{"reason":"pushState"}}
[2026-07-23T09:19:14.937Z] {"timestamp":1784798353823,"kind":"focusout","url":"http://localhost:3001/user/dashboard","viewport":{"width":412,"height":915},"payload":{"target":{"tag":"button","id":null,"name":null,"type":null,"role":null,"ariaLabel":null,"testId":null,"dataLoc":null,"href":null,"text":"Back to Dashboard","selectorHint":"button"},"value":null}}
[2026-07-23T09:19:14.937Z] {"timestamp":1784798354627,"kind":"scroll","url":"http://localhost:3001/user/dashboard","viewport":{"width":412,"height":915},"payload":{"scrollX":0,"scrollY":390.3999938964844,"documentHeight":2791,"viewportHeight":915}}
[2026-07-23T09:19:16.932Z] {"timestamp":1784798356330,"kind":"scroll","url":"http://localhost:3001/user/dashboard","viewport":{"width":412,"height":915},"payload":{"scrollX":0,"scrollY":22.399999618530273,"documentHeight":2791,"viewportHeight":915}}
[2026-07-23T09:19:16.932Z] {"timestamp":1784798356841,"kind":"scroll","url":"http://localhost:3001/user/dashboard","viewport":{"width":412,"height":915},"payload":{"scrollX":0,"scrollY":324,"documentHeight":2791,"viewportHeight":915}}
[2026-07-23T09:19:18.935Z] {"timestamp":1784798357344,"kind":"scroll","url":"http://localhost:3001/user/dashboard","viewport":{"width":412,"height":915},"payload":{"scrollX":0,"scrollY":707.2000122070312,"documentHeight":2791,"viewportHeight":915}}
[2026-07-23T09:19:18.935Z] {"timestamp":1784798357844,"kind":"scroll","url":"http://localhost:3001/user/dashboard","viewport":{"width":412,"height":915},"payload":{"scrollX":0,"scrollY":772,"documentHeight":2791,"viewportHeight":915}}
[2026-07-23T09:19:18.935Z] {"timestamp":1784798358358,"kind":"scroll","url":"http://localhost:3001/user/dashboard","viewport":{"width":412,"height":915},"payload":{"scrollX":0,"scrollY":1043.199951171875,"documentHeight":2791,"viewportHeight":915}}
[2026-07-23T09:19:18.935Z] {"timestamp":1784798358859,"kind":"scroll","url":"http://localhost:3001/user/dashboard","viewport":{"width":412,"height":915},"payload":{"scrollX":0,"scrollY":1100.800048828125,"documentHeight":2791,"viewportHeight":915}}
[2026-07-23T09:19:20.935Z] {"timestamp":1784798359360,"kind":"scroll","url":"http://localhost:3001/user/dashboard","viewport":{"width":412,"height":915},"payload":{"scrollX":0,"scrollY":1598.4000244140625,"documentHeight":2791,"viewportHeight":915}}
[2026-07-23T09:19:20.935Z] {"timestamp":1784798359876,"kind":"scroll","url":"http://localhost:3001/user/dashboard","viewport":{"width":412,"height":915},"payload":{"scrollX":0,"scrollY":1766.4000244140625,"documentHeight":2791,"viewportHeight":915}}
[2026-07-23T09:19:20.935Z] {"timestamp":1784798360409,"kind":"scroll","url":"http://localhost:3001/user/dashboard","viewport":{"width":412,"height":915},"payload":{"scrollX":0,"scrollY":1808.800048828125,"documentHeight":2791,"viewportHeight":915}}
[2026-07-23T09:19:22.945Z] {"timestamp":1784798361011,"kind":"scroll","url":"http://localhost:3001/user/dashboard","viewport":{"width":412,"height":915},"payload":{"scrollX":0,"scrollY":1816,"documentHeight":2791,"viewportHeight":915}}
[2026-07-23T09:19:22.945Z] {"timestamp":1784798361661,"kind":"scroll","url":"http://localhost:3001/user/dashboard","viewport":{"width":412,"height":915},"payload":{"scrollX":0,"scrollY":1854.4000244140625,"documentHeight":2791,"viewportHeight":915}}
[2026-07-23T09:19:24.934Z] {"timestamp":1784798363929,"kind":"focusin","url":"http://localhost:3001/user/dashboard","viewport":{"width":412,"height":915},"payload":{"target":{"tag":"button","id":null,"name":null,"type":null,"role":null,"ariaLabel":null,"testId":null,"dataLoc":null,"href":null,"text":"Browse Jobs","selectorHint":"button"}}}
[2026-07-23T09:19:24.934Z] {"timestamp":1784798363929,"kind":"click","url":"http://localhost:3001/user/dashboard","viewport":{"width":412,"height":915},"payload":{"target":{"tag":"button","id":null,"name":null,"type":null,"role":null,"ariaLabel":null,"testId":null,"dataLoc":null,"href":null,"text":"Browse Jobs","selectorHint":"button"},"x":245,"y":694}}
[2026-07-23T09:19:24.934Z] {"timestamp":1784798363930,"kind":"navigate","url":"http://localhost:3001/user/browse-jobs","viewport":{"width":412,"height":915},"payload":{"reason":"pushState"}}
[2026-07-23T09:19:24.934Z] {"timestamp":1784798363945,"kind":"focusout","url":"http://localhost:3001/user/browse-jobs","viewport":{"width":412,"height":915},"payload":{"target":{"tag":"button","id":null,"name":null,"type":null,"role":null,"ariaLabel":null,"testId":null,"dataLoc":null,"href":null,"text":"Browse Jobs","selectorHint":"button"},"value":null}}
[2026-07-23T09:19:24.934Z] {"timestamp":1784798364008,"kind":"scroll","url":"http://localhost:3001/user/browse-jobs","viewport":{"width":412,"height":915},"payload":{"scrollX":0,"scrollY":758.4000244140625,"documentHeight":1674,"viewportHeight":915}}
[2026-07-23T09:19:24.934Z] {"timestamp":1784798364915,"kind":"scroll","url":"http://localhost:3001/user/browse-jobs","viewport":{"width":412,"height":915},"payload":{"scrollX":0,"scrollY":735.2000122070312,"documentHeight":1674,"viewportHeight":915}}
[2026-07-23T09:19:26.940Z] {"timestamp":1784798365427,"kind":"scroll","url":"http://localhost:3001/user/browse-jobs","viewport":{"width":412,"height":915},"payload":{"scrollX":0,"scrollY":160.8000030517578,"documentHeight":1674,"viewportHeight":915}}
[2026-07-23T09:19:26.940Z] {"timestamp":1784798366127,"kind":"scroll","url":"http://localhost:3001/user/browse-jobs","viewport":{"width":412,"height":915},"payload":{"scrollX":0,"scrollY":3.200000047683716,"documentHeight":1674,"viewportHeight":915}}
[2026-07-23T09:19:28.949Z] {"timestamp":1784798368254,"kind":"scroll","url":"http://localhost:3001/user/browse-jobs","viewport":{"width":412,"height":915},"payload":{"scrollX":0,"scrollY":738.4000244140625,"documentHeight":1674,"viewportHeight":915}}
[2026-07-23T09:19:28.949Z] {"timestamp":1784798368759,"kind":"scroll","url":"http://localhost:3001/user/browse-jobs","viewport":{"width":412,"height":915},"payload":{"scrollX":0,"scrollY":122.4000015258789,"documentHeight":1674,"viewportHeight":915}}
[2026-07-23T09:19:31.034Z] {"timestamp":1784798370728,"kind":"focusin","url":"http://localhost:3001/user/browse-jobs","viewport":{"width":412,"height":915},"payload":{"target":{"tag":"button","id":null,"name":null,"type":null,"role":null,"ariaLabel":null,"testId":null,"dataLoc":null,"href":null,"text":"Back to Dashboard","selectorHint":"button"}}}
[2026-07-23T09:19:31.034Z] {"timestamp":1784798370728,"kind":"click","url":"http://localhost:3001/user/browse-jobs","viewport":{"width":412,"height":915},"payload":{"target":{"tag":"path","id":null,"name":null,"type":null,"role":null,"ariaLabel":null,"testId":null,"dataLoc":null,"href":null,"text":"","selectorHint":"path"},"x":21,"y":28}}
[2026-07-23T09:19:31.034Z] {"timestamp":1784798370730,"kind":"navigate","url":"http://localhost:3001/user/dashboard","viewport":{"width":412,"height":915},"payload":{"reason":"pushState"}}
[2026-07-23T09:19:31.034Z] {"timestamp":1784798370757,"kind":"focusout","url":"http://localhost:3001/user/dashboard","viewport":{"width":412,"height":915},"payload":{"target":{"tag":"button","id":null,"name":null,"type":null,"role":null,"ariaLabel":null,"testId":null,"dataLoc":null,"href":null,"text":"Back to Dashboard","selectorHint":"button"},"value":null}}
[2026-07-23T09:19:32.959Z] {"timestamp":1784798371475,"kind":"scroll","url":"http://localhost:3001/user/dashboard","viewport":{"width":412,"height":915},"payload":{"scrollX":0,"scrollY":24,"documentHeight":2791,"viewportHeight":915}}
[2026-07-23T09:19:32.959Z] {"timestamp":1784798371977,"kind":"scroll","url":"http://localhost:3001/user/dashboard","viewport":{"width":412,"height":915},"payload":{"scrollX":0,"scrollY":1030.4000244140625,"documentHeight":2791,"viewportHeight":915}}
[2026-07-23T09:19:32.959Z] {"timestamp":1784798372477,"kind":"scroll","url":"http://localhost:3001/user/dashboard","viewport":{"width":412,"height":915},"payload":{"scrollX":0,"scrollY":1700,"documentHeight":2791,"viewportHeight":915}}
[2026-07-23T09:19:36.939Z] {"timestamp":1784798375277,"kind":"focusin","url":"http://localhost:3001/user/dashboard","viewport":{"width":412,"height":915},"payload":{"target":{"tag":"button","id":null,"name":null,"type":null,"role":null,"ariaLabel":null,"testId":null,"dataLoc":null,"href":null,"text":"Update Resume","selectorHint":"button"}}}
[2026-07-23T09:19:36.939Z] {"timestamp":1784798375278,"kind":"click","url":"http://localhost:3001/user/dashboard","viewport":{"width":412,"height":915},"payload":{"target":{"tag":"button","id":null,"name":null,"type":null,"role":null,"ariaLabel":null,"testId":null,"dataLoc":null,"href":null,"text":"Update Resume","selectorHint":"button"},"x":218,"y":776}}
[2026-07-23T09:19:36.939Z] {"timestamp":1784798375279,"kind":"navigate","url":"http://localhost:3001/user/profile","viewport":{"width":412,"height":915},"payload":{"reason":"pushState"}}
[2026-07-23T09:19:36.939Z] {"timestamp":1784798375315,"kind":"focusout","url":"http://localhost:3001/user/profile","viewport":{"width":412,"height":915},"payload":{"target":{"tag":"button","id":null,"name":null,"type":null,"role":null,"ariaLabel":null,"testId":null,"dataLoc":null,"href":null,"text":"Update Resume","selectorHint":"button"},"value":null}}
[2026-07-23T09:19:36.939Z] {"timestamp":1784798375360,"kind":"scroll","url":"http://localhost:3001/user/profile","viewport":{"width":412,"height":915},"payload":{"scrollX":0,"scrollY":178.39999389648438,"documentHeight":1094,"viewportHeight":915}}
[2026-07-23T09:19:36.939Z] {"timestamp":1784798376325,"kind":"scroll","url":"http://localhost:3001/user/profile","viewport":{"width":412,"height":915},"payload":{"scrollX":0,"scrollY":177.60000610351562,"documentHeight":1094,"viewportHeight":915}}
[2026-07-23T09:19:38.935Z] {"timestamp":1784798376998,"kind":"scroll","url":"http://localhost:3001/user/profile","viewport":{"width":412,"height":915},"payload":{"scrollX":0,"scrollY":25.600000381469727,"documentHeight":1094,"viewportHeight":915}}
[2026-07-23T09:19:38.935Z] {"timestamp":1784798377559,"kind":"scroll","url":"http://localhost:3001/user/profile","viewport":{"width":412,"height":915},"payload":{"scrollX":0,"scrollY":96.80000305175781,"documentHeight":1094,"viewportHeight":915}}
[2026-07-23T09:19:38.935Z] {"timestamp":1784798378925,"kind":"scroll","url":"http://localhost:3001/user/profile","viewport":{"width":412,"height":915},"payload":{"scrollX":0,"scrollY":175.1999969482422,"documentHeight":1094,"viewportHeight":915}}
[2026-07-23T09:19:42.944Z] {"timestamp":1784798381912,"kind":"focusin","url":"http://localhost:3001/user/profile","viewport":{"width":412,"height":915},"payload":{"target":{"tag":"button","id":null,"name":null,"type":null,"role":null,"ariaLabel":null,"testId":null,"dataLoc":null,"href":null,"text":"Edit Profile","selectorHint":"button"}}}
[2026-07-23T09:19:42.944Z] {"timestamp":1784798381912,"kind":"click","url":"http://localhost:3001/user/profile","viewport":{"width":412,"height":915},"payload":{"target":{"tag":"button","id":null,"name":null,"type":null,"role":null,"ariaLabel":null,"testId":null,"dataLoc":null,"href":null,"text":"Edit Profile","selectorHint":"button"},"x":330,"y":84}}
[2026-07-23T09:19:44.937Z] {"timestamp":1784798382954,"kind":"scroll","url":"http://localhost:3001/user/profile","viewport":{"width":412,"height":915},"payload":{"scrollX":0,"scrollY":28,"documentHeight":1456,"viewportHeight":915}}
[2026-07-23T09:19:44.937Z] {"timestamp":1784798383460,"kind":"scroll","url":"http://localhost:3001/user/profile","viewport":{"width":412,"height":915},"payload":{"scrollX":0,"scrollY":507.20001220703125,"documentHeight":1456,"viewportHeight":915}}
[2026-07-23T09:19:44.937Z] {"timestamp":1784798384125,"kind":"scroll","url":"http://localhost:3001/user/profile","viewport":{"width":412,"height":915},"payload":{"scrollX":0,"scrollY":487.20001220703125,"documentHeight":1456,"viewportHeight":915}}
[2026-07-23T09:19:46.942Z] {"timestamp":1784798385882,"kind":"focusout","url":"http://localhost:3001/user/profile","viewport":{"width":412,"height":915},"payload":{"target":{"tag":"button","id":null,"name":null,"type":null,"role":null,"ariaLabel":null,"testId":null,"dataLoc":null,"href":null,"text":"Cancel","selectorHint":"button"},"value":null}}
[2026-07-23T09:19:46.942Z] {"timestamp":1784798385882,"kind":"click","url":"http://localhost:3001/user/profile","viewport":{"width":412,"height":915},"payload":{"target":{"tag":"label","id":null,"name":null,"type":null,"role":null,"ariaLabel":null,"testId":null,"dataLoc":null,"href":null,"text":"First Name","selectorHint":"label"},"x":240,"y":218}}
[2026-07-23T09:19:46.942Z] {"timestamp":1784798385883,"kind":"focusin","url":"http://localhost:3001/user/profile","viewport":{"width":412,"height":915},"payload":{"target":{"tag":"input","id":"firstName","name":"firstName","type":"text","role":null,"ariaLabel":null,"testId":null,"dataLoc":null,"href":null,"text":"","selectorHint":"#firstName"}}}
[2026-07-23T09:19:46.942Z] {"timestamp":1784798385884,"kind":"click","url":"http://localhost:3001/user/profile","viewport":{"width":412,"height":915},"payload":{"target":{"tag":"input","id":"firstName","name":"firstName","type":"text","role":null,"ariaLabel":null,"testId":null,"dataLoc":null,"href":null,"text":"","selectorHint":"#firstName"},"x":240,"y":218}}
[2026-07-23T09:19:50.948Z] {"timestamp":1784798389893,"kind":"change","url":"http://localhost:3001/user/profile","viewport":{"width":412,"height":915},"payload":{"target":{"tag":"input","id":"firstName","name":"firstName","type":"text","role":null,"ariaLabel":null,"testId":null,"dataLoc":null,"href":null,"text":"","selectorHint":"#firstName"},"value":"nalla"}}
[2026-07-23T09:19:50.949Z] {"timestamp":1784798389893,"kind":"focusout","url":"http://localhost:3001/user/profile","viewport":{"width":412,"height":915},"payload":{"target":{"tag":"input","id":"firstName","name":"firstName","type":"text","role":null,"ariaLabel":null,"testId":null,"dataLoc":null,"href":null,"text":"","selectorHint":"#firstName"},"value":"nalla"}}
[2026-07-23T09:19:50.949Z] {"timestamp":1784798389894,"kind":"focusin","url":"http://localhost:3001/user/profile","viewport":{"width":412,"height":915},"payload":{"target":{"tag":"input","id":"lastName","name":"lastName","type":"text","role":null,"ariaLabel":null,"testId":null,"dataLoc":null,"href":null,"text":"","selectorHint":"#lastName"}}}
[2026-07-23T09:19:50.949Z] {"timestamp":1784798389895,"kind":"click","url":"http://localhost:3001/user/profile","viewport":{"width":412,"height":915},"payload":{"target":{"tag":"input","id":"lastName","name":"lastName","type":"text","role":null,"ariaLabel":null,"testId":null,"dataLoc":null,"href":null,"text":"","selectorHint":"#lastName"},"x":237,"y":312}}
[2026-07-23T09:19:54.932Z] {"timestamp":1784798393711,"kind":"change","url":"http://localhost:3001/user/profile","viewport":{"width":412,"height":915},"payload":{"target":{"tag":"input","id":"lastName","name":"lastName","type":"text","role":null,"ariaLabel":null,"testId":null,"dataLoc":null,"href":null,"text":"","selectorHint":"#lastName"},"value":"padma"}}
[2026-07-23T09:19:54.932Z] {"timestamp":1784798393711,"kind":"focusout","url":"http://localhost:3001/user/profile","viewport":{"width":412,"height":915},"payload":{"target":{"tag":"input","id":"lastName","name":"lastName","type":"text","role":null,"ariaLabel":null,"testId":null,"dataLoc":null,"href":null,"text":"","selectorHint":"#lastName"},"value":"padma"}}
[2026-07-23T09:19:54.932Z] {"timestamp":1784798393712,"kind":"focusin","url":"http://localhost:3001/user/profile","viewport":{"width":412,"height":915},"payload":{"target":{"tag":"input","id":"headline","name":"headline","type":"text","role":null,"ariaLabel":null,"testId":null,"dataLoc":null,"href":null,"text":"","selectorHint":"#headline"}}}
[2026-07-23T09:19:54.932Z] {"timestamp":1784798393713,"kind":"click","url":"http://localhost:3001/user/profile","viewport":{"width":412,"height":915},"payload":{"target":{"tag":"input","id":"headline","name":"headline","type":"text","role":null,"ariaLabel":null,"testId":null,"dataLoc":null,"href":null,"text":"","selectorHint":"#headline"},"x":253,"y":372}}
[2026-07-23T09:19:56.934Z] {"timestamp":1784798396536,"kind":"change","url":"http://localhost:3001/user/profile","viewport":{"width":412,"height":915},"payload":{"target":{"tag":"input","id":"headline","name":"headline","type":"text","role":null,"ariaLabel":null,"testId":null,"dataLoc":null,"href":null,"text":"","selectorHint":"#headline"},"value":"react developer"}}
[2026-07-23T09:19:58.944Z] {"timestamp":1784798397775,"kind":"focusout","url":"http://localhost:3001/user/profile","viewport":{"width":412,"height":915},"payload":{"target":{"tag":"input","id":"headline","name":"headline","type":"text","role":null,"ariaLabel":null,"testId":null,"dataLoc":null,"href":null,"text":"","selectorHint":"#headline"},"value":"react developer"}}
[2026-07-23T09:19:58.944Z] {"timestamp":1784798397777,"kind":"focusin","url":"http://localhost:3001/user/profile","viewport":{"width":412,"height":915},"payload":{"target":{"tag":"textarea","id":"bio","name":"bio","type":null,"role":null,"ariaLabel":null,"testId":null,"dataLoc":null,"href":null,"text":"","selectorHint":"#bio"}}}
[2026-07-23T09:19:58.944Z] {"timestamp":1784798397778,"kind":"click","url":"http://localhost:3001/user/profile","viewport":{"width":412,"height":915},"payload":{"target":{"tag":"textarea","id":"bio","name":"bio","type":null,"role":null,"ariaLabel":null,"testId":null,"dataLoc":null,"href":null,"text":"","selectorHint":"#bio"},"x":227,"y":443}}
[2026-07-23T09:20:00.929Z] {"timestamp":1784798399950,"kind":"scroll","url":"http://localhost:3001/user/profile","viewport":{"width":412,"height":915},"payload":{"scrollX":0,"scrollY":15.199999809265137,"documentHeight":1456,"viewportHeight":915}}
[2026-07-23T09:20:03.188Z] {"timestamp":1784798402281,"kind":"change","url":"http://localhost:3001/user/profile","viewport":{"width":412,"height":915},"payload":{"target":{"tag":"textarea","id":"bio","name":"bio","type":null,"role":null,"ariaLabel":null,"testId":null,"dataLoc":null,"href":null,"text":"esdrfghujkl;'vbnm,.","selectorHint":"#bio"},"value":"esdrfghujkl;'vbnm,."}}
[2026-07-23T09:20:03.188Z] {"timestamp":1784798402281,"kind":"focusout","url":"http://localhost:3001/user/profile","viewport":{"width":412,"height":915},"payload":{"target":{"tag":"textarea","id":"bio","name":"bio","type":null,"role":null,"ariaLabel":null,"testId":null,"dataLoc":null,"href":null,"text":"esdrfghujkl;'vbnm,.","selectorHint":"#bio"},"value":"esdrfghujkl;'vbnm,."}}
[2026-07-23T09:20:03.188Z] {"timestamp":1784798402281,"kind":"click","url":"http://localhost:3001/user/profile","viewport":{"width":412,"height":915},"payload":{"target":{"tag":"label","id":null,"name":null,"type":null,"role":null,"ariaLabel":null,"testId":null,"dataLoc":null,"href":null,"text":"Upload Photo","selectorHint":"label"},"x":122,"y":256}}
[2026-07-23T09:20:03.188Z] {"timestamp":1784798402282,"kind":"click","url":"http://localhost:3001/user/profile","viewport":{"width":412,"height":915},"payload":{"target":{"tag":"input","id":"profile-image","name":null,"type":"file","role":null,"ariaLabel":null,"testId":null,"dataLoc":null,"href":null,"text":"","selectorHint":"#profile-image"},"x":122,"y":256}}
[2026-07-23T09:20:11.243Z] {"timestamp":1784798410486,"kind":"change","url":"http://localhost:3001/user/profile","viewport":{"width":412,"height":915},"payload":{"target":{"tag":"input","id":"profile-image","name":null,"type":"file","role":null,"ariaLabel":null,"testId":null,"dataLoc":null,"href":null,"text":"","selectorHint":"#profile-image"},"value":"C:\\fakepath\\ChatGPT Image Jul 17, 2026, 10_11_02 AM.png"}}
[2026-07-23T09:20:14.941Z] {"timestamp":1784798413112,"kind":"focusin","url":"http://localhost:3001/user/profile","viewport":{"width":412,"height":915},"payload":{"target":{"tag":"input","id":"phone","name":"phone","type":"text","role":null,"ariaLabel":null,"testId":null,"dataLoc":null,"href":null,"text":"","selectorHint":"#phone"}}}
[2026-07-23T09:20:14.941Z] {"timestamp":1784798413114,"kind":"click","url":"http://localhost:3001/user/profile","viewport":{"width":412,"height":915},"payload":{"target":{"tag":"input","id":"phone","name":"phone","type":"text","role":null,"ariaLabel":null,"testId":null,"dataLoc":null,"href":null,"text":"","selectorHint":"#phone"},"x":160,"y":568}}
[2026-07-23T09:20:18.946Z] {"timestamp":1784798417839,"kind":"change","url":"http://localhost:3001/user/profile","viewport":{"width":412,"height":915},"payload":{"target":{"tag":"input","id":"phone","name":"phone","type":"text","role":null,"ariaLabel":null,"testId":null,"dataLoc":null,"href":null,"text":"","selectorHint":"#phone"},"value":"0987654321"}}
[2026-07-23T09:20:18.946Z] {"timestamp":1784798417841,"kind":"focusout","url":"http://localhost:3001/user/profile","viewport":{"width":412,"height":915},"payload":{"target":{"tag":"input","id":"phone","name":"phone","type":"text","role":null,"ariaLabel":null,"testId":null,"dataLoc":null,"href":null,"text":"","selectorHint":"#phone"},"value":"0987654321"}}
[2026-07-23T09:20:18.946Z] {"timestamp":1784798417842,"kind":"focusin","url":"http://localhost:3001/user/profile","viewport":{"width":412,"height":915},"payload":{"target":{"tag":"input","id":"location","name":"location","type":"text","role":null,"ariaLabel":null,"testId":null,"dataLoc":null,"href":null,"text":"","selectorHint":"#location"}}}
[2026-07-23T09:20:18.946Z] {"timestamp":1784798417844,"kind":"click","url":"http://localhost:3001/user/profile","viewport":{"width":412,"height":915},"payload":{"target":{"tag":"input","id":"location","name":"location","type":"text","role":null,"ariaLabel":null,"testId":null,"dataLoc":null,"href":null,"text":"","selectorHint":"#location"},"x":149,"y":654}}
[2026-07-23T09:20:20.944Z] {"timestamp":1784798420694,"kind":"change","url":"http://localhost:3001/user/profile","viewport":{"width":412,"height":915},"payload":{"target":{"tag":"input","id":"location","name":"location","type":"text","role":null,"ariaLabel":null,"testId":null,"dataLoc":null,"href":null,"text":"","selectorHint":"#location"},"value":"tiruvuru"}}
[2026-07-23T09:20:24.247Z] {"timestamp":1784798421085,"kind":"scroll","url":"http://localhost:3001/user/profile","viewport":{"width":412,"height":915},"payload":{"scrollX":0,"scrollY":84.80000305175781,"documentHeight":1456,"viewportHeight":915}}
[2026-07-23T09:20:24.247Z] {"timestamp":1784798422304,"kind":"focusout","url":"http://localhost:3001/user/profile","viewport":{"width":412,"height":915},"payload":{"target":{"tag":"input","id":"location","name":"location","type":"text","role":null,"ariaLabel":null,"testId":null,"dataLoc":null,"href":null,"text":"","selectorHint":"#location"},"value":"tiruvuru"}}
[2026-07-23T09:20:24.248Z] {"timestamp":1784798422305,"kind":"focusin","url":"http://localhost:3001/user/profile","viewport":{"width":412,"height":915},"payload":{"target":{"tag":"button","id":null,"name":null,"type":null,"role":null,"ariaLabel":null,"testId":null,"dataLoc":null,"href":null,"text":"Save Changes","selectorHint":"button"}}}
[2026-07-23T09:20:24.248Z] {"timestamp":1784798422310,"kind":"click","url":"http://localhost:3001/user/profile","viewport":{"width":412,"height":915},"payload":{"target":{"tag":"button","id":null,"name":null,"type":null,"role":null,"ariaLabel":null,"testId":null,"dataLoc":null,"href":null,"text":"Save Changes","selectorHint":"button"},"x":154,"y":608}}
[2026-07-23T09:20:24.248Z] {"timestamp":1784798424211,"kind":"focusout","url":"http://localhost:3001/user/profile","viewport":{"width":412,"height":915},"payload":{"target":{"tag":"button","id":null,"name":null,"type":null,"role":null,"ariaLabel":null,"testId":null,"dataLoc":null,"href":null,"text":"Save Changes","selectorHint":"button"},"value":null}}
[2026-07-23T09:20:26.930Z] {"timestamp":1784798425415,"kind":"scroll","url":"http://localhost:3001/user/profile","viewport":{"width":412,"height":915},"payload":{"scrollX":0,"scrollY":208.8000030517578,"documentHeight":1134,"viewportHeight":915}}
[2026-07-23T09:20:26.930Z] {"timestamp":1784798426820,"kind":"focusin","url":"http://localhost:3001/user/profile","viewport":{"width":412,"height":915},"payload":{"target":{"tag":"button","id":null,"name":null,"type":null,"role":null,"ariaLabel":null,"testId":null,"dataLoc":null,"href":null,"text":"Edit Profile","selectorHint":"button"}}}
[2026-07-23T09:20:26.930Z] {"timestamp":1784798426821,"kind":"click","url":"http://localhost:3001/user/profile","viewport":{"width":412,"height":915},"payload":{"target":{"tag":"button","id":null,"name":null,"type":null,"role":null,"ariaLabel":null,"testId":null,"dataLoc":null,"href":null,"text":"Edit Profile","selectorHint":"button"},"x":324,"y":99}}
[2026-07-23T09:20:28.931Z] {"timestamp":1784798427596,"kind":"scroll","url":"http://localhost:3001/user/profile","viewport":{"width":412,"height":915},"payload":{"scrollX":0,"scrollY":16.799999237060547,"documentHeight":1456,"viewportHeight":915}}
[2026-07-23T09:20:28.931Z] {"timestamp":1784798428109,"kind":"scroll","url":"http://localhost:3001/user/profile","viewport":{"width":412,"height":915},"payload":{"scrollX":0,"scrollY":439.20001220703125,"documentHeight":1456,"viewportHeight":915}}
[2026-07-23T09:20:30.931Z] {"timestamp":1784798429453,"kind":"focusout","url":"http://localhost:3001/user/profile","viewport":{"width":412,"height":915},"payload":{"target":{"tag":"button","id":null,"name":null,"type":null,"role":null,"ariaLabel":null,"testId":null,"dataLoc":null,"href":null,"text":"Cancel","selectorHint":"button"},"value":null}}
[2026-07-23T09:20:30.931Z] {"timestamp":1784798429453,"kind":"focusin","url":"http://localhost:3001/user/profile","viewport":{"width":412,"height":915},"payload":{"target":{"tag":"button","id":null,"name":null,"type":null,"role":null,"ariaLabel":null,"testId":null,"dataLoc":null,"href":null,"text":"Add Skill","selectorHint":"button"}}}
[2026-07-23T09:20:30.931Z] {"timestamp":1784798429454,"kind":"click","url":"http://localhost:3001/user/profile","viewport":{"width":412,"height":915},"payload":{"target":{"tag":"button","id":null,"name":null,"type":null,"role":null,"ariaLabel":null,"testId":null,"dataLoc":null,"href":null,"text":"Add Skill","selectorHint":"button"},"x":307,"y":446}}
[2026-07-23T09:20:30.931Z] {"timestamp":1784798430744,"kind":"focusout","url":"http://localhost:3001/user/profile","viewport":{"width":412,"height":915},"payload":{"target":{"tag":"button","id":null,"name":null,"type":null,"role":null,"ariaLabel":null,"testId":null,"dataLoc":null,"href":null,"text":"Add Skill","selectorHint":"button"},"value":null}}
[2026-07-23T09:20:30.931Z] {"timestamp":1784798430745,"kind":"focusin","url":"http://localhost:3001/user/profile","viewport":{"width":412,"height":915},"payload":{"target":{"tag":"input","id":null,"name":null,"type":"text","role":null,"ariaLabel":null,"testId":null,"dataLoc":null,"href":null,"text":"","selectorHint":"input"}}}
[2026-07-23T09:20:30.931Z] {"timestamp":1784798430746,"kind":"click","url":"http://localhost:3001/user/profile","viewport":{"width":412,"height":915},"payload":{"target":{"tag":"input","id":null,"name":null,"type":"text","role":null,"ariaLabel":null,"testId":null,"dataLoc":null,"href":null,"text":"","selectorHint":"input"},"x":154,"y":531}}
[2026-07-23T09:20:34.943Z] {"timestamp":1784798434414,"kind":"change","url":"http://localhost:3001/user/profile","viewport":{"width":412,"height":915},"payload":{"target":{"tag":"input","id":null,"name":null,"type":"text","role":null,"ariaLabel":null,"testId":null,"dataLoc":null,"href":null,"text":"","selectorHint":"input"},"value":"react"}}
[2026-07-23T09:20:34.943Z] {"timestamp":1784798434415,"kind":"focusout","url":"http://localhost:3001/user/profile","viewport":{"width":412,"height":915},"payload":{"target":{"tag":"input","id":null,"name":null,"type":"text","role":null,"ariaLabel":null,"testId":null,"dataLoc":null,"href":null,"text":"","selectorHint":"input"},"value":"react"}}
[2026-07-23T09:20:34.943Z] {"timestamp":1784798434415,"kind":"focusin","url":"http://localhost:3001/user/profile","viewport":{"width":412,"height":915},"payload":{"target":{"tag":"button","id":null,"name":null,"type":null,"role":null,"ariaLabel":null,"testId":null,"dataLoc":null,"href":null,"text":"Add","selectorHint":"button"}}}
[2026-07-23T09:20:34.943Z] {"timestamp":1784798434416,"kind":"click","url":"http://localhost:3001/user/profile","viewport":{"width":412,"height":915},"payload":{"target":{"tag":"button","id":null,"name":null,"type":null,"role":null,"ariaLabel":null,"testId":null,"dataLoc":null,"href":null,"text":"Add","selectorHint":"button"},"x":344,"y":527}}
[2026-07-23T09:20:34.943Z] {"timestamp":1784798434436,"kind":"focusout","url":"http://localhost:3001/user/profile","viewport":{"width":412,"height":915},"payload":{"target":{"tag":"button","id":null,"name":null,"type":null,"role":null,"ariaLabel":null,"testId":null,"dataLoc":null,"href":null,"text":"Add","selectorHint":"button"},"value":null}}
[2026-07-23T09:20:36.941Z] {"timestamp":1784798435902,"kind":"focusin","url":"http://localhost:3001/user/profile","viewport":{"width":412,"height":915},"payload":{"target":{"tag":"button","id":"radix-_r_6_-trigger-experience","name":null,"type":null,"role":"tab","ariaLabel":null,"testId":null,"dataLoc":null,"href":null,"text":"Experience","selectorHint":"#radix-_r_6_-trigger-experience"}}}
[2026-07-23T09:20:36.941Z] {"timestamp":1784798435905,"kind":"click","url":"http://localhost:3001/user/profile","viewport":{"width":412,"height":915},"payload":{"target":{"tag":"button","id":"radix-_r_6_-trigger-experience","name":null,"type":null,"role":"tab","ariaLabel":null,"testId":null,"dataLoc":null,"href":null,"text":"Experience","selectorHint":"#radix-_r_6_-trigger-experience"},"x":196,"y":387}}
[2026-07-23T09:20:36.941Z] {"timestamp":1784798435906,"kind":"scroll","url":"http://localhost:3001/user/profile","viewport":{"width":412,"height":915},"payload":{"scrollX":0,"scrollY":516.7999877929688,"documentHeight":1432,"viewportHeight":915}}
[2026-07-23T09:20:38.943Z] {"timestamp":1784798437480,"kind":"focusout","url":"http://localhost:3001/user/profile","viewport":{"width":412,"height":915},"payload":{"target":{"tag":"button","id":"radix-_r_6_-trigger-experience","name":null,"type":null,"role":"tab","ariaLabel":null,"testId":null,"dataLoc":null,"href":null,"text":"Experience","selectorHint":"#radix-_r_6_-trigger-experience"},"value":null}}
[2026-07-23T09:20:38.943Z] {"timestamp":1784798437481,"kind":"focusin","url":"http://localhost:3001/user/profile","viewport":{"width":412,"height":915},"payload":{"target":{"tag":"button","id":null,"name":null,"type":null,"role":null,"ariaLabel":null,"testId":null,"dataLoc":null,"href":null,"text":"Add Experience","selectorHint":"button"}}}
[2026-07-23T09:20:38.943Z] {"timestamp":1784798437481,"kind":"click","url":"http://localhost:3001/user/profile","viewport":{"width":412,"height":915},"payload":{"target":{"tag":"button","id":null,"name":null,"type":null,"role":null,"ariaLabel":null,"testId":null,"dataLoc":null,"href":null,"text":"Add Experience","selectorHint":"button"},"x":293,"y":459}}
[2026-07-23T09:20:38.943Z] {"timestamp":1784798438884,"kind":"focusout","url":"http://localhost:3001/user/profile","viewport":{"width":412,"height":915},"payload":{"target":{"tag":"button","id":null,"name":null,"type":null,"role":null,"ariaLabel":null,"testId":null,"dataLoc":null,"href":null,"text":"Add Experience","selectorHint":"button"},"value":null}}
[2026-07-23T09:20:38.943Z] {"timestamp":1784798438885,"kind":"focusin","url":"http://localhost:3001/user/profile","viewport":{"width":412,"height":915},"payload":{"target":{"tag":"input","id":null,"name":null,"type":"text","role":null,"ariaLabel":null,"testId":null,"dataLoc":null,"href":null,"text":"","selectorHint":"input"}}}
[2026-07-23T09:20:38.943Z] {"timestamp":1784798438887,"kind":"click","url":"http://localhost:3001/user/profile","viewport":{"width":412,"height":915},"payload":{"target":{"tag":"input","id":null,"name":null,"type":"text","role":null,"ariaLabel":null,"testId":null,"dataLoc":null,"href":null,"text":"","selectorHint":"input"},"x":202,"y":548}}
[2026-07-23T09:20:40.934Z] {"timestamp":1784798440777,"kind":"change","url":"http://localhost:3001/user/profile","viewport":{"width":412,"height":915},"payload":{"target":{"tag":"input","id":null,"name":null,"type":"text","role":null,"ariaLabel":null,"testId":null,"dataLoc":null,"href":null,"text":"","selectorHint":"input"},"value":"serdtyuio"}}
[2026-07-23T09:20:40.934Z] {"timestamp":1784798440778,"kind":"focusout","url":"http://localhost:3001/user/profile","viewport":{"width":412,"height":915},"payload":{"target":{"tag":"input","id":null,"name":null,"type":"text","role":null,"ariaLabel":null,"testId":null,"dataLoc":null,"href":null,"text":"","selectorHint":"input"},"value":"serdtyuio"}}
[2026-07-23T09:20:40.934Z] {"timestamp":1784798440779,"kind":"focusin","url":"http://localhost:3001/user/profile","viewport":{"width":412,"height":915},"payload":{"target":{"tag":"input","id":null,"name":null,"type":"text","role":null,"ariaLabel":null,"testId":null,"dataLoc":null,"href":null,"text":"","selectorHint":"input"}}}
[2026-07-23T09:20:40.934Z] {"timestamp":1784798440781,"kind":"click","url":"http://localhost:3001/user/profile","viewport":{"width":412,"height":915},"payload":{"target":{"tag":"input","id":null,"name":null,"type":"text","role":null,"ariaLabel":null,"testId":null,"dataLoc":null,"href":null,"text":"","selectorHint":"input"},"x":147,"y":604}}
[2026-07-23T09:20:42.932Z] {"timestamp":1784798442719,"kind":"change","url":"http://localhost:3001/user/profile","viewport":{"width":412,"height":915},"payload":{"target":{"tag":"input","id":null,"name":null,"type":"text","role":null,"ariaLabel":null,"testId":null,"dataLoc":null,"href":null,"text":"","selectorHint":"input"},"value":"sdfghjkl;"}}
[2026-07-23T09:20:42.933Z] {"timestamp":1784798442719,"kind":"focusout","url":"http://localhost:3001/user/profile","viewport":{"width":412,"height":915},"payload":{"target":{"tag":"input","id":null,"name":null,"type":"text","role":null,"ariaLabel":null,"testId":null,"dataLoc":null,"href":null,"text":"","selectorHint":"input"},"value":"sdfghjkl;"}}
[2026-07-23T09:20:42.933Z] {"timestamp":1784798442720,"kind":"focusin","url":"http://localhost:3001/user/profile","viewport":{"width":412,"height":915},"payload":{"target":{"tag":"input","id":null,"name":null,"type":"text","role":null,"ariaLabel":null,"testId":null,"dataLoc":null,"href":null,"text":"","selectorHint":"input"}}}
[2026-07-23T09:20:42.933Z] {"timestamp":1784798442722,"kind":"click","url":"http://localhost:3001/user/profile","viewport":{"width":412,"height":915},"payload":{"target":{"tag":"input","id":null,"name":null,"type":"text","role":null,"ariaLabel":null,"testId":null,"dataLoc":null,"href":null,"text":"","selectorHint":"input"},"x":144,"y":652}}
[2026-07-23T09:20:46.937Z] {"timestamp":1784798445000,"kind":"change","url":"http://localhost:3001/user/profile","viewport":{"width":412,"height":915},"payload":{"target":{"tag":"input","id":null,"name":null,"type":"text","role":null,"ariaLabel":null,"testId":null,"dataLoc":null,"href":null,"text":"","selectorHint":"input"},"value":"waesrdfghjkl;"}}
[2026-07-23T09:20:46.937Z] {"timestamp":1784798445000,"kind":"focusout","url":"http://localhost:3001/user/profile","viewport":{"width":412,"height":915},"payload":{"target":{"tag":"input","id":null,"name":null,"type":"text","role":null,"ariaLabel":null,"testId":null,"dataLoc":null,"href":null,"text":"","selectorHint":"input"},"value":"waesrdfghjkl;"}}
[2026-07-23T09:20:46.937Z] {"timestamp":1784798445001,"kind":"focusin","url":"http://localhost:3001/user/profile","viewport":{"width":412,"height":915},"payload":{"target":{"tag":"textarea","id":null,"name":null,"type":null,"role":null,"ariaLabel":null,"testId":null,"dataLoc":null,"href":null,"text":"","selectorHint":"textarea"}}}
[2026-07-23T09:20:46.937Z] {"timestamp":1784798445002,"kind":"click","url":"http://localhost:3001/user/profile","viewport":{"width":412,"height":915},"payload":{"target":{"tag":"textarea","id":null,"name":null,"type":null,"role":null,"ariaLabel":null,"testId":null,"dataLoc":null,"href":null,"text":"","selectorHint":"textarea"},"x":118,"y":701}}
[2026-07-23T09:20:48.934Z] {"timestamp":1784798447254,"kind":"change","url":"http://localhost:3001/user/profile","viewport":{"width":412,"height":915},"payload":{"target":{"tag":"textarea","id":null,"name":null,"type":null,"role":null,"ariaLabel":null,"testId":null,"dataLoc":null,"href":null,"text":"sdfghjkl;'","selectorHint":"textarea"},"value":"sdfghjkl;'"}}
[2026-07-23T09:20:48.934Z] {"timestamp":1784798447255,"kind":"focusout","url":"http://localhost:3001/user/profile","viewport":{"width":412,"height":915},"payload":{"target":{"tag":"textarea","id":null,"name":null,"type":null,"role":null,"ariaLabel":null,"testId":null,"dataLoc":null,"href":null,"text":"sdfghjkl;'","selectorHint":"textarea"},"value":"sdfghjkl;'"}}
[2026-07-23T09:20:48.934Z] {"timestamp":1784798447255,"kind":"focusin","url":"http://localhost:3001/user/profile","viewport":{"width":412,"height":915},"payload":{"target":{"tag":"button","id":null,"name":null,"type":null,"role":null,"ariaLabel":null,"testId":null,"dataLoc":null,"href":null,"text":"Save Experience","selectorHint":"button"}}}
[2026-07-23T09:20:48.934Z] {"timestamp":1784798447256,"kind":"click","url":"http://localhost:3001/user/profile","viewport":{"width":412,"height":915},"payload":{"target":{"tag":"button","id":null,"name":null,"type":null,"role":null,"ariaLabel":null,"testId":null,"dataLoc":null,"href":null,"text":"Save Experience","selectorHint":"button"},"x":136,"y":774}}
[2026-07-23T09:20:48.934Z] {"timestamp":1784798447271,"kind":"focusout","url":"http://localhost:3001/user/profile","viewport":{"width":412,"height":915},"payload":{"target":{"tag":"button","id":null,"name":null,"type":null,"role":null,"ariaLabel":null,"testId":null,"dataLoc":null,"href":null,"text":"Save Experience","selectorHint":"button"},"value":null}}
[2026-07-23T09:20:50.932Z] {"timestamp":1784798449853,"kind":"focusin","url":"http://localhost:3001/user/profile","viewport":{"width":412,"height":915},"payload":{"target":{"tag":"button","id":"radix-_r_6_-trigger-education","name":null,"type":null,"role":"tab","ariaLabel":null,"testId":null,"dataLoc":null,"href":null,"text":"Education","selectorHint":"#radix-_r_6_-trigger-education"}}}
[2026-07-23T09:20:50.932Z] {"timestamp":1784798449855,"kind":"click","url":"http://localhost:3001/user/profile","viewport":{"width":412,"height":915},"payload":{"target":{"tag":"button","id":"radix-_r_6_-trigger-education","name":null,"type":null,"role":"tab","ariaLabel":null,"testId":null,"dataLoc":null,"href":null,"text":"Education","selectorHint":"#radix-_r_6_-trigger-education"},"x":323,"y":385}}
[2026-07-23T09:20:52.929Z] {"timestamp":1784798451512,"kind":"focusout","url":"http://localhost:3001/user/profile","viewport":{"width":412,"height":915},"payload":{"target":{"tag":"button","id":"radix-_r_6_-trigger-education","name":null,"type":null,"role":"tab","ariaLabel":null,"testId":null,"dataLoc":null,"href":null,"text":"Education","selectorHint":"#radix-_r_6_-trigger-education"},"value":null}}
[2026-07-23T09:20:52.929Z] {"timestamp":1784798451512,"kind":"focusin","url":"http://localhost:3001/user/profile","viewport":{"width":412,"height":915},"payload":{"target":{"tag":"button","id":null,"name":null,"type":null,"role":null,"ariaLabel":null,"testId":null,"dataLoc":null,"href":null,"text":"Add Education","selectorHint":"button"}}}
[2026-07-23T09:20:52.929Z] {"timestamp":1784798451513,"kind":"click","url":"http://localhost:3001/user/profile","viewport":{"width":412,"height":915},"payload":{"target":{"tag":"button","id":null,"name":null,"type":null,"role":null,"ariaLabel":null,"testId":null,"dataLoc":null,"href":null,"text":"Add Education","selectorHint":"button"},"x":300,"y":457}}
[2026-07-23T09:20:54.968Z] {"timestamp":1784798452929,"kind":"focusout","url":"http://localhost:3001/user/profile","viewport":{"width":412,"height":915},"payload":{"target":{"tag":"button","id":null,"name":null,"type":null,"role":null,"ariaLabel":null,"testId":null,"dataLoc":null,"href":null,"text":"Add Education","selectorHint":"button"},"value":null}}
[2026-07-23T09:20:54.968Z] {"timestamp":1784798452930,"kind":"focusin","url":"http://localhost:3001/user/profile","viewport":{"width":412,"height":915},"payload":{"target":{"tag":"input","id":null,"name":null,"type":"text","role":null,"ariaLabel":null,"testId":null,"dataLoc":null,"href":null,"text":"","selectorHint":"input"}}}
[2026-07-23T09:20:54.968Z] {"timestamp":1784798452931,"kind":"click","url":"http://localhost:3001/user/profile","viewport":{"width":412,"height":915},"payload":{"target":{"tag":"input","id":null,"name":null,"type":"text","role":null,"ariaLabel":null,"testId":null,"dataLoc":null,"href":null,"text":"","selectorHint":"input"},"x":144,"y":548}}
[2026-07-23T09:20:56.936Z] {"timestamp":1784798455162,"kind":"change","url":"http://localhost:3001/user/profile","viewport":{"width":412,"height":915},"payload":{"target":{"tag":"input","id":null,"name":null,"type":"text","role":null,"ariaLabel":null,"testId":null,"dataLoc":null,"href":null,"text":"","selectorHint":"input"},"value":"asdfghjkl;"}}
[2026-07-23T09:20:56.936Z] {"timestamp":1784798455162,"kind":"focusout","url":"http://localhost:3001/user/profile","viewport":{"width":412,"height":915},"payload":{"target":{"tag":"input","id":null,"name":null,"type":"text","role":null,"ariaLabel":null,"testId":null,"dataLoc":null,"href":null,"text":"","selectorHint":"input"},"value":"asdfghjkl;"}}
[2026-07-23T09:20:56.936Z] {"timestamp":1784798455163,"kind":"focusin","url":"http://localhost:3001/user/profile","viewport":{"width":412,"height":915},"payload":{"target":{"tag":"input","id":null,"name":null,"type":"text","role":null,"ariaLabel":null,"testId":null,"dataLoc":null,"href":null,"text":"","selectorHint":"input"}}}
[2026-07-23T09:20:56.936Z] {"timestamp":1784798455164,"kind":"click","url":"http://localhost:3001/user/profile","viewport":{"width":412,"height":915},"payload":{"target":{"tag":"input","id":null,"name":null,"type":"text","role":null,"ariaLabel":null,"testId":null,"dataLoc":null,"href":null,"text":"","selectorHint":"input"},"x":139,"y":596}}
[2026-07-23T09:20:58.939Z] {"timestamp":1784798457323,"kind":"change","url":"http://localhost:3001/user/profile","viewport":{"width":412,"height":915},"payload":{"target":{"tag":"input","id":null,"name":null,"type":"text","role":null,"ariaLabel":null,"testId":null,"dataLoc":null,"href":null,"text":"","selectorHint":"input"},"value":"sdfghjkl;"}}
[2026-07-23T09:20:58.939Z] {"timestamp":1784798457324,"kind":"focusout","url":"http://localhost:3001/user/profile","viewport":{"width":412,"height":915},"payload":{"target":{"tag":"input","id":null,"name":null,"type":"text","role":null,"ariaLabel":null,"testId":null,"dataLoc":null,"href":null,"text":"","selectorHint":"input"},"value":"sdfghjkl;"}}
[2026-07-23T09:20:58.939Z] {"timestamp":1784798457326,"kind":"focusin","url":"http://localhost:3001/user/profile","viewport":{"width":412,"height":915},"payload":{"target":{"tag":"input","id":null,"name":null,"type":"text","role":null,"ariaLabel":null,"testId":null,"dataLoc":null,"href":null,"text":"","selectorHint":"input"}}}
[2026-07-23T09:20:58.939Z] {"timestamp":1784798457328,"kind":"click","url":"http://localhost:3001/user/profile","viewport":{"width":412,"height":915},"payload":{"target":{"tag":"input","id":null,"name":null,"type":"text","role":null,"ariaLabel":null,"testId":null,"dataLoc":null,"href":null,"text":"","selectorHint":"input"},"x":133,"y":652}}
[2026-07-23T09:21:00.935Z] {"timestamp":1784798459496,"kind":"change","url":"http://localhost:3001/user/profile","viewport":{"width":412,"height":915},"payload":{"target":{"tag":"input","id":null,"name":null,"type":"text","role":null,"ariaLabel":null,"testId":null,"dataLoc":null,"href":null,"text":"","selectorHint":"input"},"value":"sdfghjkl;'"}}
[2026-07-23T09:21:00.935Z] {"timestamp":1784798459497,"kind":"focusout","url":"http://localhost:3001/user/profile","viewport":{"width":412,"height":915},"payload":{"target":{"tag":"input","id":null,"name":null,"type":"text","role":null,"ariaLabel":null,"testId":null,"dataLoc":null,"href":null,"text":"","selectorHint":"input"},"value":"sdfghjkl;'"}}
[2026-07-23T09:21:00.935Z] {"timestamp":1784798459497,"kind":"focusin","url":"http://localhost:3001/user/profile","viewport":{"width":412,"height":915},"payload":{"target":{"tag":"button","id":null,"name":null,"type":null,"role":null,"ariaLabel":null,"testId":null,"dataLoc":null,"href":null,"text":"Save Education","selectorHint":"button"}}}
[2026-07-23T09:21:00.935Z] {"timestamp":1784798459498,"kind":"click","url":"http://localhost:3001/user/profile","viewport":{"width":412,"height":915},"payload":{"target":{"tag":"button","id":null,"name":null,"type":null,"role":null,"ariaLabel":null,"testId":null,"dataLoc":null,"href":null,"text":"Save Education","selectorHint":"button"},"x":124,"y":700}}
[2026-07-23T09:21:00.935Z] {"timestamp":1784798459513,"kind":"focusout","url":"http://localhost:3001/user/profile","viewport":{"width":412,"height":915},"payload":{"target":{"tag":"button","id":null,"name":null,"type":null,"role":null,"ariaLabel":null,"testId":null,"dataLoc":null,"href":null,"text":"Save Education","selectorHint":"button"},"value":null}}
[2026-07-23T09:21:00.935Z] {"timestamp":1784798460401,"kind":"scroll","url":"http://localhost:3001/user/profile","viewport":{"width":412,"height":915},"payload":{"scrollX":0,"scrollY":528,"documentHeight":1558,"viewportHeight":915}}
[2026-07-23T09:21:03.034Z] {"timestamp":1784798462073,"kind":"click","url":"http://localhost:3001/user/profile","viewport":{"width":412,"height":915},"payload":{"target":{"tag":"label","id":null,"name":null,"type":null,"role":null,"ariaLabel":null,"testId":null,"dataLoc":null,"href":null,"text":"Choose Resume","selectorHint":"label"},"x":187,"y":814}}
[2026-07-23T09:21:03.034Z] {"timestamp":1784798462073,"kind":"click","url":"http://localhost:3001/user/profile","viewport":{"width":412,"height":915},"payload":{"target":{"tag":"input","id":"resume-upload","name":null,"type":"file","role":null,"ariaLabel":null,"testId":null,"dataLoc":null,"href":null,"text":"","selectorHint":"#resume-upload"},"x":187,"y":814}}
[2026-07-23T09:21:06.950Z] {"timestamp":1784798466886,"kind":"change","url":"http://localhost:3001/user/profile","viewport":{"width":412,"height":915},"payload":{"target":{"tag":"input","id":"resume-upload","name":null,"type":"file","role":null,"ariaLabel":null,"testId":null,"dataLoc":null,"href":null,"text":"","selectorHint":"#resume-upload"},"value":"C:\\fakepath\\N.Manvitha(SVIST) (1).pdf"}}
[2026-07-23T09:21:08.937Z] {"timestamp":1784798468162,"kind":"scroll","url":"http://localhost:3001/user/profile","viewport":{"width":412,"height":915},"payload":{"scrollX":0,"scrollY":641.5999755859375,"documentHeight":1558,"viewportHeight":915}}
[2026-07-23T09:21:08.937Z] {"timestamp":1784798468678,"kind":"scroll","url":"http://localhost:3001/user/profile","viewport":{"width":412,"height":915},"payload":{"scrollX":0,"scrollY":503.20001220703125,"documentHeight":1558,"viewportHeight":915}}
[2026-07-23T09:21:10.943Z] {"timestamp":1784798469184,"kind":"scroll","url":"http://localhost:3001/user/profile","viewport":{"width":412,"height":915},"payload":{"scrollX":0,"scrollY":376.79998779296875,"documentHeight":1558,"viewportHeight":915}}
[2026-07-23T09:21:10.943Z] {"timestamp":1784798470279,"kind":"scroll","url":"http://localhost:3001/user/profile","viewport":{"width":412,"height":915},"payload":{"scrollX":0,"scrollY":19.200000762939453,"documentHeight":1558,"viewportHeight":915}}
[2026-07-23T09:21:12.940Z] {"timestamp":1784798471393,"kind":"scroll","url":"http://localhost:3001/user/profile","viewport":{"width":412,"height":915},"payload":{"scrollX":0,"scrollY":626.4000244140625,"documentHeight":1558,"viewportHeight":915}}
[2026-07-23T09:21:15.251Z] {"timestamp":1784798473280,"kind":"focusin","url":"http://localhost:3001/user/profile","viewport":{"width":412,"height":915},"payload":{"target":{"tag":"button","id":null,"name":null,"type":null,"role":null,"ariaLabel":null,"testId":null,"dataLoc":null,"href":null,"text":"Save Changes","selectorHint":"button"}}}
[2026-07-23T09:21:15.251Z] {"timestamp":1784798473280,"kind":"click","url":"http://localhost:3001/user/profile","viewport":{"width":412,"height":915},"payload":{"target":{"tag":"button","id":null,"name":null,"type":null,"role":null,"ariaLabel":null,"testId":null,"dataLoc":null,"href":null,"text":"Save Changes","selectorHint":"button"},"x":115,"y":806}}
[2026-07-23T09:21:15.251Z] {"timestamp":1784798475149,"kind":"focusout","url":"http://localhost:3001/user/profile","viewport":{"width":412,"height":915},"payload":{"target":{"tag":"button","id":null,"name":null,"type":null,"role":null,"ariaLabel":null,"testId":null,"dataLoc":null,"href":null,"text":"Save Changes","selectorHint":"button"},"value":null}}
[2026-07-23T09:21:16.930Z] {"timestamp":1784798476302,"kind":"scroll","url":"http://localhost:3001/user/profile","viewport":{"width":412,"height":915},"payload":{"scrollX":0,"scrollY":2.4000000953674316,"documentHeight":1235,"viewportHeight":915}}
[2026-07-23T09:21:18.929Z] {"timestamp":1784798477064,"kind":"scroll","url":"http://localhost:3001/user/profile","viewport":{"width":412,"height":915},"payload":{"scrollX":0,"scrollY":238.39999389648438,"documentHeight":1235,"viewportHeight":915}}
[2026-07-23T09:21:18.929Z] {"timestamp":1784798478302,"kind":"scroll","url":"http://localhost:3001/user/profile","viewport":{"width":412,"height":915},"payload":{"scrollX":0,"scrollY":8.800000190734863,"documentHeight":1235,"viewportHeight":915}}
[2026-07-23T09:21:21.005Z] {"timestamp":1784798479049,"kind":"scroll","url":"http://localhost:3001/user/profile","viewport":{"width":412,"height":915},"payload":{"scrollX":0,"scrollY":144,"documentHeight":1235,"viewportHeight":915}}
[2026-07-23T09:21:21.005Z] {"timestamp":1784798480702,"kind":"focusin","url":"http://localhost:3001/user/profile","viewport":{"width":412,"height":915},"payload":{"target":{"tag":"button","id":null,"name":null,"type":null,"role":null,"ariaLabel":null,"testId":null,"dataLoc":null,"href":null,"text":"Back to Dashboard","selectorHint":"button"}}}
[2026-07-23T09:21:21.005Z] {"timestamp":1784798480702,"kind":"click","url":"http://localhost:3001/user/profile","viewport":{"width":412,"height":915},"payload":{"target":{"tag":"path","id":null,"name":null,"type":null,"role":null,"ariaLabel":null,"testId":null,"dataLoc":null,"href":null,"text":"","selectorHint":"path"},"x":21,"y":28}}
[2026-07-23T09:21:21.005Z] {"timestamp":1784798480703,"kind":"navigate","url":"http://localhost:3001/user/dashboard","viewport":{"width":412,"height":915},"payload":{"reason":"pushState"}}
[2026-07-23T09:21:21.005Z] {"timestamp":1784798480751,"kind":"focusout","url":"http://localhost:3001/user/dashboard","viewport":{"width":412,"height":915},"payload":{"target":{"tag":"button","id":null,"name":null,"type":null,"role":null,"ariaLabel":null,"testId":null,"dataLoc":null,"href":null,"text":"Back to Dashboard","selectorHint":"button"},"value":null}}
[2026-07-23T09:21:22.937Z] {"timestamp":1784798482212,"kind":"scroll","url":"http://localhost:3001/user/dashboard","viewport":{"width":412,"height":915},"payload":{"scrollX":0,"scrollY":18.399999618530273,"documentHeight":2791,"viewportHeight":915}}
[2026-07-23T09:21:24.938Z] {"timestamp":1784798483076,"kind":"scroll","url":"http://localhost:3001/user/dashboard","viewport":{"width":412,"height":915},"payload":{"scrollX":0,"scrollY":204,"documentHeight":2791,"viewportHeight":915}}
[2026-07-23T09:21:24.938Z] {"timestamp":1784798483577,"kind":"scroll","url":"http://localhost:3001/user/dashboard","viewport":{"width":412,"height":915},"payload":{"scrollX":0,"scrollY":512.7999877929688,"documentHeight":2791,"viewportHeight":915}}
[2026-07-23T09:21:24.938Z] {"timestamp":1784798484077,"kind":"scroll","url":"http://localhost:3001/user/dashboard","viewport":{"width":412,"height":915},"payload":{"scrollX":0,"scrollY":795.2000122070312,"documentHeight":2791,"viewportHeight":915}}
[2026-07-23T09:21:24.938Z] {"timestamp":1784798484611,"kind":"scroll","url":"http://localhost:3001/user/dashboard","viewport":{"width":412,"height":915},"payload":{"scrollX":0,"scrollY":952,"documentHeight":2791,"viewportHeight":915}}
[2026-07-23T09:21:26.939Z] {"timestamp":1784798485132,"kind":"scroll","url":"http://localhost:3001/user/dashboard","viewport":{"width":412,"height":915},"payload":{"scrollX":0,"scrollY":748,"documentHeight":2791,"viewportHeight":915}}
[2026-07-23T09:21:26.940Z] {"timestamp":1784798485645,"kind":"scroll","url":"http://localhost:3001/user/dashboard","viewport":{"width":412,"height":915},"payload":{"scrollX":0,"scrollY":1610.4000244140625,"documentHeight":2791,"viewportHeight":915}}
[2026-07-23T09:21:26.940Z] {"timestamp":1784798486160,"kind":"scroll","url":"http://localhost:3001/user/dashboard","viewport":{"width":412,"height":915},"payload":{"scrollX":0,"scrollY":1819.199951171875,"documentHeight":2791,"viewportHeight":915}}
[2026-07-23T09:21:36.939Z] {"timestamp":1784798496220,"kind":"scroll","url":"http://localhost:3001/user/dashboard","viewport":{"width":412,"height":915},"payload":{"scrollX":0,"scrollY":1872.800048828125,"documentHeight":2791,"viewportHeight":915}}
[2026-07-23T09:21:38.933Z] {"timestamp":1784798497821,"kind":"focusin","url":"http://localhost:3001/user/dashboard","viewport":{"width":412,"height":915},"payload":{"target":{"tag":"button","id":null,"name":null,"type":null,"role":null,"ariaLabel":null,"testId":null,"dataLoc":null,"href":null,"text":"View All","selectorHint":"button"}}}
[2026-07-23T09:21:38.933Z] {"timestamp":1784798497822,"kind":"click","url":"http://localhost:3001/user/dashboard","viewport":{"width":412,"height":915},"payload":{"target":{"tag":"button","id":null,"name":null,"type":null,"role":null,"ariaLabel":null,"testId":null,"dataLoc":null,"href":null,"text":"View All","selectorHint":"button"},"x":344,"y":252}}
[2026-07-23T09:21:38.933Z] {"timestamp":1784798497823,"kind":"navigate","url":"http://localhost:3001/user/applications","viewport":{"width":412,"height":915},"payload":{"reason":"pushState"}}
[2026-07-23T09:21:38.933Z] {"timestamp":1784798497860,"kind":"focusout","url":"http://localhost:3001/user/applications","viewport":{"width":412,"height":915},"payload":{"target":{"tag":"button","id":null,"name":null,"type":null,"role":null,"ariaLabel":null,"testId":null,"dataLoc":null,"href":null,"text":"View All","selectorHint":"button"},"value":null}}
[2026-07-23T09:21:38.933Z] {"timestamp":1784798497917,"kind":"scroll","url":"http://localhost:3001/user/applications","viewport":{"width":412,"height":915},"payload":{"scrollX":0,"scrollY":418.3999938964844,"documentHeight":1334,"viewportHeight":915}}
[2026-07-23T09:21:40.946Z] {"timestamp":1784798499031,"kind":"scroll","url":"http://localhost:3001/user/applications","viewport":{"width":412,"height":915},"payload":{"scrollX":0,"scrollY":201.60000610351562,"documentHeight":1334,"viewportHeight":915}}
[2026-07-23T09:21:40.946Z] {"timestamp":1784798499977,"kind":"scroll","url":"http://localhost:3001/user/applications","viewport":{"width":412,"height":915},"payload":{"scrollX":0,"scrollY":44,"documentHeight":1334,"viewportHeight":915}}
[2026-07-23T09:21:42.938Z] {"timestamp":1784798502012,"kind":"focusin","url":"http://localhost:3001/user/applications","viewport":{"width":412,"height":915},"payload":{"target":{"tag":"button","id":null,"name":null,"type":null,"role":null,"ariaLabel":null,"testId":null,"dataLoc":null,"href":null,"text":"Back to Dashboard","selectorHint":"button"}}}
[2026-07-23T09:21:42.938Z] {"timestamp":1784798502013,"kind":"click","url":"http://localhost:3001/user/applications","viewport":{"width":412,"height":915},"payload":{"target":{"tag":"svg","id":null,"name":null,"type":null,"role":null,"ariaLabel":null,"testId":null,"dataLoc":null,"href":null,"text":"","selectorHint":"svg"},"x":21,"y":28}}
[2026-07-23T09:21:42.938Z] {"timestamp":1784798502014,"kind":"navigate","url":"http://localhost:3001/user/dashboard","viewport":{"width":412,"height":915},"payload":{"reason":"pushState"}}
[2026-07-23T09:21:42.938Z] {"timestamp":1784798502038,"kind":"focusout","url":"http://localhost:3001/user/dashboard","viewport":{"width":412,"height":915},"payload":{"target":{"tag":"button","id":null,"name":null,"type":null,"role":null,"ariaLabel":null,"testId":null,"dataLoc":null,"href":null,"text":"Back to Dashboard","selectorHint":"button"},"value":null}}
[2026-07-23T09:21:44.937Z] {"timestamp":1784798503217,"kind":"scroll","url":"http://localhost:3001/user/dashboard","viewport":{"width":412,"height":915},"payload":{"scrollX":0,"scrollY":515.2000122070312,"documentHeight":2791,"viewportHeight":915}}
[2026-07-23T09:21:44.937Z] {"timestamp":1784798503731,"kind":"scroll","url":"http://localhost:3001/user/dashboard","viewport":{"width":412,"height":915},"payload":{"scrollX":0,"scrollY":785.5999755859375,"documentHeight":2791,"viewportHeight":915}}
[2026-07-23T09:21:44.937Z] {"timestamp":1784798504233,"kind":"scroll","url":"http://localhost:3001/user/dashboard","viewport":{"width":412,"height":915},"payload":{"scrollX":0,"scrollY":1118.4000244140625,"documentHeight":2791,"viewportHeight":915}}
[2026-07-23T09:21:44.937Z] {"timestamp":1784798504744,"kind":"scroll","url":"http://localhost:3001/user/dashboard","viewport":{"width":412,"height":915},"payload":{"scrollX":0,"scrollY":1313.5999755859375,"documentHeight":2791,"viewportHeight":915}}
[2026-07-23T09:21:46.933Z] {"timestamp":1784798506328,"kind":"scroll","url":"http://localhost:3001/user/dashboard","viewport":{"width":412,"height":915},"payload":{"scrollX":0,"scrollY":1814.4000244140625,"documentHeight":2791,"viewportHeight":915}}
[2026-07-23T09:21:46.933Z] {"timestamp":1784798506843,"kind":"scroll","url":"http://localhost:3001/user/dashboard","viewport":{"width":412,"height":915},"payload":{"scrollX":0,"scrollY":1051.199951171875,"documentHeight":2791,"viewportHeight":915}}
[2026-07-23T09:21:48.934Z] {"timestamp":1784798507346,"kind":"scroll","url":"http://localhost:3001/user/dashboard","viewport":{"width":412,"height":915},"payload":{"scrollX":0,"scrollY":932.7999877929688,"documentHeight":2791,"viewportHeight":915}}
[2026-07-23T09:21:48.934Z] {"timestamp":1784798507862,"kind":"scroll","url":"http://localhost:3001/user/dashboard","viewport":{"width":412,"height":915},"payload":{"scrollX":0,"scrollY":896.7999877929688,"documentHeight":2791,"viewportHeight":915}}
[2026-07-23T09:21:48.934Z] {"timestamp":1784798508377,"kind":"scroll","url":"http://localhost:3001/user/dashboard","viewport":{"width":412,"height":915},"payload":{"scrollX":0,"scrollY":548,"documentHeight":2791,"viewportHeight":915}}
[2026-07-23T09:21:48.934Z] {"timestamp":1784798508877,"kind":"scroll","url":"http://localhost:3001/user/dashboard","viewport":{"width":412,"height":915},"payload":{"scrollX":0,"scrollY":259.20001220703125,"documentHeight":2791,"viewportHeight":915}}
[2026-07-23T09:21:50.934Z] {"timestamp":1784798509377,"kind":"scroll","url":"http://localhost:3001/user/dashboard","viewport":{"width":412,"height":915},"payload":{"scrollX":0,"scrollY":214.39999389648438,"documentHeight":2791,"viewportHeight":915}}
[2026-07-23T09:21:52.936Z] {"timestamp":1784798512118,"kind":"scroll","url":"http://localhost:3001/user/dashboard","viewport":{"width":412,"height":915},"payload":{"scrollX":0,"scrollY":207.1999969482422,"documentHeight":2791,"viewportHeight":915}}
[2026-07-23T09:21:58.937Z] {"timestamp":1784798518087,"kind":"focusin","url":"http://localhost:3001/user/dashboard","viewport":{"width":412,"height":915},"payload":{"target":{"tag":"button","id":null,"name":null,"type":null,"role":null,"ariaLabel":null,"testId":null,"dataLoc":null,"href":null,"text":"Browse Jobs","selectorHint":"button"}}}
[2026-07-23T09:21:58.937Z] {"timestamp":1784798518087,"kind":"click","url":"http://localhost:3001/user/dashboard","viewport":{"width":412,"height":915},"payload":{"target":{"tag":"button","id":null,"name":null,"type":null,"role":null,"ariaLabel":null,"testId":null,"dataLoc":null,"href":null,"text":"Browse Jobs","selectorHint":"button"},"x":325,"y":43}}
[2026-07-23T09:21:58.937Z] {"timestamp":1784798518089,"kind":"navigate","url":"http://localhost:3001/user/browse-jobs","viewport":{"width":412,"height":915},"payload":{"reason":"pushState"}}
[2026-07-23T09:21:58.937Z] {"timestamp":1784798518145,"kind":"focusout","url":"http://localhost:3001/user/browse-jobs","viewport":{"width":412,"height":915},"payload":{"target":{"tag":"button","id":null,"name":null,"type":null,"role":null,"ariaLabel":null,"testId":null,"dataLoc":null,"href":null,"text":"Browse Jobs","selectorHint":"button"},"value":null}}
[2026-07-23T09:22:02.933Z] {"timestamp":1784798521704,"kind":"scroll","url":"http://localhost:3001/user/browse-jobs","viewport":{"width":412,"height":915},"payload":{"scrollX":0,"scrollY":11.199999809265137,"documentHeight":1674,"viewportHeight":915}}
[2026-07-23T09:22:02.933Z] {"timestamp":1784798522212,"kind":"scroll","url":"http://localhost:3001/user/browse-jobs","viewport":{"width":412,"height":915},"payload":{"scrollX":0,"scrollY":562.4000244140625,"documentHeight":1674,"viewportHeight":915}}
[2026-07-23T09:22:04.929Z] {"timestamp":1784798523104,"kind":"scroll","url":"http://localhost:3001/user/browse-jobs","viewport":{"width":412,"height":915},"payload":{"scrollX":0,"scrollY":677.5999755859375,"documentHeight":1674,"viewportHeight":915}}
[2026-07-23T09:22:04.929Z] {"timestamp":1784798523646,"kind":"scroll","url":"http://localhost:3001/user/browse-jobs","viewport":{"width":412,"height":915},"payload":{"scrollX":0,"scrollY":76,"documentHeight":1674,"viewportHeight":915}}
[2026-07-23T09:22:06.963Z] {"timestamp":1784798525213,"kind":"focusin","url":"http://localhost:3001/user/browse-jobs","viewport":{"width":412,"height":915},"payload":{"target":{"tag":"button","id":null,"name":null,"type":null,"role":null,"ariaLabel":null,"testId":null,"dataLoc":null,"href":null,"text":"View Details","selectorHint":"button"}}}
[2026-07-23T09:22:06.963Z] {"timestamp":1784798525214,"kind":"click","url":"http://localhost:3001/user/browse-jobs","viewport":{"width":412,"height":915},"payload":{"target":{"tag":"button","id":null,"name":null,"type":null,"role":null,"ariaLabel":null,"testId":null,"dataLoc":null,"href":null,"text":"View Details","selectorHint":"button"},"x":140,"y":428}}
[2026-07-23T09:22:06.963Z] {"timestamp":1784798525215,"kind":"navigate","url":"http://localhost:3001/user/job/1784788464043","viewport":{"width":412,"height":915},"payload":{"reason":"pushState"}}
[2026-07-23T09:22:06.963Z] {"timestamp":1784798525217,"kind":"focusout","url":"http://localhost:3001/user/job/1784788464043","viewport":{"width":412,"height":915},"payload":{"target":{"tag":"button","id":null,"name":null,"type":null,"role":null,"ariaLabel":null,"testId":null,"dataLoc":null,"href":null,"text":"View Details","selectorHint":"button"},"value":null}}
[2026-07-23T09:22:06.963Z] {"timestamp":1784798525928,"kind":"scroll","url":"http://localhost:3001/user/job/1784788464043","viewport":{"width":412,"height":915},"payload":{"scrollX":0,"scrollY":784.7999877929688,"documentHeight":2246,"viewportHeight":915}}
[2026-07-23T09:22:06.963Z] {"timestamp":1784798526515,"kind":"scroll","url":"http://localhost:3001/user/job/1784788464043","viewport":{"width":412,"height":915},"payload":{"scrollX":0,"scrollY":1331.199951171875,"documentHeight":2246,"viewportHeight":915}}
[2026-07-23T09:22:08.963Z] {"timestamp":1784798527018,"kind":"scroll","url":"http://localhost:3001/user/job/1784788464043","viewport":{"width":412,"height":915},"payload":{"scrollX":0,"scrollY":1241.5999755859375,"documentHeight":2246,"viewportHeight":915}}
[2026-07-23T09:22:08.963Z] {"timestamp":1784798528894,"kind":"focusin","url":"http://localhost:3001/user/job/1784788464043","viewport":{"width":412,"height":915},"payload":{"target":{"tag":"button","id":null,"name":null,"type":null,"role":null,"ariaLabel":null,"testId":null,"dataLoc":null,"href":null,"text":"Back to Browse Jobs","selectorHint":"button"}}}
[2026-07-23T09:22:08.963Z] {"timestamp":1784798528895,"kind":"click","url":"http://localhost:3001/user/job/1784788464043","viewport":{"width":412,"height":915},"payload":{"target":{"tag":"path","id":null,"name":null,"type":null,"role":null,"ariaLabel":null,"testId":null,"dataLoc":null,"href":null,"text":"","selectorHint":"path"},"x":21,"y":28}}
[2026-07-23T09:22:08.963Z] {"timestamp":1784798528895,"kind":"navigate","url":"http://localhost:3001/user/browse-jobs","viewport":{"width":412,"height":915},"payload":{"reason":"pushState"}}
[2026-07-23T09:22:08.963Z] {"timestamp":1784798528919,"kind":"focusout","url":"http://localhost:3001/user/browse-jobs","viewport":{"width":412,"height":915},"payload":{"target":{"tag":"button","id":null,"name":null,"type":null,"role":null,"ariaLabel":null,"testId":null,"dataLoc":null,"href":null,"text":"Back to Browse Jobs","selectorHint":"button"},"value":null}}
[2026-07-23T09:22:10.933Z] {"timestamp":1784798529930,"kind":"focusin","url":"http://localhost:3001/user/browse-jobs","viewport":{"width":412,"height":915},"payload":{"target":{"tag":"button","id":null,"name":null,"type":null,"role":null,"ariaLabel":null,"testId":null,"dataLoc":null,"href":null,"text":"Back to Dashboard","selectorHint":"button"}}}
[2026-07-23T09:22:10.934Z] {"timestamp":1784798529930,"kind":"click","url":"http://localhost:3001/user/browse-jobs","viewport":{"width":412,"height":915},"payload":{"target":{"tag":"path","id":null,"name":null,"type":null,"role":null,"ariaLabel":null,"testId":null,"dataLoc":null,"href":null,"text":"","selectorHint":"path"},"x":21,"y":28}}
[2026-07-23T09:22:10.934Z] {"timestamp":1784798529931,"kind":"navigate","url":"http://localhost:3001/user/dashboard","viewport":{"width":412,"height":915},"payload":{"reason":"pushState"}}
[2026-07-23T09:22:10.934Z] {"timestamp":1784798529949,"kind":"focusout","url":"http://localhost:3001/user/dashboard","viewport":{"width":412,"height":915},"payload":{"target":{"tag":"button","id":null,"name":null,"type":null,"role":null,"ariaLabel":null,"testId":null,"dataLoc":null,"href":null,"text":"Back to Dashboard","selectorHint":"button"},"value":null}}
[2026-07-23T09:22:14.935Z] {"timestamp":1784798534136,"kind":"scroll","url":"http://localhost:3001/user/dashboard","viewport":{"width":412,"height":915},"payload":{"scrollX":0,"scrollY":0.800000011920929,"documentHeight":2791,"viewportHeight":915}}
[2026-07-23T09:22:14.935Z] {"timestamp":1784798534645,"kind":"scroll","url":"http://localhost:3001/user/dashboard","viewport":{"width":412,"height":915},"payload":{"scrollX":0,"scrollY":623.2000122070312,"documentHeight":2791,"viewportHeight":915}}
[2026-07-23T09:22:16.930Z] {"timestamp":1784798535149,"kind":"scroll","url":"http://localhost:3001/user/dashboard","viewport":{"width":412,"height":915},"payload":{"scrollX":0,"scrollY":1100,"documentHeight":2791,"viewportHeight":915}}
[2026-07-23T09:22:16.930Z] {"timestamp":1784798535661,"kind":"scroll","url":"http://localhost:3001/user/dashboard","viewport":{"width":412,"height":915},"payload":{"scrollX":0,"scrollY":1768.800048828125,"documentHeight":2791,"viewportHeight":915}}
[2026-07-23T09:22:19.060Z] {"timestamp":1784798538579,"kind":"focusin","url":"http://localhost:3001/user/dashboard","viewport":{"width":412,"height":915},"payload":{"target":{"tag":"button","id":null,"name":null,"type":null,"role":null,"ariaLabel":null,"testId":null,"dataLoc":null,"href":null,"text":"Edit Profile","selectorHint":"button"}}}
[2026-07-23T09:22:19.060Z] {"timestamp":1784798538580,"kind":"click","url":"http://localhost:3001/user/dashboard","viewport":{"width":412,"height":915},"payload":{"target":{"tag":"button","id":null,"name":null,"type":null,"role":null,"ariaLabel":null,"testId":null,"dataLoc":null,"href":null,"text":"Edit Profile","selectorHint":"button"},"x":248,"y":836}}
[2026-07-23T09:22:19.060Z] {"timestamp":1784798538581,"kind":"navigate","url":"http://localhost:3001/user/profile","viewport":{"width":412,"height":915},"payload":{"reason":"pushState"}}
[2026-07-23T09:22:19.060Z] {"timestamp":1784798538594,"kind":"focusout","url":"http://localhost:3001/user/profile","viewport":{"width":412,"height":915},"payload":{"target":{"tag":"button","id":null,"name":null,"type":null,"role":null,"ariaLabel":null,"testId":null,"dataLoc":null,"href":null,"text":"Edit Profile","selectorHint":"button"},"value":null}}
[2026-07-23T09:22:19.060Z] {"timestamp":1784798538671,"kind":"scroll","url":"http://localhost:3001/user/profile","viewport":{"width":412,"height":915},"payload":{"scrollX":0,"scrollY":244,"documentHeight":1159,"viewportHeight":915}}
[2026-07-23T09:22:20.940Z] {"timestamp":1784798539615,"kind":"scroll","url":"http://localhost:3001/user/profile","viewport":{"width":412,"height":915},"payload":{"scrollX":0,"scrollY":215.1999969482422,"documentHeight":1159,"viewportHeight":915}}
[2026-07-23T09:22:20.940Z] {"timestamp":1784798540903,"kind":"scroll","url":"http://localhost:3001/user/profile","viewport":{"width":412,"height":915},"payload":{"scrollX":0,"scrollY":0.800000011920929,"documentHeight":1159,"viewportHeight":915}}
[2026-07-23T09:22:25.135Z] {"timestamp":1784798544596,"kind":"focusin","url":"http://localhost:3001/user/profile","viewport":{"width":412,"height":915},"payload":{"target":{"tag":"button","id":null,"name":null,"type":null,"role":null,"ariaLabel":null,"testId":null,"dataLoc":null,"href":null,"text":"Back to Dashboard","selectorHint":"button"}}}
[2026-07-23T09:22:25.135Z] {"timestamp":1784798544597,"kind":"click","url":"http://localhost:3001/user/profile","viewport":{"width":412,"height":915},"payload":{"target":{"tag":"path","id":null,"name":null,"type":null,"role":null,"ariaLabel":null,"testId":null,"dataLoc":null,"href":null,"text":"","selectorHint":"path"},"x":24,"y":28}}
[2026-07-23T09:22:25.135Z] {"timestamp":1784798544598,"kind":"navigate","url":"http://localhost:3001/user/dashboard","viewport":{"width":412,"height":915},"payload":{"reason":"pushState"}}
[2026-07-23T09:22:25.135Z] {"timestamp":1784798544628,"kind":"focusout","url":"http://localhost:3001/user/dashboard","viewport":{"width":412,"height":915},"payload":{"target":{"tag":"button","id":null,"name":null,"type":null,"role":null,"ariaLabel":null,"testId":null,"dataLoc":null,"href":null,"text":"Back to Dashboard","selectorHint":"button"},"value":null}}
[2026-07-23T09:22:26.936Z] {"timestamp":1784798545662,"kind":"scroll","url":"http://localhost:3001/user/dashboard","viewport":{"width":412,"height":915},"payload":{"scrollX":0,"scrollY":304.79998779296875,"documentHeight":2791,"viewportHeight":915}}
[2026-07-23T09:22:26.936Z] {"timestamp":1784798546163,"kind":"scroll","url":"http://localhost:3001/user/dashboard","viewport":{"width":412,"height":915},"payload":{"scrollX":0,"scrollY":578.4000244140625,"documentHeight":2791,"viewportHeight":915}}
[2026-07-23T09:22:26.936Z] {"timestamp":1784798546679,"kind":"scroll","url":"http://localhost:3001/user/dashboard","viewport":{"width":412,"height":915},"payload":{"scrollX":0,"scrollY":1012.7999877929688,"documentHeight":2791,"viewportHeight":915}}
[2026-07-23T09:22:28.929Z] {"timestamp":1784798547181,"kind":"scroll","url":"http://localhost:3001/user/dashboard","viewport":{"width":412,"height":915},"payload":{"scrollX":0,"scrollY":1540.800048828125,"documentHeight":2791,"viewportHeight":915}}
[2026-07-23T09:22:28.929Z] {"timestamp":1784798548100,"kind":"scroll","url":"http://localhost:3001/user/dashboard","viewport":{"width":412,"height":915},"payload":{"scrollX":0,"scrollY":1870.4000244140625,"documentHeight":2791,"viewportHeight":915}}
[2026-07-23T09:22:28.930Z] {"timestamp":1784798548612,"kind":"scroll","url":"http://localhost:3001/user/dashboard","viewport":{"width":412,"height":915},"payload":{"scrollX":0,"scrollY":71.19999694824219,"documentHeight":2791,"viewportHeight":915}}
[2026-07-23T09:22:32.932Z] {"timestamp":1784798551257,"kind":"navigate","url":"http://localhost:3001/user/profile","viewport":{"width":412,"height":915},"payload":{"reason":"popstate"}}
[2026-07-23T09:22:32.932Z] {"timestamp":1784798551431,"kind":"scroll","url":"http://localhost:3001/user/profile","viewport":{"width":412,"height":915},"payload":{"scrollX":0,"scrollY":31.200000762939453,"documentHeight":1159,"viewportHeight":915}}
[2026-07-23T09:22:35.729Z] {"timestamp":1784798553796,"kind":"focusin","url":"http://localhost:3001/user/profile","viewport":{"width":412,"height":915},"payload":{"target":{"tag":"button","id":null,"name":null,"type":null,"role":null,"ariaLabel":null,"testId":null,"dataLoc":null,"href":null,"text":"Back to Dashboard","selectorHint":"button"}}}
[2026-07-23T09:22:35.729Z] {"timestamp":1784798553797,"kind":"click","url":"http://localhost:3001/user/profile","viewport":{"width":412,"height":915},"payload":{"target":{"tag":"svg","id":null,"name":null,"type":null,"role":null,"ariaLabel":null,"testId":null,"dataLoc":null,"href":null,"text":"","selectorHint":"svg"},"x":24,"y":27}}
[2026-07-23T09:22:35.729Z] {"timestamp":1784798553798,"kind":"navigate","url":"http://localhost:3001/user/dashboard","viewport":{"width":412,"height":915},"payload":{"reason":"pushState"}}
[2026-07-23T09:22:35.729Z] {"timestamp":1784798553822,"kind":"focusout","url":"http://localhost:3001/user/dashboard","viewport":{"width":412,"height":915},"payload":{"target":{"tag":"button","id":null,"name":null,"type":null,"role":null,"ariaLabel":null,"testId":null,"dataLoc":null,"href":null,"text":"Back to Dashboard","selectorHint":"button"},"value":null}}
[2026-07-23T09:22:36.939Z] {"timestamp":1784798555407,"kind":"navigate","url":"http://localhost:3001/user/profile","viewport":{"width":412,"height":915},"payload":{"reason":"popstate"}}
[2026-07-23T09:22:36.939Z] {"timestamp":1784798556822,"kind":"focusin","url":"http://localhost:3001/user/profile","viewport":{"width":412,"height":915},"payload":{"target":{"tag":"button","id":null,"name":null,"type":null,"role":null,"ariaLabel":null,"testId":null,"dataLoc":null,"href":null,"text":"Back to Dashboard","selectorHint":"button"}}}
[2026-07-23T09:22:36.939Z] {"timestamp":1784798556823,"kind":"click","url":"http://localhost:3001/user/profile","viewport":{"width":412,"height":915},"payload":{"target":{"tag":"path","id":null,"name":null,"type":null,"role":null,"ariaLabel":null,"testId":null,"dataLoc":null,"href":null,"text":"","selectorHint":"path"},"x":20,"y":25}}
[2026-07-23T09:22:36.939Z] {"timestamp":1784798556824,"kind":"navigate","url":"http://localhost:3001/user/dashboard","viewport":{"width":412,"height":915},"payload":{"reason":"pushState"}}
[2026-07-23T09:22:36.939Z] {"timestamp":1784798556851,"kind":"focusout","url":"http://localhost:3001/user/dashboard","viewport":{"width":412,"height":915},"payload":{"target":{"tag":"button","id":null,"name":null,"type":null,"role":null,"ariaLabel":null,"testId":null,"dataLoc":null,"href":null,"text":"Back to Dashboard","selectorHint":"button"},"value":null}}
[2026-07-23T09:22:41.072Z] {"timestamp":1784798559495,"kind":"navigate","url":"http://localhost:3001/user/profile","viewport":{"width":412,"height":915},"payload":{"reason":"popstate"}}
[2026-07-23T09:22:41.072Z] {"timestamp":1784798560333,"kind":"navigate","url":"http://localhost:3001/user/dashboard","viewport":{"width":412,"height":915},"payload":{"reason":"popstate"}}
[2026-07-23T09:22:41.072Z] {"timestamp":1784798560519,"kind":"scroll","url":"http://localhost:3001/user/dashboard","viewport":{"width":412,"height":915},"payload":{"scrollX":0,"scrollY":262.3999938964844,"documentHeight":2791,"viewportHeight":915}}
[2026-07-23T09:22:43.250Z] {"timestamp":1784798561100,"kind":"scroll","url":"http://localhost:3001/user/dashboard","viewport":{"width":412,"height":915},"payload":{"scrollX":0,"scrollY":1868,"documentHeight":2791,"viewportHeight":915}}
[2026-07-23T09:22:43.250Z] {"timestamp":1784798561136,"kind":"navigate","url":"http://localhost:3001/user/browse-jobs","viewport":{"width":412,"height":915},"payload":{"reason":"popstate"}}
[2026-07-23T09:22:43.250Z] {"timestamp":1784798562056,"kind":"navigate","url":"http://localhost:3001/user/job/1784788464043","viewport":{"width":412,"height":915},"payload":{"reason":"popstate"}}
[2026-07-23T09:22:43.250Z] {"timestamp":1784798562085,"kind":"scroll","url":"http://localhost:3001/user/job/1784788464043","viewport":{"width":412,"height":915},"payload":{"scrollX":0,"scrollY":1331.199951171875,"documentHeight":2246,"viewportHeight":915}}
[2026-07-23T09:22:43.250Z] {"timestamp":1784798562620,"kind":"scroll","url":"http://localhost:3001/user/job/1784788464043","viewport":{"width":412,"height":915},"payload":{"scrollX":0,"scrollY":47.20000076293945,"documentHeight":2246,"viewportHeight":915}}
[2026-07-23T09:22:43.250Z] {"timestamp":1784798562789,"kind":"navigate","url":"http://localhost:3001/user/browse-jobs","viewport":{"width":412,"height":915},"payload":{"reason":"popstate"}}
[2026-07-23T09:22:45.002Z] {"timestamp":1784798563712,"kind":"navigate","url":"http://localhost:3001/user/dashboard","viewport":{"width":412,"height":915},"payload":{"reason":"popstate"}}
[2026-07-23T09:22:45.002Z] {"timestamp":1784798564879,"kind":"navigate","url":"http://localhost:3001/user/applications","viewport":{"width":412,"height":915},"payload":{"reason":"popstate"}}
[2026-07-23T09:22:47.244Z] {"timestamp":1784798565014,"kind":"scroll","url":"http://localhost:3001/user/applications","viewport":{"width":412,"height":915},"payload":{"scrollX":0,"scrollY":24,"documentHeight":1334,"viewportHeight":915}}
[2026-07-23T09:22:47.244Z] {"timestamp":1784798565900,"kind":"navigate","url":"http://localhost:3001/user/dashboard","viewport":{"width":412,"height":915},"payload":{"reason":"popstate"}}
[2026-07-23T09:22:47.244Z] {"timestamp":1784798566139,"kind":"scroll","url":"http://localhost:3001/user/dashboard","viewport":{"width":412,"height":915},"payload":{"scrollX":0,"scrollY":524.7999877929688,"documentHeight":2791,"viewportHeight":915}}
[2026-07-23T09:22:47.244Z] {"timestamp":1784798566677,"kind":"scroll","url":"http://localhost:3001/user/dashboard","viewport":{"width":412,"height":915},"payload":{"scrollX":0,"scrollY":1741.5999755859375,"documentHeight":2791,"viewportHeight":915}}
[2026-07-23T09:22:48.939Z] {"timestamp":1784798567217,"kind":"navigate","url":"http://localhost:3001/user/profile","viewport":{"width":412,"height":915},"payload":{"reason":"popstate"}}
[2026-07-23T09:22:48.939Z] {"timestamp":1784798567270,"kind":"scroll","url":"http://localhost:3001/user/profile","viewport":{"width":412,"height":915},"payload":{"scrollX":0,"scrollY":244,"documentHeight":1159,"viewportHeight":915}}
[2026-07-23T09:22:48.939Z] {"timestamp":1784798568218,"kind":"navigate","url":"http://localhost:3001/user/dashboard","viewport":{"width":412,"height":915},"payload":{"reason":"popstate"}}
[2026-07-23T09:22:48.939Z] {"timestamp":1784798568336,"kind":"scroll","url":"http://localhost:3001/user/dashboard","viewport":{"width":412,"height":915},"payload":{"scrollX":0,"scrollY":1.600000023841858,"documentHeight":2791,"viewportHeight":915}}
[2026-07-23T09:22:48.939Z] {"timestamp":1784798568850,"kind":"scroll","url":"http://localhost:3001/user/dashboard","viewport":{"width":412,"height":915},"payload":{"scrollX":0,"scrollY":1779.199951171875,"documentHeight":2791,"viewportHeight":915}}
[2026-07-23T09:22:50.965Z] {"timestamp":1784798569468,"kind":"navigate","url":"http://localhost:3001/user/browse-jobs","viewport":{"width":412,"height":915},"payload":{"reason":"popstate"}}
[2026-07-23T09:22:50.965Z] {"timestamp":1784798569558,"kind":"scroll","url":"http://localhost:3001/user/browse-jobs","viewport":{"width":412,"height":915},"payload":{"scrollX":0,"scrollY":758.4000244140625,"documentHeight":1674,"viewportHeight":915}}
[2026-07-23T09:22:50.965Z] {"timestamp":1784798570062,"kind":"scroll","url":"http://localhost:3001/user/browse-jobs","viewport":{"width":412,"height":915},"payload":{"scrollX":0,"scrollY":0.800000011920929,"documentHeight":1674,"viewportHeight":915}}
[2026-07-23T09:22:50.965Z] {"timestamp":1784798570662,"kind":"navigate","url":"http://localhost:3001/user/dashboard","viewport":{"width":412,"height":915},"payload":{"reason":"popstate"}}
[2026-07-23T09:22:50.965Z] {"timestamp":1784798570787,"kind":"scroll","url":"http://localhost:3001/user/dashboard","viewport":{"width":412,"height":915},"payload":{"scrollX":0,"scrollY":1.600000023841858,"documentHeight":2791,"viewportHeight":915}}
[2026-07-23T09:22:53.031Z] {"timestamp":1784798571288,"kind":"scroll","url":"http://localhost:3001/user/dashboard","viewport":{"width":412,"height":915},"payload":{"scrollX":0,"scrollY":1764.800048828125,"documentHeight":2791,"viewportHeight":915}}
[2026-07-23T09:22:53.031Z] {"timestamp":1784798571839,"kind":"navigate","url":"http://localhost:3001/user/browse-jobs","viewport":{"width":412,"height":915},"payload":{"reason":"popstate"}}
[2026-07-23T09:22:53.031Z] {"timestamp":1784798571935,"kind":"scroll","url":"http://localhost:3001/user/browse-jobs","viewport":{"width":412,"height":915},"payload":{"scrollX":0,"scrollY":758.4000244140625,"documentHeight":1674,"viewportHeight":915}}
[2026-07-23T09:22:53.031Z] {"timestamp":1784798572763,"kind":"navigate","url":"http://localhost:3001/user/dashboard","viewport":{"width":412,"height":915},"payload":{"reason":"popstate"}}
[2026-07-23T09:22:53.031Z] {"timestamp":1784798572891,"kind":"scroll","url":"http://localhost:3001/user/dashboard","viewport":{"width":412,"height":915},"payload":{"scrollX":0,"scrollY":1876,"documentHeight":2791,"viewportHeight":915}}
[2026-07-23T09:22:55.104Z] {"timestamp":1784798573741,"kind":"navigate","url":"http://localhost:3001/user/browse-jobs","viewport":{"width":412,"height":915},"payload":{"reason":"popstate"}}
[2026-07-23T09:22:55.104Z] {"timestamp":1784798573836,"kind":"scroll","url":"http://localhost:3001/user/browse-jobs","viewport":{"width":412,"height":915},"payload":{"scrollX":0,"scrollY":758.4000244140625,"documentHeight":1674,"viewportHeight":915}}
[2026-07-23T09:22:55.104Z] {"timestamp":1784798574719,"kind":"navigate","url":"http://localhost:3001/user/job/1784788464043","viewport":{"width":412,"height":915},"payload":{"reason":"popstate"}}
[2026-07-23T09:22:57.173Z] {"timestamp":1784798575957,"kind":"navigate","url":"http://localhost:3001/user/applications","viewport":{"width":412,"height":915},"payload":{"reason":"popstate"}}
[2026-07-23T09:22:57.173Z] {"timestamp":1784798576151,"kind":"navigate","url":"http://localhost:3001/user/apply/1784788464043","viewport":{"width":412,"height":915},"payload":{"reason":"popstate"}}
[2026-07-23T09:22:57.173Z] {"timestamp":1784798576277,"kind":"scroll","url":"http://localhost:3001/user/apply/1784788464043","viewport":{"width":412,"height":915},"payload":{"scrollX":0,"scrollY":2.4000000953674316,"documentHeight":1269,"viewportHeight":915}}
[2026-07-23T09:22:57.173Z] {"timestamp":1784798576352,"kind":"navigate","url":"http://localhost:3001/user/job/1784788464043","viewport":{"width":412,"height":915},"payload":{"reason":"popstate"}}
[2026-07-23T09:22:58.933Z] {"timestamp":1784798577336,"kind":"navigate","url":"http://localhost:3001/user/browse-jobs","viewport":{"width":412,"height":915},"payload":{"reason":"popstate"}}
[2026-07-23T09:22:58.933Z] {"timestamp":1784798577421,"kind":"scroll","url":"http://localhost:3001/user/browse-jobs","viewport":{"width":412,"height":915},"payload":{"scrollX":0,"scrollY":164.8000030517578,"documentHeight":1674,"viewportHeight":915}}
[2026-07-23T09:22:58.933Z] {"timestamp":1784798577533,"kind":"navigate","url":"http://localhost:3001/user/dashboard","viewport":{"width":412,"height":915},"payload":{"reason":"popstate"}}
[2026-07-23T09:22:58.933Z] {"timestamp":1784798578380,"kind":"navigate","url":"http://localhost:3001/user/applications","viewport":{"width":412,"height":915},"payload":{"reason":"popstate"}}
[2026-07-23T09:22:58.933Z] {"timestamp":1784798578465,"kind":"scroll","url":"http://localhost:3001/user/applications","viewport":{"width":412,"height":915},"payload":{"scrollX":0,"scrollY":418.3999938964844,"documentHeight":1334,"viewportHeight":915}}
[2026-07-23T09:23:01.111Z] {"timestamp":1784798579371,"kind":"navigate","url":"http://localhost:3001/user/dashboard","viewport":{"width":412,"height":915},"payload":{"reason":"popstate"}}
[2026-07-23T09:23:01.111Z] {"timestamp":1784798579513,"kind":"scroll","url":"http://localhost:3001/user/dashboard","viewport":{"width":412,"height":915},"payload":{"scrollX":0,"scrollY":364.79998779296875,"documentHeight":2791,"viewportHeight":915}}
[2026-07-23T09:23:01.111Z] {"timestamp":1784798579686,"kind":"navigate","url":"http://localhost:3001/login","viewport":{"width":412,"height":915},"payload":{"reason":"popstate"}}
[2026-07-23T09:23:01.111Z] {"timestamp":1784798579860,"kind":"navigate","url":"http://localhost:3001/","viewport":{"width":412,"height":915},"payload":{"reason":"popstate"}}
[2026-07-23T09:23:01.111Z] {"timestamp":1784798580036,"kind":"scroll","url":"http://localhost:3001/","viewport":{"width":412,"height":915},"payload":{"scrollX":0,"scrollY":400,"documentHeight":9027,"viewportHeight":915}}
[2026-07-23T09:23:02.965Z] {"timestamp":1784798581702,"kind":"scroll","url":"http://localhost:3001/","viewport":{"width":412,"height":915},"payload":{"scrollX":0,"scrollY":389.6000061035156,"documentHeight":9027,"viewportHeight":915}}
[2026-07-23T09:23:04.936Z] {"timestamp":1784798582933,"kind":"scroll","url":"http://localhost:3001/","viewport":{"width":412,"height":915},"payload":{"scrollX":0,"scrollY":40.79999923706055,"documentHeight":9027,"viewportHeight":915}}
[2026-07-23T09:23:04.936Z] {"timestamp":1784798583545,"kind":"scroll","url":"http://localhost:3001/","viewport":{"width":412,"height":915},"payload":{"scrollX":0,"scrollY":338.3999938964844,"documentHeight":9027,"viewportHeight":915}}
[2026-07-23T09:23:04.936Z] {"timestamp":1784798584162,"kind":"scroll","url":"http://localhost:3001/","viewport":{"width":412,"height":915},"payload":{"scrollX":0,"scrollY":615.2000122070312,"documentHeight":9027,"viewportHeight":915}}
[2026-07-23T09:23:04.936Z] {"timestamp":1784798584677,"kind":"scroll","url":"http://localhost:3001/","viewport":{"width":412,"height":915},"payload":{"scrollX":0,"scrollY":1263.199951171875,"documentHeight":9027,"viewportHeight":915}}
[2026-07-23T09:23:06.935Z] {"timestamp":1784798585180,"kind":"scroll","url":"http://localhost:3001/","viewport":{"width":412,"height":915},"payload":{"scrollX":0,"scrollY":1508.800048828125,"documentHeight":9027,"viewportHeight":915}}
[2026-07-23T09:23:06.935Z] {"timestamp":1784798585694,"kind":"scroll","url":"http://localhost:3001/","viewport":{"width":412,"height":915},"payload":{"scrollX":0,"scrollY":2552,"documentHeight":9027,"viewportHeight":915}}
[2026-07-23T09:23:06.935Z] {"timestamp":1784798586195,"kind":"scroll","url":"http://localhost:3001/","viewport":{"width":412,"height":915},"payload":{"scrollX":0,"scrollY":3614.39990234375,"documentHeight":9027,"viewportHeight":915}}
[2026-07-23T09:23:06.935Z] {"timestamp":1784798586695,"kind":"scroll","url":"http://localhost:3001/","viewport":{"width":412,"height":915},"payload":{"scrollX":0,"scrollY":4270.39990234375,"documentHeight":9027,"viewportHeight":915}}
[2026-07-23T09:23:08.932Z] {"timestamp":1784798587198,"kind":"scroll","url":"http://localhost:3001/","viewport":{"width":412,"height":915},"payload":{"scrollX":0,"scrollY":5008,"documentHeight":9027,"viewportHeight":915}}
[2026-07-23T09:23:08.932Z] {"timestamp":1784798587712,"kind":"scroll","url":"http://localhost:3001/","viewport":{"width":412,"height":915},"payload":{"scrollX":0,"scrollY":6156,"documentHeight":9027,"viewportHeight":915}}
[2026-07-23T09:23:08.932Z] {"timestamp":1784798588228,"kind":"scroll","url":"http://localhost:3001/","viewport":{"width":412,"height":915},"payload":{"scrollX":0,"scrollY":7334.39990234375,"documentHeight":9027,"viewportHeight":915}}
[2026-07-23T09:23:10.937Z] {"timestamp":1784798589344,"kind":"scroll","url":"http://localhost:3001/","viewport":{"width":412,"height":915},"payload":{"scrollX":0,"scrollY":8012,"documentHeight":9027,"viewportHeight":915}}
[2026-07-23T09:23:10.937Z] {"timestamp":1784798589845,"kind":"scroll","url":"http://localhost:3001/","viewport":{"width":412,"height":915},"payload":{"scrollX":0,"scrollY":5392,"documentHeight":9027,"viewportHeight":915}}
[2026-07-23T09:23:10.937Z] {"timestamp":1784798590345,"kind":"scroll","url":"http://localhost:3001/","viewport":{"width":412,"height":915},"payload":{"scrollX":0,"scrollY":2880.800048828125,"documentHeight":9027,"viewportHeight":915}}
[2026-07-23T09:23:10.937Z] {"timestamp":1784798590845,"kind":"scroll","url":"http://localhost:3001/","viewport":{"width":412,"height":915},"payload":{"scrollX":0,"scrollY":875.2000122070312,"documentHeight":9027,"viewportHeight":915}}
[2026-07-23T09:23:13.029Z] {"timestamp":1784798592758,"kind":"focusin","url":"http://localhost:3001/","viewport":{"width":412,"height":915},"payload":{"target":{"tag":"button","id":null,"name":null,"type":null,"role":null,"ariaLabel":null,"testId":null,"dataLoc":null,"href":null,"text":"Login","selectorHint":"button"}}}
[2026-07-23T09:23:13.029Z] {"timestamp":1784798592758,"kind":"click","url":"http://localhost:3001/","viewport":{"width":412,"height":915},"payload":{"target":{"tag":"button","id":null,"name":null,"type":null,"role":null,"ariaLabel":null,"testId":null,"dataLoc":null,"href":null,"text":"Login","selectorHint":"button"},"x":274,"y":28}}
[2026-07-23T09:23:13.029Z] {"timestamp":1784798592762,"kind":"navigate","url":"http://localhost:3001/login","viewport":{"width":412,"height":915},"payload":{"reason":"pushState"}}
[2026-07-23T09:23:13.029Z] {"timestamp":1784798592769,"kind":"focusout","url":"http://localhost:3001/login","viewport":{"width":412,"height":915},"payload":{"target":{"tag":"button","id":null,"name":null,"type":null,"role":null,"ariaLabel":null,"testId":null,"dataLoc":null,"href":null,"text":"Login","selectorHint":"button"},"value":null}}
[2026-07-23T09:23:16.939Z] {"timestamp":1784798595771,"kind":"focusin","url":"http://localhost:3001/login","viewport":{"width":412,"height":915},"payload":{"target":{"tag":"input","id":"email","name":null,"type":"email","role":null,"ariaLabel":null,"testId":null,"dataLoc":null,"href":null,"text":"","selectorHint":"#email"}}}
[2026-07-23T09:23:16.939Z] {"timestamp":1784798595772,"kind":"click","url":"http://localhost:3001/login","viewport":{"width":412,"height":915},"payload":{"target":{"tag":"input","id":"email","name":null,"type":"email","role":null,"ariaLabel":null,"testId":null,"dataLoc":null,"href":null,"text":"","selectorHint":"#email"},"x":151,"y":351}}
[2026-07-23T09:23:26.949Z] {"timestamp":1784798606519,"kind":"change","url":"http://localhost:3001/login","viewport":{"width":412,"height":915},"payload":{"target":{"tag":"input","id":"email","name":null,"type":"email","role":null,"ariaLabel":null,"testId":null,"dataLoc":null,"href":null,"text":"","selectorHint":"#email"},"value":"recruiter@jobportal.com"}}
[2026-07-23T09:23:28.938Z] {"timestamp":1784798607844,"kind":"focusout","url":"http://localhost:3001/login","viewport":{"width":412,"height":915},"payload":{"target":{"tag":"input","id":"email","name":null,"type":"email","role":null,"ariaLabel":null,"testId":null,"dataLoc":null,"href":null,"text":"","selectorHint":"#email"},"value":"recruiter@jobportal.com"}}
[2026-07-23T09:23:28.938Z] {"timestamp":1784798607845,"kind":"focusin","url":"http://localhost:3001/login","viewport":{"width":412,"height":915},"payload":{"target":{"tag":"input","id":"password","name":null,"type":"password","role":null,"ariaLabel":null,"testId":null,"dataLoc":null,"href":null,"text":"","selectorHint":"#password"}}}
[2026-07-23T09:23:28.938Z] {"timestamp":1784798607847,"kind":"click","url":"http://localhost:3001/login","viewport":{"width":412,"height":915},"payload":{"target":{"tag":"input","id":"password","name":null,"type":"password","role":null,"ariaLabel":null,"testId":null,"dataLoc":null,"href":null,"text":"","selectorHint":"#password"},"x":169,"y":415}}
[2026-07-23T09:23:35.228Z] {"timestamp":1784798613087,"kind":"change","url":"http://localhost:3001/login","viewport":{"width":412,"height":915},"payload":{"target":{"tag":"input","id":"password","name":null,"type":"password","role":null,"ariaLabel":null,"testId":null,"dataLoc":null,"href":null,"text":"","selectorHint":"#password"},"value":{"masked":true,"length":12}}}
[2026-07-23T09:23:35.228Z] {"timestamp":1784798613087,"kind":"focusout","url":"http://localhost:3001/login","viewport":{"width":412,"height":915},"payload":{"target":{"tag":"input","id":"password","name":null,"type":"password","role":null,"ariaLabel":null,"testId":null,"dataLoc":null,"href":null,"text":"","selectorHint":"#password"},"value":{"masked":true,"length":12}}}
[2026-07-23T09:23:35.228Z] {"timestamp":1784798613087,"kind":"focusin","url":"http://localhost:3001/login","viewport":{"width":412,"height":915},"payload":{"target":{"tag":"button","id":null,"name":null,"type":null,"role":null,"ariaLabel":null,"testId":null,"dataLoc":null,"href":null,"text":"Sign In","selectorHint":"button"}}}
[2026-07-23T09:23:35.228Z] {"timestamp":1784798613088,"kind":"click","url":"http://localhost:3001/login","viewport":{"width":412,"height":915},"payload":{"target":{"tag":"button","id":null,"name":null,"type":null,"role":null,"ariaLabel":null,"testId":null,"dataLoc":null,"href":null,"text":"Sign In","selectorHint":"button"},"x":216,"y":508}}
[2026-07-23T09:23:35.228Z] {"timestamp":1784798613088,"kind":"submit","url":"http://localhost:3001/login","viewport":{"width":412,"height":915},"payload":{"target":{"tag":"form","id":null,"name":null,"type":null,"role":null,"ariaLabel":null,"testId":null,"dataLoc":null,"href":null,"text":"Email Address Password Remember me Forgot password? Sign In","selectorHint":"form"}}}
[2026-07-23T09:23:35.228Z] {"timestamp":1784798613091,"kind":"navigate","url":"http://localhost:3001/recruiter/dashboard","viewport":{"width":412,"height":915},"payload":{"reason":"pushState"}}
[2026-07-23T09:23:35.228Z] {"timestamp":1784798613104,"kind":"focusout","url":"http://localhost:3001/recruiter/dashboard","viewport":{"width":412,"height":915},"payload":{"target":{"tag":"button","id":null,"name":null,"type":null,"role":null,"ariaLabel":null,"testId":null,"dataLoc":null,"href":null,"text":"Sign In","selectorHint":"button"},"value":null}}
[2026-07-23T09:23:35.228Z] {"timestamp":1784798614891,"kind":"scroll","url":"http://localhost:3001/recruiter/dashboard","viewport":{"width":412,"height":915},"payload":{"scrollX":0,"scrollY":19.200000762939453,"documentHeight":2811,"viewportHeight":915}}
[2026-07-23T09:23:38.937Z] {"timestamp":1784798617995,"kind":"scroll","url":"http://localhost:3001/recruiter/dashboard","viewport":{"width":412,"height":915},"payload":{"scrollX":0,"scrollY":226.39999389648438,"documentHeight":2811,"viewportHeight":915}}
[2026-07-23T09:23:38.937Z] {"timestamp":1784798618562,"kind":"scroll","url":"http://localhost:3001/recruiter/dashboard","viewport":{"width":412,"height":915},"payload":{"scrollX":0,"scrollY":734.4000244140625,"documentHeight":2811,"viewportHeight":915}}
[2026-07-23T09:23:40.940Z] {"timestamp":1784798619086,"kind":"scroll","url":"http://localhost:3001/recruiter/dashboard","viewport":{"width":412,"height":915},"payload":{"scrollX":0,"scrollY":1184,"documentHeight":2811,"viewportHeight":915}}
[2026-07-23T09:23:40.940Z] {"timestamp":1784798619599,"kind":"scroll","url":"http://localhost:3001/recruiter/dashboard","viewport":{"width":412,"height":915},"payload":{"scrollX":0,"scrollY":1668,"documentHeight":2811,"viewportHeight":915}}
[2026-07-23T09:23:42.930Z] {"timestamp":1784798621373,"kind":"focusin","url":"http://localhost:3001/recruiter/dashboard","viewport":{"width":412,"height":915},"payload":{"target":{"tag":"button","id":null,"name":null,"type":null,"role":null,"ariaLabel":null,"testId":null,"dataLoc":null,"href":null,"text":"View All","selectorHint":"button"}}}
[2026-07-23T09:23:42.930Z] {"timestamp":1784798621373,"kind":"click","url":"http://localhost:3001/recruiter/dashboard","viewport":{"width":412,"height":915},"payload":{"target":{"tag":"button","id":null,"name":null,"type":null,"role":null,"ariaLabel":null,"testId":null,"dataLoc":null,"href":null,"text":"View All","selectorHint":"button"},"x":347,"y":175}}
[2026-07-23T09:23:42.930Z] {"timestamp":1784798621374,"kind":"navigate","url":"http://localhost:3001/recruiter/manage-jobs","viewport":{"width":412,"height":915},"payload":{"reason":"pushState"}}
[2026-07-23T09:23:42.930Z] {"timestamp":1784798621432,"kind":"focusout","url":"http://localhost:3001/recruiter/manage-jobs","viewport":{"width":412,"height":915},"payload":{"target":{"tag":"button","id":null,"name":null,"type":null,"role":null,"ariaLabel":null,"testId":null,"dataLoc":null,"href":null,"text":"View All","selectorHint":"button"},"value":null}}
[2026-07-23T09:23:42.930Z] {"timestamp":1784798621461,"kind":"scroll","url":"http://localhost:3001/recruiter/manage-jobs","viewport":{"width":412,"height":915},"payload":{"scrollX":0,"scrollY":753.5999755859375,"documentHeight":1669,"viewportHeight":915}}
[2026-07-23T09:23:44.930Z] {"timestamp":1784798622992,"kind":"scroll","url":"http://localhost:3001/recruiter/manage-jobs","viewport":{"width":412,"height":915},"payload":{"scrollX":0,"scrollY":731.2000122070312,"documentHeight":1669,"viewportHeight":915}}
[2026-07-23T09:23:44.930Z] {"timestamp":1784798623496,"kind":"scroll","url":"http://localhost:3001/recruiter/manage-jobs","viewport":{"width":412,"height":915},"payload":{"scrollX":0,"scrollY":279.20001220703125,"documentHeight":1669,"viewportHeight":915}}
[2026-07-23T09:23:44.930Z] {"timestamp":1784798624063,"kind":"scroll","url":"http://localhost:3001/recruiter/manage-jobs","viewport":{"width":412,"height":915},"payload":{"scrollX":0,"scrollY":358.3999938964844,"documentHeight":1669,"viewportHeight":915}}
[2026-07-23T09:23:44.930Z] {"timestamp":1784798624579,"kind":"scroll","url":"http://localhost:3001/recruiter/manage-jobs","viewport":{"width":412,"height":915},"payload":{"scrollX":0,"scrollY":62.400001525878906,"documentHeight":1669,"viewportHeight":915}}
[2026-07-23T09:23:46.943Z] {"timestamp":1784798625101,"kind":"scroll","url":"http://localhost:3001/recruiter/manage-jobs","viewport":{"width":412,"height":915},"payload":{"scrollX":0,"scrollY":106.4000015258789,"documentHeight":1669,"viewportHeight":915}}
[2026-07-23T09:23:48.934Z] {"timestamp":1784798627504,"kind":"focusin","url":"http://localhost:3001/recruiter/manage-jobs","viewport":{"width":412,"height":915},"payload":{"target":{"tag":"button","id":null,"name":null,"type":null,"role":null,"ariaLabel":null,"testId":null,"dataLoc":null,"href":null,"text":"","selectorHint":"button"}}}
[2026-07-23T09:23:48.934Z] {"timestamp":1784798627504,"kind":"click","url":"http://localhost:3001/recruiter/manage-jobs","viewport":{"width":412,"height":915},"payload":{"target":{"tag":"button","id":null,"name":null,"type":null,"role":null,"ariaLabel":null,"testId":null,"dataLoc":null,"href":null,"text":"","selectorHint":"button"},"x":36,"y":49}}
[2026-07-23T09:23:48.934Z] {"timestamp":1784798627505,"kind":"navigate","url":"http://localhost:3001/recruiter/dashboard","viewport":{"width":412,"height":915},"payload":{"reason":"pushState"}}
[2026-07-23T09:23:48.934Z] {"timestamp":1784798627515,"kind":"focusout","url":"http://localhost:3001/recruiter/dashboard","viewport":{"width":412,"height":915},"payload":{"target":{"tag":"button","id":null,"name":null,"type":null,"role":null,"ariaLabel":null,"testId":null,"dataLoc":null,"href":null,"text":"","selectorHint":"button"},"value":null}}
[2026-07-23T09:23:48.934Z] {"timestamp":1784798628601,"kind":"scroll","url":"http://localhost:3001/recruiter/dashboard","viewport":{"width":412,"height":915},"payload":{"scrollX":0,"scrollY":817.5999755859375,"documentHeight":2811,"viewportHeight":915}}
[2026-07-23T09:23:50.939Z] {"timestamp":1784798629199,"kind":"scroll","url":"http://localhost:3001/recruiter/dashboard","viewport":{"width":412,"height":915},"payload":{"scrollX":0,"scrollY":1408.800048828125,"documentHeight":2811,"viewportHeight":915}}
[2026-07-23T09:23:50.939Z] {"timestamp":1784798629713,"kind":"scroll","url":"http://localhost:3001/recruiter/dashboard","viewport":{"width":412,"height":915},"payload":{"scrollX":0,"scrollY":1648.800048828125,"documentHeight":2811,"viewportHeight":915}}
[2026-07-23T09:23:52.930Z] {"timestamp":1784798632297,"kind":"focusin","url":"http://localhost:3001/recruiter/dashboard","viewport":{"width":412,"height":915},"payload":{"target":{"tag":"button","id":null,"name":null,"type":null,"role":null,"ariaLabel":null,"testId":null,"dataLoc":null,"href":null,"text":"View All","selectorHint":"button"}}}
[2026-07-23T09:23:52.930Z] {"timestamp":1784798632298,"kind":"click","url":"http://localhost:3001/recruiter/dashboard","viewport":{"width":412,"height":915},"payload":{"target":{"tag":"button","id":null,"name":null,"type":null,"role":null,"ariaLabel":null,"testId":null,"dataLoc":null,"href":null,"text":"View All","selectorHint":"button"},"x":348,"y":604}}
[2026-07-23T09:23:52.930Z] {"timestamp":1784798632299,"kind":"navigate","url":"http://localhost:3001/recruiter/applicants","viewport":{"width":412,"height":915},"payload":{"reason":"pushState"}}
[2026-07-23T09:23:52.930Z] {"timestamp":1784798632342,"kind":"focusout","url":"http://localhost:3001/recruiter/applicants","viewport":{"width":412,"height":915},"payload":{"target":{"tag":"button","id":null,"name":null,"type":null,"role":null,"ariaLabel":null,"testId":null,"dataLoc":null,"href":null,"text":"View All","selectorHint":"button"},"value":null}}
[2026-07-23T09:23:52.930Z] {"timestamp":1784798632391,"kind":"scroll","url":"http://localhost:3001/recruiter/applicants","viewport":{"width":412,"height":915},"payload":{"scrollX":0,"scrollY":706.4000244140625,"documentHeight":1622,"viewportHeight":915}}
[2026-07-23T09:23:56.931Z] {"timestamp":1784798636263,"kind":"scroll","url":"http://localhost:3001/recruiter/applicants","viewport":{"width":412,"height":915},"payload":{"scrollX":0,"scrollY":699.2000122070312,"documentHeight":1622,"viewportHeight":915}}
[2026-07-23T09:23:58.934Z] {"timestamp":1784798637287,"kind":"scroll","url":"http://localhost:3001/recruiter/applicants","viewport":{"width":412,"height":915},"payload":{"scrollX":0,"scrollY":30.399999618530273,"documentHeight":1622,"viewportHeight":915}}
[2026-07-23T09:23:58.935Z] {"timestamp":1784798637796,"kind":"scroll","url":"http://localhost:3001/recruiter/applicants","viewport":{"width":412,"height":915},"payload":{"scrollX":0,"scrollY":675.2000122070312,"documentHeight":1622,"viewportHeight":915}}
[2026-07-23T09:23:58.935Z] {"timestamp":1784798638353,"kind":"scroll","url":"http://localhost:3001/recruiter/applicants","viewport":{"width":412,"height":915},"payload":{"scrollX":0,"scrollY":705.5999755859375,"documentHeight":1622,"viewportHeight":915}}
[2026-07-23T09:24:00.938Z] {"timestamp":1784798639437,"kind":"focusin","url":"http://localhost:3001/recruiter/applicants","viewport":{"width":412,"height":915},"payload":{"target":{"tag":"button","id":null,"name":null,"type":null,"role":null,"ariaLabel":null,"testId":null,"dataLoc":null,"href":null,"text":"View Job Postings","selectorHint":"button"}}}
[2026-07-23T09:24:00.939Z] {"timestamp":1784798639437,"kind":"click","url":"http://localhost:3001/recruiter/applicants","viewport":{"width":412,"height":915},"payload":{"target":{"tag":"button","id":null,"name":null,"type":null,"role":null,"ariaLabel":null,"testId":null,"dataLoc":null,"href":null,"text":"View Job Postings","selectorHint":"button"},"x":221,"y":846}}
[2026-07-23T09:24:00.939Z] {"timestamp":1784798639438,"kind":"navigate","url":"http://localhost:3001/recruiter/manage-jobs","viewport":{"width":412,"height":915},"payload":{"reason":"pushState"}}
[2026-07-23T09:24:00.939Z] {"timestamp":1784798639471,"kind":"focusout","url":"http://localhost:3001/recruiter/manage-jobs","viewport":{"width":412,"height":915},"payload":{"target":{"tag":"button","id":null,"name":null,"type":null,"role":null,"ariaLabel":null,"testId":null,"dataLoc":null,"href":null,"text":"View Job Postings","selectorHint":"button"},"value":null}}
[2026-07-23T09:24:00.939Z] {"timestamp":1784798640849,"kind":"scroll","url":"http://localhost:3001/recruiter/manage-jobs","viewport":{"width":412,"height":915},"payload":{"scrollX":0,"scrollY":703.2000122070312,"documentHeight":1669,"viewportHeight":915}}
[2026-07-23T09:24:03.068Z] {"timestamp":1784798642748,"kind":"focusin","url":"http://localhost:3001/recruiter/manage-jobs","viewport":{"width":412,"height":915},"payload":{"target":{"tag":"button","id":null,"name":null,"type":null,"role":null,"ariaLabel":null,"testId":null,"dataLoc":null,"href":null,"text":"","selectorHint":"button"}}}
[2026-07-23T09:24:03.068Z] {"timestamp":1784798642748,"kind":"click","url":"http://localhost:3001/recruiter/manage-jobs","viewport":{"width":412,"height":915},"payload":{"target":{"tag":"button","id":null,"name":null,"type":null,"role":null,"ariaLabel":null,"testId":null,"dataLoc":null,"href":null,"text":"","selectorHint":"button"},"x":35,"y":44}}
[2026-07-23T09:24:03.068Z] {"timestamp":1784798642749,"kind":"navigate","url":"http://localhost:3001/recruiter/dashboard","viewport":{"width":412,"height":915},"payload":{"reason":"pushState"}}
[2026-07-23T09:24:03.068Z] {"timestamp":1784798642767,"kind":"focusout","url":"http://localhost:3001/recruiter/dashboard","viewport":{"width":412,"height":915},"payload":{"target":{"tag":"button","id":null,"name":null,"type":null,"role":null,"ariaLabel":null,"testId":null,"dataLoc":null,"href":null,"text":"","selectorHint":"button"},"value":null}}
[2026-07-23T09:24:04.935Z] {"timestamp":1784798644495,"kind":"scroll","url":"http://localhost:3001/recruiter/dashboard","viewport":{"width":412,"height":915},"payload":{"scrollX":0,"scrollY":15.199999809265137,"documentHeight":2811,"viewportHeight":915}}
[2026-07-23T09:24:06.931Z] {"timestamp":1784798644999,"kind":"scroll","url":"http://localhost:3001/recruiter/dashboard","viewport":{"width":412,"height":915},"payload":{"scrollX":0,"scrollY":962.4000244140625,"documentHeight":2811,"viewportHeight":915}}
[2026-07-23T09:24:06.931Z] {"timestamp":1784798645515,"kind":"scroll","url":"http://localhost:3001/recruiter/dashboard","viewport":{"width":412,"height":915},"payload":{"scrollX":0,"scrollY":1162.4000244140625,"documentHeight":2811,"viewportHeight":915}}
[2026-07-23T09:24:06.931Z] {"timestamp":1784798646029,"kind":"scroll","url":"http://localhost:3001/recruiter/dashboard","viewport":{"width":412,"height":915},"payload":{"scrollX":0,"scrollY":1343.199951171875,"documentHeight":2811,"viewportHeight":915}}
[2026-07-23T09:24:10.934Z] {"timestamp":1784798649507,"kind":"focusin","url":"http://localhost:3001/recruiter/dashboard","viewport":{"width":412,"height":915},"payload":{"target":{"tag":"button","id":null,"name":null,"type":null,"role":null,"ariaLabel":null,"testId":null,"dataLoc":null,"href":null,"text":"Review Applicants","selectorHint":"button"}}}
[2026-07-23T09:24:10.934Z] {"timestamp":1784798649507,"kind":"click","url":"http://localhost:3001/recruiter/dashboard","viewport":{"width":412,"height":915},"payload":{"target":{"tag":"button","id":null,"name":null,"type":null,"role":null,"ariaLabel":null,"testId":null,"dataLoc":null,"href":null,"text":"Review Applicants","selectorHint":"button"},"x":228,"y":788}}
[2026-07-23T09:24:10.934Z] {"timestamp":1784798649508,"kind":"navigate","url":"http://localhost:3001/recruiter/applicants","viewport":{"width":412,"height":915},"payload":{"reason":"pushState"}}
[2026-07-23T09:24:10.934Z] {"timestamp":1784798649532,"kind":"focusout","url":"http://localhost:3001/recruiter/applicants","viewport":{"width":412,"height":915},"payload":{"target":{"tag":"button","id":null,"name":null,"type":null,"role":null,"ariaLabel":null,"testId":null,"dataLoc":null,"href":null,"text":"Review Applicants","selectorHint":"button"},"value":null}}
[2026-07-23T09:24:10.934Z] {"timestamp":1784798649580,"kind":"scroll","url":"http://localhost:3001/recruiter/applicants","viewport":{"width":412,"height":915},"payload":{"scrollX":0,"scrollY":706.4000244140625,"documentHeight":1622,"viewportHeight":915}}
[2026-07-23T09:24:10.934Z] {"timestamp":1784798650761,"kind":"scroll","url":"http://localhost:3001/recruiter/applicants","viewport":{"width":412,"height":915},"payload":{"scrollX":0,"scrollY":704.7999877929688,"documentHeight":1622,"viewportHeight":915}}
[2026-07-23T09:24:13.072Z] {"timestamp":1784798652594,"kind":"focusin","url":"http://localhost:3001/recruiter/applicants","viewport":{"width":412,"height":915},"payload":{"target":{"tag":"button","id":null,"name":null,"type":null,"role":null,"ariaLabel":null,"testId":null,"dataLoc":null,"href":null,"text":"","selectorHint":"button"}}}
[2026-07-23T09:24:13.072Z] {"timestamp":1784798652595,"kind":"click","url":"http://localhost:3001/recruiter/applicants","viewport":{"width":412,"height":915},"payload":{"target":{"tag":"button","id":null,"name":null,"type":null,"role":null,"ariaLabel":null,"testId":null,"dataLoc":null,"href":null,"text":"","selectorHint":"button"},"x":29,"y":40}}
[2026-07-23T09:24:13.072Z] {"timestamp":1784798652596,"kind":"navigate","url":"http://localhost:3001/recruiter/dashboard","viewport":{"width":412,"height":915},"payload":{"reason":"pushState"}}
[2026-07-23T09:24:13.072Z] {"timestamp":1784798652609,"kind":"focusout","url":"http://localhost:3001/recruiter/dashboard","viewport":{"width":412,"height":915},"payload":{"target":{"tag":"button","id":null,"name":null,"type":null,"role":null,"ariaLabel":null,"testId":null,"dataLoc":null,"href":null,"text":"","selectorHint":"button"},"value":null}}
[2026-07-23T09:24:14.935Z] {"timestamp":1784798653215,"kind":"scroll","url":"http://localhost:3001/recruiter/dashboard","viewport":{"width":412,"height":915},"payload":{"scrollX":0,"scrollY":96,"documentHeight":2811,"viewportHeight":915}}
[2026-07-23T09:24:14.935Z] {"timestamp":1784798653731,"kind":"scroll","url":"http://localhost:3001/recruiter/dashboard","viewport":{"width":412,"height":915},"payload":{"scrollX":0,"scrollY":668.7999877929688,"documentHeight":2811,"viewportHeight":915}}
[2026-07-23T09:24:14.935Z] {"timestamp":1784798654232,"kind":"scroll","url":"http://localhost:3001/recruiter/dashboard","viewport":{"width":412,"height":915},"payload":{"scrollX":0,"scrollY":1271.199951171875,"documentHeight":2811,"viewportHeight":915}}
[2026-07-23T09:24:14.935Z] {"timestamp":1784798654763,"kind":"scroll","url":"http://localhost:3001/recruiter/dashboard","viewport":{"width":412,"height":915},"payload":{"scrollX":0,"scrollY":1624.800048828125,"documentHeight":2811,"viewportHeight":915}}
[2026-07-23T09:24:16.933Z] {"timestamp":1784798656674,"kind":"focusin","url":"http://localhost:3001/recruiter/dashboard","viewport":{"width":412,"height":915},"payload":{"target":{"tag":"button","id":null,"name":null,"type":null,"role":null,"ariaLabel":null,"testId":null,"dataLoc":null,"href":null,"text":"Edit Company Profile","selectorHint":"button"}}}
[2026-07-23T09:24:16.933Z] {"timestamp":1784798656674,"kind":"click","url":"http://localhost:3001/recruiter/dashboard","viewport":{"width":412,"height":915},"payload":{"target":{"tag":"button","id":null,"name":null,"type":null,"role":null,"ariaLabel":null,"testId":null,"dataLoc":null,"href":null,"text":"Edit Company Profile","selectorHint":"button"},"x":227,"y":836}}
[2026-07-23T09:24:16.933Z] {"timestamp":1784798656675,"kind":"navigate","url":"http://localhost:3001/recruiter/company-profile","viewport":{"width":412,"height":915},"payload":{"reason":"pushState"}}
[2026-07-23T09:24:16.933Z] {"timestamp":1784798656732,"kind":"focusout","url":"http://localhost:3001/recruiter/company-profile","viewport":{"width":412,"height":915},"payload":{"target":{"tag":"button","id":null,"name":null,"type":null,"role":null,"ariaLabel":null,"testId":null,"dataLoc":null,"href":null,"text":"Edit Company Profile","selectorHint":"button"},"value":null}}
[2026-07-23T09:24:18.931Z] {"timestamp":1784798657922,"kind":"scroll","url":"http://localhost:3001/recruiter/company-profile","viewport":{"width":412,"height":915},"payload":{"scrollX":0,"scrollY":1822.4000244140625,"documentHeight":3331,"viewportHeight":915}}
[2026-07-23T09:24:18.931Z] {"timestamp":1784798658429,"kind":"scroll","url":"http://localhost:3001/recruiter/company-profile","viewport":{"width":412,"height":915},"payload":{"scrollX":0,"scrollY":392,"documentHeight":3331,"viewportHeight":915}}
[2026-07-23T09:24:20.930Z] {"timestamp":1784798659795,"kind":"scroll","url":"http://localhost:3001/recruiter/company-profile","viewport":{"width":412,"height":915},"payload":{"scrollX":0,"scrollY":126.4000015258789,"documentHeight":3331,"viewportHeight":915}}
[2026-07-23T09:24:20.930Z] {"timestamp":1784798660296,"kind":"scroll","url":"http://localhost:3001/recruiter/company-profile","viewport":{"width":412,"height":915},"payload":{"scrollX":0,"scrollY":1460,"documentHeight":3331,"viewportHeight":915}}
[2026-07-23T09:24:22.934Z] {"timestamp":1784798661771,"kind":"navigate","url":"http://localhost:3001/recruiter/dashboard","viewport":{"width":412,"height":915},"payload":{"reason":"popstate"}}
[2026-07-23T09:24:22.934Z] {"timestamp":1784798661817,"kind":"scroll","url":"http://localhost:3001/recruiter/dashboard","viewport":{"width":412,"height":915},"payload":{"scrollX":0,"scrollY":1788,"documentHeight":2703,"viewportHeight":915}}
[2026-07-23T09:24:27.076Z] {"timestamp":1784798664973,"kind":"navigate","url":"http://localhost:3001/recruiter/applicants","viewport":{"width":412,"height":915},"payload":{"reason":"popstate"}}
[2026-07-23T09:24:27.076Z] {"timestamp":1784798665036,"kind":"scroll","url":"http://localhost:3001/recruiter/applicants","viewport":{"width":412,"height":915},"payload":{"scrollX":0,"scrollY":706.4000244140625,"documentHeight":1622,"viewportHeight":915}}
[2026-07-23T09:24:27.076Z] {"timestamp":1784798666888,"kind":"navigate","url":"http://localhost:3001/recruiter/dashboard","viewport":{"width":412,"height":915},"payload":{"reason":"popstate"}}
[2026-07-23T09:24:28.949Z] {"timestamp":1784798667082,"kind":"scroll","url":"http://localhost:3001/recruiter/dashboard","viewport":{"width":412,"height":915},"payload":{"scrollX":0,"scrollY":224.8000030517578,"documentHeight":2811,"viewportHeight":915}}
[2026-07-23T09:24:28.949Z] {"timestamp":1784798667659,"kind":"scroll","url":"http://localhost:3001/recruiter/dashboard","viewport":{"width":412,"height":915},"payload":{"scrollX":0,"scrollY":1783.199951171875,"documentHeight":2811,"viewportHeight":915}}
[2026-07-23T09:24:30.934Z] {"timestamp":1784798669823,"kind":"navigate","url":"http://localhost:3001/recruiter/manage-jobs","viewport":{"width":412,"height":915},"payload":{"reason":"popstate"}}
[2026-07-23T09:24:30.935Z] {"timestamp":1784798669882,"kind":"scroll","url":"http://localhost:3001/recruiter/manage-jobs","viewport":{"width":412,"height":915},"payload":{"scrollX":0,"scrollY":753.5999755859375,"documentHeight":1669,"viewportHeight":915}}
[2026-07-23T09:24:30.935Z] {"timestamp":1784798670389,"kind":"scroll","url":"http://localhost:3001/recruiter/manage-jobs","viewport":{"width":412,"height":915},"payload":{"scrollX":0,"scrollY":0,"documentHeight":1669,"viewportHeight":915}}
[2026-07-23T09:24:33.014Z] {"timestamp":1784798670956,"kind":"navigate","url":"http://localhost:3001/recruiter/applicants","viewport":{"width":412,"height":915},"payload":{"reason":"popstate"}}
[2026-07-23T09:24:33.014Z] {"timestamp":1784798671220,"kind":"scroll","url":"http://localhost:3001/recruiter/applicants","viewport":{"width":412,"height":915},"payload":{"scrollX":0,"scrollY":388.79998779296875,"documentHeight":1622,"viewportHeight":915}}
[2026-07-23T09:24:33.014Z] {"timestamp":1784798672191,"kind":"navigate","url":"http://localhost:3001/recruiter/dashboard","viewport":{"width":412,"height":915},"payload":{"reason":"popstate"}}
[2026-07-23T09:24:33.014Z] {"timestamp":1784798672388,"kind":"scroll","url":"http://localhost:3001/recruiter/dashboard","viewport":{"width":412,"height":915},"payload":{"scrollX":0,"scrollY":1130.4000244140625,"documentHeight":2811,"viewportHeight":915}}
[2026-07-23T09:24:33.014Z] {"timestamp":1784798672948,"kind":"navigate","url":"http://localhost:3001/recruiter/manage-jobs","viewport":{"width":412,"height":915},"payload":{"reason":"popstate"}}
[2026-07-23T09:24:34.933Z] {"timestamp":1784798673019,"kind":"scroll","url":"http://localhost:3001/recruiter/manage-jobs","viewport":{"width":412,"height":915},"payload":{"scrollX":0,"scrollY":753.5999755859375,"documentHeight":1669,"viewportHeight":915}}
[2026-07-23T09:24:34.933Z] {"timestamp":1784798673802,"kind":"navigate","url":"http://localhost:3001/recruiter/dashboard","viewport":{"width":412,"height":915},"payload":{"reason":"popstate"}}
[2026-07-23T09:24:34.933Z] {"timestamp":1784798673875,"kind":"scroll","url":"http://localhost:3001/recruiter/dashboard","viewport":{"width":412,"height":915},"payload":{"scrollX":0,"scrollY":1701.5999755859375,"documentHeight":2811,"viewportHeight":915}}
[2026-07-23T09:24:34.933Z] {"timestamp":1784798674642,"kind":"navigate","url":"http://localhost:3001/login","viewport":{"width":412,"height":915},"payload":{"reason":"popstate"}}
[2026-07-23T09:24:34.933Z] {"timestamp":1784798674689,"kind":"scroll","url":"http://localhost:3001/login","viewport":{"width":412,"height":915},"payload":{"scrollX":0,"scrollY":8.800000190734863,"documentHeight":924,"viewportHeight":915}}
[2026-07-23T09:24:36.945Z] {"timestamp":1784798676589,"kind":"focusin","url":"http://localhost:3001/login","viewport":{"width":412,"height":915},"payload":{"target":{"tag":"input","id":"email","name":null,"type":"email","role":null,"ariaLabel":null,"testId":null,"dataLoc":null,"href":null,"text":"","selectorHint":"#email"}}}
[2026-07-23T09:24:36.945Z] {"timestamp":1784798676590,"kind":"click","url":"http://localhost:3001/login","viewport":{"width":412,"height":915},"payload":{"target":{"tag":"input","id":"email","name":null,"type":"email","role":null,"ariaLabel":null,"testId":null,"dataLoc":null,"href":null,"text":"","selectorHint":"#email"},"x":160,"y":350}}
[2026-07-23T09:24:40.937Z] {"timestamp":1784798679947,"kind":"change","url":"http://localhost:3001/login","viewport":{"width":412,"height":915},"payload":{"target":{"tag":"input","id":"email","name":null,"type":"email","role":null,"ariaLabel":null,"testId":null,"dataLoc":null,"href":null,"text":"","selectorHint":"#email"},"value":"admin@jobportal.com"}}
[2026-07-23T09:24:42.943Z] {"timestamp":1784798681083,"kind":"focusout","url":"http://localhost:3001/login","viewport":{"width":412,"height":915},"payload":{"target":{"tag":"input","id":"email","name":null,"type":"email","role":null,"ariaLabel":null,"testId":null,"dataLoc":null,"href":null,"text":"","selectorHint":"#email"},"value":"admin@jobportal.com"}}
[2026-07-23T09:24:42.943Z] {"timestamp":1784798681084,"kind":"focusin","url":"http://localhost:3001/login","viewport":{"width":412,"height":915},"payload":{"target":{"tag":"input","id":"password","name":null,"type":"password","role":null,"ariaLabel":null,"testId":null,"dataLoc":null,"href":null,"text":"","selectorHint":"#password"}}}
[2026-07-23T09:24:42.943Z] {"timestamp":1784798681086,"kind":"click","url":"http://localhost:3001/login","viewport":{"width":412,"height":915},"payload":{"target":{"tag":"input","id":"password","name":null,"type":"password","role":null,"ariaLabel":null,"testId":null,"dataLoc":null,"href":null,"text":"","selectorHint":"#password"},"x":174,"y":423}}
[2026-07-23T09:24:46.938Z] {"timestamp":1784798685149,"kind":"change","url":"http://localhost:3001/login","viewport":{"width":412,"height":915},"payload":{"target":{"tag":"input","id":"password","name":null,"type":"password","role":null,"ariaLabel":null,"testId":null,"dataLoc":null,"href":null,"text":"","selectorHint":"#password"},"value":{"masked":true,"length":8}}}
[2026-07-23T09:24:46.938Z] {"timestamp":1784798685149,"kind":"focusout","url":"http://localhost:3001/login","viewport":{"width":412,"height":915},"payload":{"target":{"tag":"input","id":"password","name":null,"type":"password","role":null,"ariaLabel":null,"testId":null,"dataLoc":null,"href":null,"text":"","selectorHint":"#password"},"value":{"masked":true,"length":8}}}
[2026-07-23T09:24:46.938Z] {"timestamp":1784798685150,"kind":"focusin","url":"http://localhost:3001/login","viewport":{"width":412,"height":915},"payload":{"target":{"tag":"button","id":null,"name":null,"type":null,"role":null,"ariaLabel":null,"testId":null,"dataLoc":null,"href":null,"text":"Sign In","selectorHint":"button"}}}
[2026-07-23T09:24:46.938Z] {"timestamp":1784798685151,"kind":"click","url":"http://localhost:3001/login","viewport":{"width":412,"height":915},"payload":{"target":{"tag":"button","id":null,"name":null,"type":null,"role":null,"ariaLabel":null,"testId":null,"dataLoc":null,"href":null,"text":"Sign In","selectorHint":"button"},"x":167,"y":502}}
[2026-07-23T09:24:46.938Z] {"timestamp":1784798685151,"kind":"submit","url":"http://localhost:3001/login","viewport":{"width":412,"height":915},"payload":{"target":{"tag":"form","id":null,"name":null,"type":null,"role":null,"ariaLabel":null,"testId":null,"dataLoc":null,"href":null,"text":"Email Address Password Remember me Forgot password? Sign In","selectorHint":"form"}}}
[2026-07-23T09:24:46.938Z] {"timestamp":1784798685153,"kind":"navigate","url":"http://localhost:3001/admin/dashboard","viewport":{"width":412,"height":915},"payload":{"reason":"pushState"}}
[2026-07-23T09:24:46.938Z] {"timestamp":1784798685223,"kind":"focusout","url":"http://localhost:3001/admin/dashboard","viewport":{"width":412,"height":915},"payload":{"target":{"tag":"button","id":null,"name":null,"type":null,"role":null,"ariaLabel":null,"testId":null,"dataLoc":null,"href":null,"text":"Sign In","selectorHint":"button"},"value":null}}
[2026-07-23T09:24:50.939Z] {"timestamp":1784798690492,"kind":"scroll","url":"http://localhost:3001/admin/dashboard","viewport":{"width":412,"height":915},"payload":{"scrollX":0,"scrollY":2.4000000953674316,"documentHeight":2997,"viewportHeight":915}}
[2026-07-23T09:24:52.929Z] {"timestamp":1784798690998,"kind":"scroll","url":"http://localhost:3001/admin/dashboard","viewport":{"width":412,"height":915},"payload":{"scrollX":0,"scrollY":744.7999877929688,"documentHeight":2997,"viewportHeight":915}}
[2026-07-23T09:24:52.929Z] {"timestamp":1784798691514,"kind":"scroll","url":"http://localhost:3001/admin/dashboard","viewport":{"width":412,"height":915},"payload":{"scrollX":0,"scrollY":1375.199951171875,"documentHeight":2997,"viewportHeight":915}}
[2026-07-23T09:24:52.929Z] {"timestamp":1784798692015,"kind":"scroll","url":"http://localhost:3001/admin/dashboard","viewport":{"width":412,"height":915},"payload":{"scrollX":0,"scrollY":2052.800048828125,"documentHeight":2997,"viewportHeight":915}}
[2026-07-23T09:24:54.931Z] {"timestamp":1784798693385,"kind":"scroll","url":"http://localhost:3001/admin/dashboard","viewport":{"width":412,"height":915},"payload":{"scrollX":0,"scrollY":2001.5999755859375,"documentHeight":2997,"viewportHeight":915}}
[2026-07-23T09:24:54.931Z] {"timestamp":1784798693896,"kind":"scroll","url":"http://localhost:3001/admin/dashboard","viewport":{"width":412,"height":915},"payload":{"scrollX":0,"scrollY":52,"documentHeight":2997,"viewportHeight":915}}
[2026-07-23T09:24:54.931Z] {"timestamp":1784798694397,"kind":"scroll","url":"http://localhost:3001/admin/dashboard","viewport":{"width":412,"height":915},"payload":{"scrollX":0,"scrollY":104.80000305175781,"documentHeight":2997,"viewportHeight":915}}
[2026-07-23T09:24:56.931Z] {"timestamp":1784798696074,"kind":"focusin","url":"http://localhost:3001/admin/dashboard","viewport":{"width":412,"height":915},"payload":{"target":{"tag":"button","id":null,"name":null,"type":null,"role":null,"ariaLabel":null,"testId":null,"dataLoc":null,"href":null,"text":"Manage Users","selectorHint":"button"}}}
[2026-07-23T09:24:56.931Z] {"timestamp":1784798696074,"kind":"click","url":"http://localhost:3001/admin/dashboard","viewport":{"width":412,"height":915},"payload":{"target":{"tag":"button","id":null,"name":null,"type":null,"role":null,"ariaLabel":null,"testId":null,"dataLoc":null,"href":null,"text":"Manage Users","selectorHint":"button"},"x":200,"y":644}}
[2026-07-23T09:24:56.931Z] {"timestamp":1784798696075,"kind":"navigate","url":"http://localhost:3001/admin/users","viewport":{"width":412,"height":915},"payload":{"reason":"pushState"}}
[2026-07-23T09:24:56.931Z] {"timestamp":1784798696097,"kind":"focusout","url":"http://localhost:3001/admin/users","viewport":{"width":412,"height":915},"payload":{"target":{"tag":"button","id":null,"name":null,"type":null,"role":null,"ariaLabel":null,"testId":null,"dataLoc":null,"href":null,"text":"Manage Users","selectorHint":"button"},"value":null}}
[2026-07-23T09:24:56.931Z] {"timestamp":1784798696149,"kind":"scroll","url":"http://localhost:3001/admin/users","viewport":{"width":412,"height":915},"payload":{"scrollX":0,"scrollY":884.7999877929688,"documentHeight":1800,"viewportHeight":915}}
[2026-07-23T09:24:58.934Z] {"timestamp":1784798697229,"kind":"scroll","url":"http://localhost:3001/admin/users","viewport":{"width":412,"height":915},"payload":{"scrollX":0,"scrollY":863.2000122070312,"documentHeight":1800,"viewportHeight":915}}
[2026-07-23T09:24:58.934Z] {"timestamp":1784798697729,"kind":"scroll","url":"http://localhost:3001/admin/users","viewport":{"width":412,"height":915},"payload":{"scrollX":0,"scrollY":331.20001220703125,"documentHeight":1800,"viewportHeight":915}}
[2026-07-23T09:25:00.936Z] {"timestamp":1784798698967,"kind":"scroll","url":"http://localhost:3001/admin/users","viewport":{"width":412,"height":915},"payload":{"scrollX":0,"scrollY":47.20000076293945,"documentHeight":1800,"viewportHeight":915}}
[2026-07-23T09:25:00.936Z] {"timestamp":1784798699501,"kind":"scroll","url":"http://localhost:3001/admin/users","viewport":{"width":412,"height":915},"payload":{"scrollX":0,"scrollY":884.7999877929688,"documentHeight":1800,"viewportHeight":915}}
[2026-07-23T09:25:00.936Z] {"timestamp":1784798700182,"kind":"scroll","url":"http://localhost:3001/admin/users","viewport":{"width":412,"height":915},"payload":{"scrollX":0,"scrollY":881.5999755859375,"documentHeight":1800,"viewportHeight":915}}
[2026-07-23T09:25:00.936Z] {"timestamp":1784798700696,"kind":"scroll","url":"http://localhost:3001/admin/users","viewport":{"width":412,"height":915},"payload":{"scrollX":0,"scrollY":393.6000061035156,"documentHeight":1800,"viewportHeight":915}}
[2026-07-23T09:25:02.933Z] {"timestamp":1784798701731,"kind":"scroll","url":"http://localhost:3001/admin/users","viewport":{"width":412,"height":915},"payload":{"scrollX":0,"scrollY":50.400001525878906,"documentHeight":1800,"viewportHeight":915}}
[2026-07-23T09:25:04.932Z] {"timestamp":1784798704284,"kind":"scroll","url":"http://localhost:3001/admin/users","viewport":{"width":412,"height":915},"payload":{"scrollX":0,"scrollY":877.5999755859375,"documentHeight":1800,"viewportHeight":915}}
[2026-07-23T09:25:07.221Z] {"timestamp":1784798706032,"kind":"focusin","url":"http://localhost:3001/admin/users","viewport":{"width":412,"height":915},"payload":{"target":{"tag":"button","id":null,"name":null,"type":null,"role":null,"ariaLabel":null,"testId":null,"dataLoc":null,"href":null,"text":"","selectorHint":"button"}}}
[2026-07-23T09:25:07.221Z] {"timestamp":1784798706033,"kind":"click","url":"http://localhost:3001/admin/users","viewport":{"width":412,"height":915},"payload":{"target":{"tag":"button","id":null,"name":null,"type":null,"role":null,"ariaLabel":null,"testId":null,"dataLoc":null,"href":null,"text":"","selectorHint":"button"},"x":40,"y":40}}
[2026-07-23T09:25:07.221Z] {"timestamp":1784798706034,"kind":"navigate","url":"http://localhost:3001/admin/dashboard","viewport":{"width":412,"height":915},"payload":{"reason":"pushState"}}
[2026-07-23T09:25:07.221Z] {"timestamp":1784798706067,"kind":"focusout","url":"http://localhost:3001/admin/dashboard","viewport":{"width":412,"height":915},"payload":{"target":{"tag":"button","id":null,"name":null,"type":null,"role":null,"ariaLabel":null,"testId":null,"dataLoc":null,"href":null,"text":"","selectorHint":"button"},"value":null}}
[2026-07-23T09:25:07.221Z] {"timestamp":1784798706683,"kind":"scroll","url":"http://localhost:3001/admin/dashboard","viewport":{"width":412,"height":915},"payload":{"scrollX":0,"scrollY":136.8000030517578,"documentHeight":2997,"viewportHeight":915}}
[2026-07-23T09:25:08.935Z] {"timestamp":1784798707198,"kind":"scroll","url":"http://localhost:3001/admin/dashboard","viewport":{"width":412,"height":915},"payload":{"scrollX":0,"scrollY":1270.4000244140625,"documentHeight":2997,"viewportHeight":915}}
[2026-07-23T09:25:08.935Z] {"timestamp":1784798707698,"kind":"scroll","url":"http://localhost:3001/admin/dashboard","viewport":{"width":412,"height":915},"payload":{"scrollX":0,"scrollY":1846.4000244140625,"documentHeight":2997,"viewportHeight":915}}
[2026-07-23T09:25:08.935Z] {"timestamp":1784798708215,"kind":"scroll","url":"http://localhost:3001/admin/dashboard","viewport":{"width":412,"height":915},"payload":{"scrollX":0,"scrollY":2081.60009765625,"documentHeight":2997,"viewportHeight":915}}
[2026-07-23T09:25:10.944Z] {"timestamp":1784798709525,"kind":"focusin","url":"http://localhost:3001/admin/dashboard","viewport":{"width":412,"height":915},"payload":{"target":{"tag":"button","id":null,"name":null,"type":null,"role":null,"ariaLabel":null,"testId":null,"dataLoc":null,"href":null,"text":"Manage Companies","selectorHint":"button"}}}
[2026-07-23T09:25:10.944Z] {"timestamp":1784798709525,"kind":"click","url":"http://localhost:3001/admin/dashboard","viewport":{"width":412,"height":915},"payload":{"target":{"tag":"button","id":null,"name":null,"type":null,"role":null,"ariaLabel":null,"testId":null,"dataLoc":null,"href":null,"text":"Manage Companies","selectorHint":"button"},"x":120,"y":708}}
[2026-07-23T09:25:10.944Z] {"timestamp":1784798709526,"kind":"navigate","url":"http://localhost:3001/admin/companies","viewport":{"width":412,"height":915},"payload":{"reason":"pushState"}}
[2026-07-23T09:25:10.944Z] {"timestamp":1784798709560,"kind":"focusout","url":"http://localhost:3001/admin/companies","viewport":{"width":412,"height":915},"payload":{"target":{"tag":"button","id":null,"name":null,"type":null,"role":null,"ariaLabel":null,"testId":null,"dataLoc":null,"href":null,"text":"Manage Companies","selectorHint":"button"},"value":null}}
[2026-07-23T09:25:10.944Z] {"timestamp":1784798709575,"kind":"scroll","url":"http://localhost:3001/admin/companies","viewport":{"width":412,"height":915},"payload":{"scrollX":0,"scrollY":697.5999755859375,"documentHeight":1613,"viewportHeight":915}}
[2026-07-23T09:25:12.932Z] {"timestamp":1784798712413,"kind":"scroll","url":"http://localhost:3001/admin/companies","viewport":{"width":412,"height":915},"payload":{"scrollX":0,"scrollY":628.7999877929688,"documentHeight":1613,"viewportHeight":915}}
[2026-07-23T09:25:14.936Z] {"timestamp":1784798714165,"kind":"focusin","url":"http://localhost:3001/admin/companies","viewport":{"width":412,"height":915},"payload":{"target":{"tag":"button","id":null,"name":null,"type":null,"role":null,"ariaLabel":null,"testId":null,"dataLoc":null,"href":null,"text":"","selectorHint":"button"}}}
[2026-07-23T09:25:14.936Z] {"timestamp":1784798714166,"kind":"click","url":"http://localhost:3001/admin/companies","viewport":{"width":412,"height":915},"payload":{"target":{"tag":"button","id":null,"name":null,"type":null,"role":null,"ariaLabel":null,"testId":null,"dataLoc":null,"href":null,"text":"","selectorHint":"button"},"x":28,"y":48}}
[2026-07-23T09:25:14.936Z] {"timestamp":1784798714167,"kind":"navigate","url":"http://localhost:3001/admin/dashboard","viewport":{"width":412,"height":915},"payload":{"reason":"pushState"}}
[2026-07-23T09:25:14.936Z] {"timestamp":1784798714191,"kind":"focusout","url":"http://localhost:3001/admin/dashboard","viewport":{"width":412,"height":915},"payload":{"target":{"tag":"button","id":null,"name":null,"type":null,"role":null,"ariaLabel":null,"testId":null,"dataLoc":null,"href":null,"text":"","selectorHint":"button"},"value":null}}
[2026-07-23T09:25:14.936Z] {"timestamp":1784798714780,"kind":"scroll","url":"http://localhost:3001/admin/dashboard","viewport":{"width":412,"height":915},"payload":{"scrollX":0,"scrollY":63.20000076293945,"documentHeight":2997,"viewportHeight":915}}
[2026-07-23T09:25:16.941Z] {"timestamp":1784798715334,"kind":"scroll","url":"http://localhost:3001/admin/dashboard","viewport":{"width":412,"height":915},"payload":{"scrollX":0,"scrollY":1502.4000244140625,"documentHeight":2997,"viewportHeight":915}}
[2026-07-23T09:25:18.940Z] {"timestamp":1784798717197,"kind":"focusin","url":"http://localhost:3001/admin/dashboard","viewport":{"width":412,"height":915},"payload":{"target":{"tag":"button","id":null,"name":null,"type":null,"role":null,"ariaLabel":null,"testId":null,"dataLoc":null,"href":null,"text":"Manage Jobs","selectorHint":"button"}}}
[2026-07-23T09:25:18.940Z] {"timestamp":1784798717198,"kind":"click","url":"http://localhost:3001/admin/dashboard","viewport":{"width":412,"height":915},"payload":{"target":{"tag":"button","id":null,"name":null,"type":null,"role":null,"ariaLabel":null,"testId":null,"dataLoc":null,"href":null,"text":"Manage Jobs","selectorHint":"button"},"x":127,"y":774}}
[2026-07-23T09:25:18.940Z] {"timestamp":1784798717199,"kind":"navigate","url":"http://localhost:3001/admin/jobs","viewport":{"width":412,"height":915},"payload":{"reason":"pushState"}}
[2026-07-23T09:25:18.940Z] {"timestamp":1784798717235,"kind":"focusout","url":"http://localhost:3001/admin/jobs","viewport":{"width":412,"height":915},"payload":{"target":{"tag":"button","id":null,"name":null,"type":null,"role":null,"ariaLabel":null,"testId":null,"dataLoc":null,"href":null,"text":"Manage Jobs","selectorHint":"button"},"value":null}}
[2026-07-23T09:25:18.940Z] {"timestamp":1784798717268,"kind":"scroll","url":"http://localhost:3001/admin/jobs","viewport":{"width":412,"height":915},"payload":{"scrollX":0,"scrollY":763.2000122070312,"documentHeight":1678,"viewportHeight":915}}
[2026-07-23T09:25:20.931Z] {"timestamp":1784798719123,"kind":"navigate","url":"http://localhost:3001/admin/dashboard","viewport":{"width":412,"height":915},"payload":{"reason":"popstate"}}
[2026-07-23T09:25:20.931Z] {"timestamp":1784798719168,"kind":"scroll","url":"http://localhost:3001/admin/dashboard","viewport":{"width":412,"height":915},"payload":{"scrollX":0,"scrollY":1800,"documentHeight":2715,"viewportHeight":915}}
[2026-07-23T09:25:22.935Z] {"timestamp":1784798721184,"kind":"focusin","url":"http://localhost:3001/admin/dashboard","viewport":{"width":412,"height":915},"payload":{"target":{"tag":"button","id":null,"name":null,"type":null,"role":null,"ariaLabel":null,"testId":null,"dataLoc":null,"href":null,"text":"Manage Jobs","selectorHint":"button"}}}
[2026-07-23T09:25:22.935Z] {"timestamp":1784798721184,"kind":"click","url":"http://localhost:3001/admin/dashboard","viewport":{"width":412,"height":915},"payload":{"target":{"tag":"button","id":null,"name":null,"type":null,"role":null,"ariaLabel":null,"testId":null,"dataLoc":null,"href":null,"text":"Manage Jobs","selectorHint":"button"},"x":152,"y":780}}
[2026-07-23T09:25:22.935Z] {"timestamp":1784798721188,"kind":"navigate","url":"http://localhost:3001/admin/jobs","viewport":{"width":412,"height":915},"payload":{"reason":"pushState"}}
[2026-07-23T09:25:22.935Z] {"timestamp":1784798721234,"kind":"focusout","url":"http://localhost:3001/admin/jobs","viewport":{"width":412,"height":915},"payload":{"target":{"tag":"button","id":null,"name":null,"type":null,"role":null,"ariaLabel":null,"testId":null,"dataLoc":null,"href":null,"text":"Manage Jobs","selectorHint":"button"},"value":null}}
[2026-07-23T09:25:22.935Z] {"timestamp":1784798721259,"kind":"scroll","url":"http://localhost:3001/admin/jobs","viewport":{"width":412,"height":915},"payload":{"scrollX":0,"scrollY":763.2000122070312,"documentHeight":1678,"viewportHeight":915}}
[2026-07-23T09:25:24.933Z] {"timestamp":1784798724296,"kind":"scroll","url":"http://localhost:3001/admin/jobs","viewport":{"width":412,"height":915},"payload":{"scrollX":0,"scrollY":654.4000244140625,"documentHeight":1678,"viewportHeight":915}}
[2026-07-23T09:25:24.933Z] {"timestamp":1784798724796,"kind":"scroll","url":"http://localhost:3001/admin/jobs","viewport":{"width":412,"height":915},"payload":{"scrollX":0,"scrollY":40,"documentHeight":1678,"viewportHeight":915}}
[2026-07-23T09:25:26.935Z] {"timestamp":1784798726759,"kind":"scroll","url":"http://localhost:3001/admin/jobs","viewport":{"width":412,"height":915},"payload":{"scrollX":0,"scrollY":20,"documentHeight":1678,"viewportHeight":915}}
[2026-07-23T09:25:28.942Z] {"timestamp":1784798727263,"kind":"scroll","url":"http://localhost:3001/admin/jobs","viewport":{"width":412,"height":915},"payload":{"scrollX":0,"scrollY":315.20001220703125,"documentHeight":1678,"viewportHeight":915}}
[2026-07-23T09:25:28.942Z] {"timestamp":1784798727765,"kind":"scroll","url":"http://localhost:3001/admin/jobs","viewport":{"width":412,"height":915},"payload":{"scrollX":0,"scrollY":559.2000122070312,"documentHeight":1678,"viewportHeight":915}}
[2026-07-23T09:25:31.201Z] {"timestamp":1784798728951,"kind":"scroll","url":"http://localhost:3001/admin/jobs","viewport":{"width":412,"height":915},"payload":{"scrollX":0,"scrollY":632,"documentHeight":1678,"viewportHeight":915}}
[2026-07-23T09:25:31.201Z] {"timestamp":1784798730616,"kind":"focusin","url":"http://localhost:3001/admin/jobs","viewport":{"width":412,"height":915},"payload":{"target":{"tag":"button","id":null,"name":null,"type":null,"role":null,"ariaLabel":null,"testId":null,"dataLoc":null,"href":null,"text":"","selectorHint":"button"}}}
[2026-07-23T09:25:31.201Z] {"timestamp":1784798730616,"kind":"click","url":"http://localhost:3001/admin/jobs","viewport":{"width":412,"height":915},"payload":{"target":{"tag":"button","id":null,"name":null,"type":null,"role":null,"ariaLabel":null,"testId":null,"dataLoc":null,"href":null,"text":"","selectorHint":"button"},"x":32,"y":39}}
[2026-07-23T09:25:31.201Z] {"timestamp":1784798730618,"kind":"navigate","url":"http://localhost:3001/admin/dashboard","viewport":{"width":412,"height":915},"payload":{"reason":"pushState"}}
[2026-07-23T09:25:31.201Z] {"timestamp":1784798730652,"kind":"focusout","url":"http://localhost:3001/admin/dashboard","viewport":{"width":412,"height":915},"payload":{"target":{"tag":"button","id":null,"name":null,"type":null,"role":null,"ariaLabel":null,"testId":null,"dataLoc":null,"href":null,"text":"","selectorHint":"button"},"value":null}}
[2026-07-23T09:25:32.938Z] {"timestamp":1784798731325,"kind":"scroll","url":"http://localhost:3001/admin/dashboard","viewport":{"width":412,"height":915},"payload":{"scrollX":0,"scrollY":92.80000305175781,"documentHeight":2997,"viewportHeight":915}}
[2026-07-23T09:25:32.938Z] {"timestamp":1784798731832,"kind":"scroll","url":"http://localhost:3001/admin/dashboard","viewport":{"width":412,"height":915},"payload":{"scrollX":0,"scrollY":1280.800048828125,"documentHeight":2997,"viewportHeight":915}}
[2026-07-23T09:25:34.971Z] {"timestamp":1784798733798,"kind":"focusin","url":"http://localhost:3001/admin/dashboard","viewport":{"width":412,"height":915},"payload":{"target":{"tag":"button","id":null,"name":null,"type":null,"role":null,"ariaLabel":null,"testId":null,"dataLoc":null,"href":null,"text":"View Analytics","selectorHint":"button"}}}
[2026-07-23T09:25:34.971Z] {"timestamp":1784798733799,"kind":"click","url":"http://localhost:3001/admin/dashboard","viewport":{"width":412,"height":915},"payload":{"target":{"tag":"button","id":null,"name":null,"type":null,"role":null,"ariaLabel":null,"testId":null,"dataLoc":null,"href":null,"text":"View Analytics","selectorHint":"button"},"x":107,"y":838}}
[2026-07-23T09:25:34.971Z] {"timestamp":1784798733800,"kind":"navigate","url":"http://localhost:3001/admin/analytics","viewport":{"width":412,"height":915},"payload":{"reason":"pushState"}}
[2026-07-23T09:25:34.971Z] {"timestamp":1784798733842,"kind":"focusout","url":"http://localhost:3001/admin/analytics","viewport":{"width":412,"height":915},"payload":{"target":{"tag":"button","id":null,"name":null,"type":null,"role":null,"ariaLabel":null,"testId":null,"dataLoc":null,"href":null,"text":"View Analytics","selectorHint":"button"},"value":null}}
[2026-07-23T09:25:36.933Z] {"timestamp":1784798735233,"kind":"scroll","url":"http://localhost:3001/admin/analytics","viewport":{"width":412,"height":915},"payload":{"scrollX":0,"scrollY":2097.60009765625,"documentHeight":4262,"viewportHeight":915}}
[2026-07-23T09:25:36.933Z] {"timestamp":1784798735749,"kind":"scroll","url":"http://localhost:3001/admin/analytics","viewport":{"width":412,"height":915},"payload":{"scrollX":0,"scrollY":2505.60009765625,"documentHeight":4262,"viewportHeight":915}}
[2026-07-23T09:25:40.935Z] {"timestamp":1784798739108,"kind":"scroll","url":"http://localhost:3001/admin/analytics","viewport":{"width":412,"height":915},"payload":{"scrollX":0,"scrollY":3339.199951171875,"documentHeight":4262,"viewportHeight":915}}
[2026-07-23T09:25:40.936Z] {"timestamp":1784798739614,"kind":"scroll","url":"http://localhost:3001/admin/analytics","viewport":{"width":412,"height":915},"payload":{"scrollX":0,"scrollY":1881.5999755859375,"documentHeight":4262,"viewportHeight":915}}
[2026-07-23T09:25:40.936Z] {"timestamp":1784798740118,"kind":"scroll","url":"http://localhost:3001/admin/analytics","viewport":{"width":412,"height":915},"payload":{"scrollX":0,"scrollY":1617.5999755859375,"documentHeight":4262,"viewportHeight":915}}
[2026-07-23T09:25:40.936Z] {"timestamp":1784798740632,"kind":"scroll","url":"http://localhost:3001/admin/analytics","viewport":{"width":412,"height":915},"payload":{"scrollX":0,"scrollY":221.60000610351562,"documentHeight":4262,"viewportHeight":915}}
[2026-07-23T09:25:42.933Z] {"timestamp":1784798741447,"kind":"scroll","url":"http://localhost:3001/admin/analytics","viewport":{"width":412,"height":915},"payload":{"scrollX":0,"scrollY":92.80000305175781,"documentHeight":4262,"viewportHeight":915}}
[2026-07-23T09:25:42.933Z] {"timestamp":1784798741947,"kind":"scroll","url":"http://localhost:3001/admin/analytics","viewport":{"width":412,"height":915},"payload":{"scrollX":0,"scrollY":2542.39990234375,"documentHeight":4262,"viewportHeight":915}}
[2026-07-23T09:25:44.937Z] {"timestamp":1784798743515,"kind":"focusin","url":"http://localhost:3001/admin/analytics","viewport":{"width":412,"height":915},"payload":{"target":{"tag":"button","id":null,"name":null,"type":null,"role":null,"ariaLabel":null,"testId":null,"dataLoc":null,"href":null,"text":"Back to Dashboard","selectorHint":"button"}}}
[2026-07-23T09:25:44.937Z] {"timestamp":1784798743516,"kind":"click","url":"http://localhost:3001/admin/analytics","viewport":{"width":412,"height":915},"payload":{"target":{"tag":"button","id":null,"name":null,"type":null,"role":null,"ariaLabel":null,"testId":null,"dataLoc":null,"href":null,"text":"Back to Dashboard","selectorHint":"button"},"x":138,"y":852}}
[2026-07-23T09:25:44.937Z] {"timestamp":1784798743517,"kind":"navigate","url":"http://localhost:3001/admin/dashboard","viewport":{"width":412,"height":915},"payload":{"reason":"pushState"}}
[2026-07-23T09:25:44.937Z] {"timestamp":1784798743554,"kind":"focusout","url":"http://localhost:3001/admin/dashboard","viewport":{"width":412,"height":915},"payload":{"target":{"tag":"button","id":null,"name":null,"type":null,"role":null,"ariaLabel":null,"testId":null,"dataLoc":null,"href":null,"text":"Back to Dashboard","selectorHint":"button"},"value":null}}
[2026-07-23T09:25:44.937Z] {"timestamp":1784798743635,"kind":"scroll","url":"http://localhost:3001/admin/dashboard","viewport":{"width":412,"height":915},"payload":{"scrollX":0,"scrollY":2081.60009765625,"documentHeight":2997,"viewportHeight":915}}
[2026-07-23T09:25:44.937Z] {"timestamp":1784798744585,"kind":"scroll","url":"http://localhost:3001/admin/dashboard","viewport":{"width":412,"height":915},"payload":{"scrollX":0,"scrollY":2016,"documentHeight":2997,"viewportHeight":915}}
[2026-07-23T09:25:47.471Z] {"timestamp":1784798746046,"kind":"navigate","url":"http://localhost:3001/admin/analytics","viewport":{"width":412,"height":915},"payload":{"reason":"popstate"}}
[2026-07-23T09:25:47.471Z] {"timestamp":1784798746244,"kind":"scroll","url":"http://localhost:3001/admin/analytics","viewport":{"width":412,"height":915},"payload":{"scrollX":0,"scrollY":677.5999755859375,"documentHeight":4262,"viewportHeight":915}}
[2026-07-23T09:25:47.471Z] {"timestamp":1784798746768,"kind":"scroll","url":"http://localhost:3001/admin/analytics","viewport":{"width":412,"height":915},"payload":{"scrollX":0,"scrollY":3078.39990234375,"documentHeight":4262,"viewportHeight":915}}
[2026-07-23T09:25:49.098Z] {"timestamp":1784798747039,"kind":"navigate","url":"http://localhost:3001/admin/dashboard","viewport":{"width":412,"height":915},"payload":{"reason":"popstate"}}
[2026-07-23T09:25:49.098Z] {"timestamp":1784798747268,"kind":"navigate","url":"http://localhost:3001/admin/jobs","viewport":{"width":412,"height":915},"payload":{"reason":"popstate"}}
[2026-07-23T09:25:49.098Z] {"timestamp":1784798747355,"kind":"scroll","url":"http://localhost:3001/admin/jobs","viewport":{"width":412,"height":915},"payload":{"scrollX":0,"scrollY":763.2000122070312,"documentHeight":1678,"viewportHeight":915}}
[2026-07-23T09:25:49.098Z] {"timestamp":1784798747883,"kind":"scroll","url":"http://localhost:3001/admin/jobs","viewport":{"width":412,"height":915},"payload":{"scrollX":0,"scrollY":7.199999809265137,"documentHeight":1678,"viewportHeight":915}}
[2026-07-23T09:25:49.098Z] {"timestamp":1784798748533,"kind":"navigate","url":"http://localhost:3001/admin/dashboard","viewport":{"width":412,"height":915},"payload":{"reason":"popstate"}}
[2026-07-23T09:25:49.098Z] {"timestamp":1784798748734,"kind":"scroll","url":"http://localhost:3001/admin/dashboard","viewport":{"width":412,"height":915},"payload":{"scrollX":0,"scrollY":212.8000030517578,"documentHeight":2997,"viewportHeight":915}}
[2026-07-23T09:25:51.039Z] {"timestamp":1784798749236,"kind":"scroll","url":"http://localhost:3001/admin/dashboard","viewport":{"width":412,"height":915},"payload":{"scrollX":0,"scrollY":1778.4000244140625,"documentHeight":2997,"viewportHeight":915}}
[2026-07-23T09:25:51.039Z] {"timestamp":1784798749296,"kind":"navigate","url":"http://localhost:3001/admin/companies","viewport":{"width":412,"height":915},"payload":{"reason":"popstate"}}
[2026-07-23T09:25:51.039Z] {"timestamp":1784798750165,"kind":"navigate","url":"http://localhost:3001/admin/dashboard","viewport":{"width":412,"height":915},"payload":{"reason":"popstate"}}
[2026-07-23T09:25:51.039Z] {"timestamp":1784798750326,"kind":"scroll","url":"http://localhost:3001/admin/dashboard","viewport":{"width":412,"height":915},"payload":{"scrollX":0,"scrollY":1792,"documentHeight":2997,"viewportHeight":915}}
[2026-07-23T09:25:53.123Z] {"timestamp":1784798751370,"kind":"navigate","url":"http://localhost:3001/admin/users","viewport":{"width":412,"height":915},"payload":{"reason":"popstate"}}
[2026-07-23T09:25:53.123Z] {"timestamp":1784798751506,"kind":"scroll","url":"http://localhost:3001/admin/users","viewport":{"width":412,"height":915},"payload":{"scrollX":0,"scrollY":884.7999877929688,"documentHeight":1800,"viewportHeight":915}}
[2026-07-23T09:25:53.123Z] {"timestamp":1784798752021,"kind":"scroll","url":"http://localhost:3001/admin/users","viewport":{"width":412,"height":915},"payload":{"scrollX":0,"scrollY":0.800000011920929,"documentHeight":1800,"viewportHeight":915}}
[2026-07-23T09:25:53.123Z] {"timestamp":1784798752334,"kind":"navigate","url":"http://localhost:3001/admin/dashboard","viewport":{"width":412,"height":915},"payload":{"reason":"popstate"}}
[2026-07-23T09:25:53.123Z] {"timestamp":1784798752527,"kind":"scroll","url":"http://localhost:3001/admin/dashboard","viewport":{"width":412,"height":915},"payload":{"scrollX":0,"scrollY":18.399999618530273,"documentHeight":2997,"viewportHeight":915}}
[2026-07-23T09:25:54.934Z] {"timestamp":1784798753034,"kind":"scroll","url":"http://localhost:3001/admin/dashboard","viewport":{"width":412,"height":915},"payload":{"scrollX":0,"scrollY":1978.4000244140625,"documentHeight":2997,"viewportHeight":915}}
[2026-07-23T09:25:54.934Z] {"timestamp":1784798753200,"kind":"navigate","url":"http://localhost:3001/login","viewport":{"width":412,"height":915},"payload":{"reason":"popstate"}}
[2026-07-23T09:25:56.930Z] {"timestamp":1784798755405,"kind":"focusin","url":"http://localhost:3001/login","viewport":{"width":412,"height":915},"payload":{"target":{"tag":"input","id":"email","name":null,"type":"email","role":null,"ariaLabel":null,"testId":null,"dataLoc":null,"href":null,"text":"","selectorHint":"#email"}}}
[2026-07-23T09:25:56.930Z] {"timestamp":1784798755406,"kind":"click","url":"http://localhost:3001/login","viewport":{"width":412,"height":915},"payload":{"target":{"tag":"input","id":"email","name":null,"type":"email","role":null,"ariaLabel":null,"testId":null,"dataLoc":null,"href":null,"text":"","selectorHint":"#email"},"x":216,"y":348}}
[2026-07-23T09:26:00.933Z] {"timestamp":1784798759823,"kind":"change","url":"http://localhost:3001/login","viewport":{"width":412,"height":915},"payload":{"target":{"tag":"input","id":"email","name":null,"type":"email","role":null,"ariaLabel":null,"testId":null,"dataLoc":null,"href":null,"text":"","selectorHint":"#email"},"value":"recruiter@jobportal.com"}}
[2026-07-23T09:26:02.934Z] {"timestamp":1784798761168,"kind":"focusout","url":"http://localhost:3001/login","viewport":{"width":412,"height":915},"payload":{"target":{"tag":"input","id":"email","name":null,"type":"email","role":null,"ariaLabel":null,"testId":null,"dataLoc":null,"href":null,"text":"","selectorHint":"#email"},"value":"recruiter@jobportal.com"}}
[2026-07-23T09:26:02.934Z] {"timestamp":1784798761175,"kind":"focusin","url":"http://localhost:3001/login","viewport":{"width":412,"height":915},"payload":{"target":{"tag":"input","id":"password","name":null,"type":"password","role":null,"ariaLabel":null,"testId":null,"dataLoc":null,"href":null,"text":"","selectorHint":"#password"}}}
[2026-07-23T09:26:02.934Z] {"timestamp":1784798761177,"kind":"click","url":"http://localhost:3001/login","viewport":{"width":412,"height":915},"payload":{"target":{"tag":"input","id":"password","name":null,"type":"password","role":null,"ariaLabel":null,"testId":null,"dataLoc":null,"href":null,"text":"","selectorHint":"#password"},"x":172,"y":424}}
[2026-07-23T09:26:07.108Z] {"timestamp":1784798765585,"kind":"change","url":"http://localhost:3001/login","viewport":{"width":412,"height":915},"payload":{"target":{"tag":"input","id":"password","name":null,"type":"password","role":null,"ariaLabel":null,"testId":null,"dataLoc":null,"href":null,"text":"","selectorHint":"#password"},"value":{"masked":true,"length":12}}}
[2026-07-23T09:26:07.108Z] {"timestamp":1784798765585,"kind":"focusout","url":"http://localhost:3001/login","viewport":{"width":412,"height":915},"payload":{"target":{"tag":"input","id":"password","name":null,"type":"password","role":null,"ariaLabel":null,"testId":null,"dataLoc":null,"href":null,"text":"","selectorHint":"#password"},"value":{"masked":true,"length":12}}}
[2026-07-23T09:26:07.108Z] {"timestamp":1784798765586,"kind":"focusin","url":"http://localhost:3001/login","viewport":{"width":412,"height":915},"payload":{"target":{"tag":"button","id":null,"name":null,"type":null,"role":null,"ariaLabel":null,"testId":null,"dataLoc":null,"href":null,"text":"Sign In","selectorHint":"button"}}}
[2026-07-23T09:26:07.108Z] {"timestamp":1784798765587,"kind":"click","url":"http://localhost:3001/login","viewport":{"width":412,"height":915},"payload":{"target":{"tag":"button","id":null,"name":null,"type":null,"role":null,"ariaLabel":null,"testId":null,"dataLoc":null,"href":null,"text":"Sign In","selectorHint":"button"},"x":232,"y":513}}
[2026-07-23T09:26:07.108Z] {"timestamp":1784798765588,"kind":"submit","url":"http://localhost:3001/login","viewport":{"width":412,"height":915},"payload":{"target":{"tag":"form","id":null,"name":null,"type":null,"role":null,"ariaLabel":null,"testId":null,"dataLoc":null,"href":null,"text":"Email Address Password Remember me Forgot password? Sign In","selectorHint":"form"}}}
[2026-07-23T09:26:07.108Z] {"timestamp":1784798765591,"kind":"navigate","url":"http://localhost:3001/recruiter/dashboard","viewport":{"width":412,"height":915},"payload":{"reason":"pushState"}}
[2026-07-23T09:26:07.108Z] {"timestamp":1784798765635,"kind":"focusout","url":"http://localhost:3001/recruiter/dashboard","viewport":{"width":412,"height":915},"payload":{"target":{"tag":"button","id":null,"name":null,"type":null,"role":null,"ariaLabel":null,"testId":null,"dataLoc":null,"href":null,"text":"Sign In","selectorHint":"button"},"value":null}}
[2026-07-23T09:26:07.108Z] {"timestamp":1784798766598,"kind":"scroll","url":"http://localhost:3001/recruiter/dashboard","viewport":{"width":412,"height":915},"payload":{"scrollX":0,"scrollY":40.79999923706055,"documentHeight":2811,"viewportHeight":915}}
[2026-07-23T09:26:10.933Z] {"timestamp":1784798769547,"kind":"scroll","url":"http://localhost:3001/recruiter/dashboard","viewport":{"width":412,"height":915},"payload":{"scrollX":0,"scrollY":1002.4000244140625,"documentHeight":2811,"viewportHeight":915}}
[2026-07-23T09:26:10.933Z] {"timestamp":1784798770047,"kind":"scroll","url":"http://localhost:3001/recruiter/dashboard","viewport":{"width":412,"height":915},"payload":{"scrollX":0,"scrollY":1788,"documentHeight":2811,"viewportHeight":915}}
[2026-07-23T09:26:13.039Z] {"timestamp":1784798772676,"kind":"focusin","url":"http://localhost:3001/recruiter/dashboard","viewport":{"width":412,"height":915},"payload":{"target":{"tag":"button","id":null,"name":null,"type":null,"role":null,"ariaLabel":null,"testId":null,"dataLoc":null,"href":null,"text":"Review Applicants","selectorHint":"button"}}}
[2026-07-23T09:26:13.039Z] {"timestamp":1784798772677,"kind":"click","url":"http://localhost:3001/recruiter/dashboard","viewport":{"width":412,"height":915},"payload":{"target":{"tag":"button","id":null,"name":null,"type":null,"role":null,"ariaLabel":null,"testId":null,"dataLoc":null,"href":null,"text":"Review Applicants","selectorHint":"button"},"x":221,"y":780}}
[2026-07-23T09:26:13.039Z] {"timestamp":1784798772681,"kind":"navigate","url":"http://localhost:3001/recruiter/applicants","viewport":{"width":412,"height":915},"payload":{"reason":"pushState"}}
[2026-07-23T09:26:13.039Z] {"timestamp":1784798772690,"kind":"focusout","url":"http://localhost:3001/recruiter/applicants","viewport":{"width":412,"height":915},"payload":{"target":{"tag":"button","id":null,"name":null,"type":null,"role":null,"ariaLabel":null,"testId":null,"dataLoc":null,"href":null,"text":"Review Applicants","selectorHint":"button"},"value":null}}
[2026-07-23T09:26:13.039Z] {"timestamp":1784798772750,"kind":"scroll","url":"http://localhost:3001/recruiter/applicants","viewport":{"width":412,"height":915},"payload":{"scrollX":0,"scrollY":706.4000244140625,"documentHeight":1622,"viewportHeight":915}}
[2026-07-23T09:26:19.042Z] {"timestamp":1784798778733,"kind":"focusin","url":"http://localhost:3001/recruiter/applicants","viewport":{"width":412,"height":915},"payload":{"target":{"tag":"button","id":null,"name":null,"type":null,"role":null,"ariaLabel":null,"testId":null,"dataLoc":null,"href":null,"text":"View Resume","selectorHint":"button"}}}
[2026-07-23T09:26:19.042Z] {"timestamp":1784798778734,"kind":"click","url":"http://localhost:3001/recruiter/applicants","viewport":{"width":412,"height":915},"payload":{"target":{"tag":"button","id":null,"name":null,"type":null,"role":null,"ariaLabel":null,"testId":null,"dataLoc":null,"href":null,"text":"View Resume","selectorHint":"button"},"x":179,"y":630}}
[2026-07-23T09:26:24.941Z] {"timestamp":1784798783500,"kind":"scroll","url":"http://localhost:3001/recruiter/applicants","viewport":{"width":412,"height":915},"payload":{"scrollX":0,"scrollY":704.7999877929688,"documentHeight":1622,"viewportHeight":915}}
[2026-07-23T09:26:24.941Z] {"timestamp":1784798784615,"kind":"scroll","url":"http://localhost:3001/recruiter/applicants","viewport":{"width":412,"height":915},"payload":{"scrollX":0,"scrollY":699.2000122070312,"documentHeight":1622,"viewportHeight":915}}
[2026-07-23T09:26:26.936Z] {"timestamp":1784798785314,"kind":"scroll","url":"http://localhost:3001/recruiter/applicants","viewport":{"width":412,"height":915},"payload":{"scrollX":0,"scrollY":679.2000122070312,"documentHeight":1622,"viewportHeight":915}}
[2026-07-23T09:26:28.932Z] {"timestamp":1784798788115,"kind":"scroll","url":"http://localhost:3001/recruiter/applicants","viewport":{"width":412,"height":915},"payload":{"scrollX":0,"scrollY":680,"documentHeight":1622,"viewportHeight":915}}
[2026-07-23T09:26:28.932Z] {"timestamp":1784798788629,"kind":"scroll","url":"http://localhost:3001/recruiter/applicants","viewport":{"width":412,"height":915},"payload":{"scrollX":0,"scrollY":369.6000061035156,"documentHeight":1622,"viewportHeight":915}}
[2026-07-23T09:26:30.936Z] {"timestamp":1784798789463,"kind":"scroll","url":"http://localhost:3001/recruiter/applicants","viewport":{"width":412,"height":915},"payload":{"scrollX":0,"scrollY":380,"documentHeight":1622,"viewportHeight":915}}
[2026-07-23T09:26:30.936Z] {"timestamp":1784798789979,"kind":"scroll","url":"http://localhost:3001/recruiter/applicants","viewport":{"width":412,"height":915},"payload":{"scrollX":0,"scrollY":251.1999969482422,"documentHeight":1622,"viewportHeight":915}}
[2026-07-23T09:26:32.944Z] {"timestamp":1784798791569,"kind":"scroll","url":"http://localhost:3001/recruiter/applicants","viewport":{"width":412,"height":915},"payload":{"scrollX":0,"scrollY":427.20001220703125,"documentHeight":1622,"viewportHeight":915}}
[2026-07-23T09:26:32.944Z] {"timestamp":1784798792081,"kind":"scroll","url":"http://localhost:3001/recruiter/applicants","viewport":{"width":412,"height":915},"payload":{"scrollX":0,"scrollY":373.6000061035156,"documentHeight":1622,"viewportHeight":915}}
[2026-07-23T09:26:34.932Z] {"timestamp":1784798793561,"kind":"focusout","url":"http://localhost:3001/recruiter/applicants","viewport":{"width":412,"height":915},"payload":{"target":{"tag":"button","id":null,"name":null,"type":null,"role":null,"ariaLabel":null,"testId":null,"dataLoc":null,"href":null,"text":"View Resume","selectorHint":"button"},"value":null}}
[2026-07-23T09:26:34.932Z] {"timestamp":1784798793561,"kind":"focusin","url":"http://localhost:3001/recruiter/applicants","viewport":{"width":412,"height":915},"payload":{"target":{"tag":"button","id":null,"name":null,"type":null,"role":null,"ariaLabel":null,"testId":null,"dataLoc":null,"href":null,"text":"","selectorHint":"button"}}}
[2026-07-23T09:26:34.932Z] {"timestamp":1784798793562,"kind":"click","url":"http://localhost:3001/recruiter/applicants","viewport":{"width":412,"height":915},"payload":{"target":{"tag":"button","id":null,"name":null,"type":null,"role":null,"ariaLabel":null,"testId":null,"dataLoc":null,"href":null,"text":"","selectorHint":"button"},"x":348,"y":89}}
[2026-07-23T09:26:34.932Z] {"timestamp":1784798793571,"kind":"focusout","url":"http://localhost:3001/recruiter/applicants","viewport":{"width":412,"height":915},"payload":{"target":{"tag":"button","id":null,"name":null,"type":null,"role":null,"ariaLabel":null,"testId":null,"dataLoc":null,"href":null,"text":"","selectorHint":"button"},"value":null}}
[2026-07-23T09:26:34.932Z] {"timestamp":1784798794590,"kind":"scroll","url":"http://localhost:3001/recruiter/applicants","viewport":{"width":412,"height":915},"payload":{"scrollX":0,"scrollY":359.20001220703125,"documentHeight":1622,"viewportHeight":915}}
[2026-07-23T09:26:36.930Z] {"timestamp":1784798796487,"kind":"focusin","url":"http://localhost:3001/recruiter/applicants","viewport":{"width":412,"height":915},"payload":{"target":{"tag":"select","id":null,"name":null,"type":null,"role":null,"ariaLabel":null,"testId":null,"dataLoc":null,"href":null,"text":"Pending Reviewed Shortlisted Interview Rejected Hired","selectorHint":"select"}}}
[2026-07-23T09:26:36.930Z] {"timestamp":1784798796511,"kind":"click","url":"http://localhost:3001/recruiter/applicants","viewport":{"width":412,"height":915},"payload":{"target":{"tag":"select","id":null,"name":null,"type":null,"role":null,"ariaLabel":null,"testId":null,"dataLoc":null,"href":null,"text":"Pending Reviewed Shortlisted Interview Rejected Hired","selectorHint":"select"},"x":56,"y":636}}
[2026-07-23T09:26:38.934Z] {"timestamp":1784798797957,"kind":"change","url":"http://localhost:3001/recruiter/applicants","viewport":{"width":412,"height":915},"payload":{"target":{"tag":"select","id":null,"name":null,"type":null,"role":null,"ariaLabel":null,"testId":null,"dataLoc":null,"href":null,"text":"Pending Reviewed Shortlisted Interview Rejected Hired","selectorHint":"select"},"value":"Shortlisted"}}
[2026-07-23T09:26:38.934Z] {"timestamp":1784798797985,"kind":"click","url":"http://localhost:3001/recruiter/applicants","viewport":{"width":412,"height":915},"payload":{"target":{"tag":"select","id":null,"name":null,"type":null,"role":null,"ariaLabel":null,"testId":null,"dataLoc":null,"href":null,"text":"Pending Reviewed Shortlisted Interview Rejected Hired","selectorHint":"select"},"x":23,"y":612}}
[2026-07-23T09:26:40.941Z] {"timestamp":1784798799711,"kind":"focusout","url":"http://localhost:3001/recruiter/applicants","viewport":{"width":412,"height":915},"payload":{"target":{"tag":"select","id":null,"name":null,"type":null,"role":null,"ariaLabel":null,"testId":null,"dataLoc":null,"href":null,"text":"Pending Reviewed Shortlisted Interview Rejected Hired","selectorHint":"select"},"value":"Shortlisted"}}
[2026-07-23T09:26:40.941Z] {"timestamp":1784798799712,"kind":"focusin","url":"http://localhost:3001/recruiter/applicants","viewport":{"width":412,"height":915},"payload":{"target":{"tag":"button","id":null,"name":null,"type":null,"role":null,"ariaLabel":null,"testId":null,"dataLoc":null,"href":null,"text":"View Resume","selectorHint":"button"}}}
[2026-07-23T09:26:40.941Z] {"timestamp":1784798799714,"kind":"click","url":"http://localhost:3001/recruiter/applicants","viewport":{"width":412,"height":915},"payload":{"target":{"tag":"button","id":null,"name":null,"type":null,"role":null,"ariaLabel":null,"testId":null,"dataLoc":null,"href":null,"text":"View Resume","selectorHint":"button"},"x":223,"y":631}}
[2026-07-23T09:26:42.939Z] {"timestamp":1784798802181,"kind":"scroll","url":"http://localhost:3001/recruiter/applicants","viewport":{"width":412,"height":915},"payload":{"scrollX":0,"scrollY":691.2000122070312,"documentHeight":1622,"viewportHeight":915}}
[2026-07-23T09:26:45.047Z] {"timestamp":1784798803910,"kind":"scroll","url":"http://localhost:3001/recruiter/applicants","viewport":{"width":412,"height":915},"payload":{"scrollX":0,"scrollY":704.7999877929688,"documentHeight":1622,"viewportHeight":915}}
[2026-07-23T09:26:48.953Z] {"timestamp":1784798807044,"kind":"focusout","url":"http://localhost:3001/recruiter/applicants","viewport":{"width":412,"height":915},"payload":{"target":{"tag":"button","id":null,"name":null,"type":null,"role":null,"ariaLabel":null,"testId":null,"dataLoc":null,"href":null,"text":"View Resume","selectorHint":"button"},"value":null}}
[2026-07-23T09:26:48.953Z] {"timestamp":1784798807508,"kind":"focusin","url":"http://localhost:3001/recruiter/applicants","viewport":{"width":412,"height":915},"payload":{"target":{"tag":"button","id":null,"name":null,"type":null,"role":null,"ariaLabel":null,"testId":null,"dataLoc":null,"href":null,"text":"View Resume","selectorHint":"button"}}}
[2026-07-23T09:26:48.953Z] {"timestamp":1784798808815,"kind":"scroll","url":"http://localhost:3001/recruiter/applicants","viewport":{"width":412,"height":915},"payload":{"scrollX":0,"scrollY":697.5999755859375,"documentHeight":1622,"viewportHeight":915}}
[2026-07-23T09:26:50.933Z] {"timestamp":1784798809468,"kind":"scroll","url":"http://localhost:3001/recruiter/applicants","viewport":{"width":412,"height":915},"payload":{"scrollX":0,"scrollY":664.7999877929688,"documentHeight":1622,"viewportHeight":915}}
[2026-07-23T09:26:50.933Z] {"timestamp":1784798809981,"kind":"scroll","url":"http://localhost:3001/recruiter/applicants","viewport":{"width":412,"height":915},"payload":{"scrollX":0,"scrollY":60.79999923706055,"documentHeight":1622,"viewportHeight":915}}
[2026-07-23T09:26:56.934Z] {"timestamp":1784798815243,"kind":"focusout","url":"http://localhost:3001/recruiter/applicants","viewport":{"width":412,"height":915},"payload":{"target":{"tag":"button","id":null,"name":null,"type":null,"role":null,"ariaLabel":null,"testId":null,"dataLoc":null,"href":null,"text":"View Resume","selectorHint":"button"},"value":null}}
[2026-07-23T09:26:56.934Z] {"timestamp":1784798815243,"kind":"focusin","url":"http://localhost:3001/recruiter/applicants","viewport":{"width":412,"height":915},"payload":{"target":{"tag":"button","id":null,"name":null,"type":null,"role":null,"ariaLabel":null,"testId":null,"dataLoc":null,"href":null,"text":"","selectorHint":"button"}}}
[2026-07-23T09:26:56.934Z] {"timestamp":1784798815244,"kind":"click","url":"http://localhost:3001/recruiter/applicants","viewport":{"width":412,"height":915},"payload":{"target":{"tag":"button","id":null,"name":null,"type":null,"role":null,"ariaLabel":null,"testId":null,"dataLoc":null,"href":null,"text":"","selectorHint":"button"},"x":356,"y":83}}
[2026-07-23T09:26:56.934Z] {"timestamp":1784798815254,"kind":"focusout","url":"http://localhost:3001/recruiter/applicants","viewport":{"width":412,"height":915},"payload":{"target":{"tag":"button","id":null,"name":null,"type":null,"role":null,"ariaLabel":null,"testId":null,"dataLoc":null,"href":null,"text":"","selectorHint":"button"},"value":null}}
[2026-07-23T09:26:56.934Z] {"timestamp":1784798816140,"kind":"scroll","url":"http://localhost:3001/recruiter/applicants","viewport":{"width":412,"height":915},"payload":{"scrollX":0,"scrollY":43.20000076293945,"documentHeight":1622,"viewportHeight":915}}
[2026-07-23T09:27:01.143Z] {"timestamp":1784798820921,"kind":"focusin","url":"http://localhost:3001/recruiter/applicants","viewport":{"width":412,"height":915},"payload":{"target":{"tag":"button","id":null,"name":null,"type":null,"role":null,"ariaLabel":null,"testId":null,"dataLoc":null,"href":null,"text":"View Job Postings","selectorHint":"button"}}}
[2026-07-23T09:27:01.143Z] {"timestamp":1784798820922,"kind":"click","url":"http://localhost:3001/recruiter/applicants","viewport":{"width":412,"height":915},"payload":{"target":{"tag":"button","id":null,"name":null,"type":null,"role":null,"ariaLabel":null,"testId":null,"dataLoc":null,"href":null,"text":"View Job Postings","selectorHint":"button"},"x":186,"y":843}}
[2026-07-23T09:27:01.143Z] {"timestamp":1784798820923,"kind":"navigate","url":"http://localhost:3001/recruiter/manage-jobs","viewport":{"width":412,"height":915},"payload":{"reason":"pushState"}}
[2026-07-23T09:27:01.143Z] {"timestamp":1784798820993,"kind":"focusout","url":"http://localhost:3001/recruiter/manage-jobs","viewport":{"width":412,"height":915},"payload":{"target":{"tag":"button","id":null,"name":null,"type":null,"role":null,"ariaLabel":null,"testId":null,"dataLoc":null,"href":null,"text":"View Job Postings","selectorHint":"button"},"value":null}}
[2026-07-23T09:27:04.937Z] {"timestamp":1784798823384,"kind":"focusin","url":"http://localhost:3001/recruiter/manage-jobs","viewport":{"width":412,"height":915},"payload":{"target":{"tag":"button","id":null,"name":null,"type":null,"role":null,"ariaLabel":null,"testId":null,"dataLoc":null,"href":null,"text":"","selectorHint":"button"}}}
[2026-07-23T09:27:04.937Z] {"timestamp":1784798823384,"kind":"click","url":"http://localhost:3001/recruiter/manage-jobs","viewport":{"width":412,"height":915},"payload":{"target":{"tag":"button","id":null,"name":null,"type":null,"role":null,"ariaLabel":null,"testId":null,"dataLoc":null,"href":null,"text":"","selectorHint":"button"},"x":274,"y":596}}
[2026-07-23T09:27:04.937Z] {"timestamp":1784798823385,"kind":"navigate","url":"http://localhost:3001/recruiter/job/1784788464043","viewport":{"width":412,"height":915},"payload":{"reason":"pushState"}}
[2026-07-23T09:27:04.937Z] {"timestamp":1784798823389,"kind":"focusout","url":"http://localhost:3001/recruiter/job/1784788464043","viewport":{"width":412,"height":915},"payload":{"target":{"tag":"button","id":null,"name":null,"type":null,"role":null,"ariaLabel":null,"testId":null,"dataLoc":null,"href":null,"text":"","selectorHint":"button"},"value":null}}
[2026-07-23T09:27:04.937Z] {"timestamp":1784798823398,"kind":"scroll","url":"http://localhost:3001/recruiter/job/1784788464043","viewport":{"width":412,"height":915},"payload":{"scrollX":0,"scrollY":0,"documentHeight":915,"viewportHeight":915}}
[2026-07-23T09:27:04.937Z] {"timestamp":1784798824262,"kind":"scroll","url":"http://localhost:3001/recruiter/job/1784788464043","viewport":{"width":439,"height":974},"payload":{"scrollX":0,"scrollY":36.79999923706055,"documentHeight":2577,"viewportHeight":974}}
[2026-07-23T09:27:04.937Z] {"timestamp":1784798824767,"kind":"scroll","url":"http://localhost:3001/recruiter/job/1784788464043","viewport":{"width":439,"height":974},"payload":{"scrollX":0,"scrollY":328.79998779296875,"documentHeight":2577,"viewportHeight":974}}
[2026-07-23T09:27:06.933Z] {"timestamp":1784798825311,"kind":"scroll","url":"http://localhost:3001/recruiter/job/1784788464043","viewport":{"width":439,"height":974},"payload":{"scrollX":0,"scrollY":1140.800048828125,"documentHeight":2577,"viewportHeight":974}}
[2026-07-23T09:27:06.933Z] {"timestamp":1784798826217,"kind":"scroll","url":"http://localhost:3001/recruiter/job/1784788464043","viewport":{"width":439,"height":974},"payload":{"scrollX":0,"scrollY":1550.4000244140625,"documentHeight":2577,"viewportHeight":974}}
[2026-07-23T09:27:10.945Z] {"timestamp":1784798829830,"kind":"focusin","url":"http://localhost:3001/recruiter/job/1784788464043","viewport":{"width":439,"height":974},"payload":{"target":{"tag":"button","id":null,"name":null,"type":null,"role":null,"ariaLabel":null,"testId":null,"dataLoc":null,"href":null,"text":"","selectorHint":"button"}}}
[2026-07-23T09:27:10.945Z] {"timestamp":1784798829830,"kind":"click","url":"http://localhost:3001/recruiter/job/1784788464043","viewport":{"width":439,"height":974},"payload":{"target":{"tag":"button","id":null,"name":null,"type":null,"role":null,"ariaLabel":null,"testId":null,"dataLoc":null,"href":null,"text":"","selectorHint":"button"},"x":43,"y":65}}
[2026-07-23T09:27:10.945Z] {"timestamp":1784798829831,"kind":"navigate","url":"http://localhost:3001/recruiter/manage-jobs","viewport":{"width":439,"height":974},"payload":{"reason":"pushState"}}
[2026-07-23T09:27:10.945Z] {"timestamp":1784798829856,"kind":"focusout","url":"http://localhost:3001/recruiter/manage-jobs","viewport":{"width":439,"height":974},"payload":{"target":{"tag":"button","id":null,"name":null,"type":null,"role":null,"ariaLabel":null,"testId":null,"dataLoc":null,"href":null,"text":"","selectorHint":"button"},"value":null}}
[2026-07-23T09:27:10.945Z] {"timestamp":1784798830481,"kind":"scroll","url":"http://localhost:3001/recruiter/manage-jobs","viewport":{"width":412,"height":915},"payload":{"scrollX":0,"scrollY":83.19999694824219,"documentHeight":1669,"viewportHeight":915}}
[2026-07-23T09:27:12.936Z] {"timestamp":1784798830986,"kind":"scroll","url":"http://localhost:3001/recruiter/manage-jobs","viewport":{"width":412,"height":915},"payload":{"scrollX":0,"scrollY":734.4000244140625,"documentHeight":1669,"viewportHeight":915}}
[2026-07-23T09:27:14.969Z] {"timestamp":1784798834284,"kind":"focusin","url":"http://localhost:3001/recruiter/manage-jobs","viewport":{"width":412,"height":915},"payload":{"target":{"tag":"button","id":null,"name":null,"type":null,"role":null,"ariaLabel":null,"testId":null,"dataLoc":null,"href":null,"text":"","selectorHint":"button"}}}
[2026-07-23T09:27:14.969Z] {"timestamp":1784798834284,"kind":"click","url":"http://localhost:3001/recruiter/manage-jobs","viewport":{"width":412,"height":915},"payload":{"target":{"tag":"button","id":null,"name":null,"type":null,"role":null,"ariaLabel":null,"testId":null,"dataLoc":null,"href":null,"text":"","selectorHint":"button"},"x":316,"y":559}}
[2026-07-23T09:27:14.969Z] {"timestamp":1784798834286,"kind":"navigate","url":"http://localhost:3001/recruiter/edit-job/1784788464043","viewport":{"width":412,"height":915},"payload":{"reason":"pushState"}}
[2026-07-23T09:27:14.969Z] {"timestamp":1784798834319,"kind":"focusout","url":"http://localhost:3001/recruiter/edit-job/1784788464043","viewport":{"width":412,"height":915},"payload":{"target":{"tag":"button","id":null,"name":null,"type":null,"role":null,"ariaLabel":null,"testId":null,"dataLoc":null,"href":null,"text":"","selectorHint":"button"},"value":null}}
[2026-07-23T09:27:16.931Z] {"timestamp":1784798835172,"kind":"scroll","url":"http://localhost:3001/recruiter/edit-job/1784788464043","viewport":{"width":528,"height":1174},"payload":{"scrollX":0,"scrollY":642.4000244140625,"documentHeight":2006,"viewportHeight":1174}}
[2026-07-23T09:27:16.931Z] {"timestamp":1784798835685,"kind":"scroll","url":"http://localhost:3001/recruiter/edit-job/1784788464043","viewport":{"width":528,"height":1174},"payload":{"scrollX":0,"scrollY":241.60000610351562,"documentHeight":2006,"viewportHeight":1174}}
[2026-07-23T09:27:18.938Z] {"timestamp":1784798838649,"kind":"scroll","url":"http://localhost:3001/recruiter/edit-job/1784788464043","viewport":{"width":528,"height":1174},"payload":{"scrollX":0,"scrollY":28,"documentHeight":2006,"viewportHeight":1174}}
[2026-07-23T09:27:20.945Z] {"timestamp":1784798839881,"kind":"scroll","url":"http://localhost:3001/recruiter/edit-job/1784788464043","viewport":{"width":528,"height":1174},"payload":{"scrollX":0,"scrollY":766.4000244140625,"documentHeight":2006,"viewportHeight":1174}}
[2026-07-23T09:27:22.938Z] {"timestamp":1784798841233,"kind":"focusin","url":"http://localhost:3001/recruiter/edit-job/1784788464043","viewport":{"width":528,"height":1174},"payload":{"target":{"tag":"button","id":null,"name":null,"type":null,"role":null,"ariaLabel":null,"testId":null,"dataLoc":null,"href":null,"text":"","selectorHint":"button"}}}
[2026-07-23T09:27:22.938Z] {"timestamp":1784798841234,"kind":"click","url":"http://localhost:3001/recruiter/edit-job/1784788464043","viewport":{"width":528,"height":1174},"payload":{"target":{"tag":"button","id":null,"name":null,"type":null,"role":null,"ariaLabel":null,"testId":null,"dataLoc":null,"href":null,"text":"","selectorHint":"button"},"x":31,"y":67}}
[2026-07-23T09:27:22.938Z] {"timestamp":1784798841235,"kind":"navigate","url":"http://localhost:3001/recruiter/manage-jobs","viewport":{"width":528,"height":1174},"payload":{"reason":"pushState"}}
[2026-07-23T09:27:22.938Z] {"timestamp":1784798841271,"kind":"focusout","url":"http://localhost:3001/recruiter/manage-jobs","viewport":{"width":528,"height":1174},"payload":{"target":{"tag":"button","id":null,"name":null,"type":null,"role":null,"ariaLabel":null,"testId":null,"dataLoc":null,"href":null,"text":"","selectorHint":"button"},"value":null}}
[2026-07-23T09:27:22.938Z] {"timestamp":1784798841917,"kind":"scroll","url":"http://localhost:3001/recruiter/manage-jobs","viewport":{"width":412,"height":915},"payload":{"scrollX":0,"scrollY":63.20000076293945,"documentHeight":1669,"viewportHeight":915}}
[2026-07-23T09:27:30.308Z] {"timestamp":1784798848317,"kind":"focusin","url":"http://localhost:3001/recruiter/manage-jobs","viewport":{"width":412,"height":915},"payload":{"target":{"tag":"button","id":null,"name":null,"type":null,"role":null,"ariaLabel":null,"testId":null,"dataLoc":null,"href":null,"text":"","selectorHint":"button"}}}
[2026-07-23T09:27:30.308Z] {"timestamp":1784798848318,"kind":"click","url":"http://localhost:3001/recruiter/manage-jobs","viewport":{"width":412,"height":915},"payload":{"target":{"tag":"button","id":null,"name":null,"type":null,"role":null,"ariaLabel":null,"testId":null,"dataLoc":null,"href":null,"text":"","selectorHint":"button"},"x":359,"y":647}}
[2026-07-23T09:27:30.308Z] {"timestamp":1784798850257,"kind":"focusout","url":"http://localhost:3001/recruiter/manage-jobs","viewport":{"width":412,"height":915},"payload":{"target":{"tag":"button","id":null,"name":null,"type":null,"role":null,"ariaLabel":null,"testId":null,"dataLoc":null,"href":null,"text":"","selectorHint":"button"},"value":null}}
[2026-07-23T09:27:30.308Z] {"timestamp":1784798850257,"kind":"focusin","url":"http://localhost:3001/recruiter/manage-jobs","viewport":{"width":412,"height":915},"payload":{"target":{"tag":"button","id":null,"name":null,"type":null,"role":null,"ariaLabel":null,"testId":null,"dataLoc":null,"href":null,"text":"","selectorHint":"button"}}}
[2026-07-23T09:27:32.939Z] {"timestamp":1784798851953,"kind":"focusout","url":"http://localhost:3001/recruiter/manage-jobs","viewport":{"width":412,"height":915},"payload":{"target":{"tag":"button","id":null,"name":null,"type":null,"role":null,"ariaLabel":null,"testId":null,"dataLoc":null,"href":null,"text":"","selectorHint":"button"},"value":null}}
[2026-07-23T09:27:32.939Z] {"timestamp":1784798851953,"kind":"focusin","url":"http://localhost:3001/recruiter/manage-jobs","viewport":{"width":412,"height":915},"payload":{"target":{"tag":"button","id":null,"name":null,"type":null,"role":null,"ariaLabel":null,"testId":null,"dataLoc":null,"href":null,"text":"","selectorHint":"button"}}}
[2026-07-23T09:27:32.939Z] {"timestamp":1784798851953,"kind":"click","url":"http://localhost:3001/recruiter/manage-jobs","viewport":{"width":412,"height":915},"payload":{"target":{"tag":"button","id":null,"name":null,"type":null,"role":null,"ariaLabel":null,"testId":null,"dataLoc":null,"href":null,"text":"","selectorHint":"button"},"x":268,"y":551}}
[2026-07-23T09:27:32.939Z] {"timestamp":1784798851954,"kind":"navigate","url":"http://localhost:3001/recruiter/job/1784788464043","viewport":{"width":412,"height":915},"payload":{"reason":"pushState"}}
[2026-07-23T09:27:32.939Z] {"timestamp":1784798851957,"kind":"focusout","url":"http://localhost:3001/recruiter/job/1784788464043","viewport":{"width":412,"height":915},"payload":{"target":{"tag":"button","id":null,"name":null,"type":null,"role":null,"ariaLabel":null,"testId":null,"dataLoc":null,"href":null,"text":"","selectorHint":"button"},"value":null}}
[2026-07-23T09:27:32.939Z] {"timestamp":1784798851961,"kind":"scroll","url":"http://localhost:3001/recruiter/job/1784788464043","viewport":{"width":412,"height":915},"payload":{"scrollX":0,"scrollY":0,"documentHeight":915,"viewportHeight":915}}
[2026-07-23T09:27:36.970Z] {"timestamp":1784798856669,"kind":"navigate","url":"http://localhost:3001/recruiter/manage-jobs","viewport":{"width":439,"height":974},"payload":{"reason":"popstate"}}
[2026-07-23T09:27:36.970Z] {"timestamp":1784798856876,"kind":"scroll","url":"http://localhost:3001/recruiter/manage-jobs","viewport":{"width":412,"height":915},"payload":{"scrollX":0,"scrollY":412.79998779296875,"documentHeight":1669,"viewportHeight":915}}
[2026-07-23T09:27:38.934Z] {"timestamp":1784798857672,"kind":"scroll","url":"http://localhost:3001/recruiter/manage-jobs","viewport":{"width":412,"height":915},"payload":{"scrollX":0,"scrollY":740,"documentHeight":1669,"viewportHeight":915}}
[2026-07-23T09:27:40.939Z] {"timestamp":1784798859834,"kind":"focusin","url":"http://localhost:3001/recruiter/manage-jobs","viewport":{"width":412,"height":915},"payload":{"target":{"tag":"button","id":null,"name":null,"type":null,"role":null,"ariaLabel":null,"testId":null,"dataLoc":null,"href":null,"text":"","selectorHint":"button"}}}
[2026-07-23T09:27:40.940Z] {"timestamp":1784798859835,"kind":"click","url":"http://localhost:3001/recruiter/manage-jobs","viewport":{"width":412,"height":915},"payload":{"target":{"tag":"button","id":null,"name":null,"type":null,"role":null,"ariaLabel":null,"testId":null,"dataLoc":null,"href":null,"text":"","selectorHint":"button"},"x":274,"y":552}}
[2026-07-23T09:27:40.940Z] {"timestamp":1784798859836,"kind":"navigate","url":"http://localhost:3001/recruiter/job/1784788464043","viewport":{"width":412,"height":915},"payload":{"reason":"pushState"}}
[2026-07-23T09:27:40.940Z] {"timestamp":1784798859839,"kind":"focusout","url":"http://localhost:3001/recruiter/job/1784788464043","viewport":{"width":412,"height":915},"payload":{"target":{"tag":"button","id":null,"name":null,"type":null,"role":null,"ariaLabel":null,"testId":null,"dataLoc":null,"href":null,"text":"","selectorHint":"button"},"value":null}}
[2026-07-23T09:27:40.940Z] {"timestamp":1784798859867,"kind":"scroll","url":"http://localhost:3001/recruiter/job/1784788464043","viewport":{"width":412,"height":915},"payload":{"scrollX":0,"scrollY":0,"documentHeight":915,"viewportHeight":915}}
[2026-07-23T09:27:48.941Z] {"timestamp":1784798868487,"kind":"scroll","url":"http://localhost:3001/recruiter/job/1784788464043","viewport":{"width":439,"height":974},"payload":{"scrollX":0,"scrollY":203.1999969482422,"documentHeight":2577,"viewportHeight":974}}
[2026-07-23T09:27:50.971Z] {"timestamp":1784798869047,"kind":"scroll","url":"http://localhost:3001/recruiter/job/1784788464043","viewport":{"width":439,"height":974},"payload":{"scrollX":0,"scrollY":956.7999877929688,"documentHeight":2577,"viewportHeight":974}}
[2026-07-23T09:27:50.971Z] {"timestamp":1784798869720,"kind":"scroll","url":"http://localhost:3001/recruiter/job/1784788464043","viewport":{"width":439,"height":974},"payload":{"scrollX":0,"scrollY":1061.5999755859375,"documentHeight":2577,"viewportHeight":974}}
[2026-07-23T09:27:50.971Z] {"timestamp":1784798870236,"kind":"scroll","url":"http://localhost:3001/recruiter/job/1784788464043","viewport":{"width":439,"height":974},"payload":{"scrollX":0,"scrollY":1602.4000244140625,"documentHeight":2577,"viewportHeight":974}}
[2026-07-23T09:27:52.935Z] {"timestamp":1784798871137,"kind":"scroll","url":"http://localhost:3001/recruiter/job/1784788464043","viewport":{"width":439,"height":974},"payload":{"scrollX":0,"scrollY":1249.5999755859375,"documentHeight":2577,"viewportHeight":974}}
[2026-07-23T09:31:16.381Z] {"timestamp":1784799073797,"kind":"scroll","url":"http://localhost:3002/recruiter/post-job","viewport":{"width":1536,"height":730},"payload":{"scrollX":0,"scrollY":24,"documentHeight":2372,"viewportHeight":730}}
[2026-07-23T09:36:13.428Z] {"timestamp":1784799371598,"kind":"scroll","url":"http://localhost:3001/recruiter/job/1784788464043","viewport":{"width":439,"height":974},"payload":{"scrollX":0,"scrollY":104.80000305175781,"documentHeight":2577,"viewportHeight":974}}
[2026-07-23T09:36:33.470Z] {"timestamp":1784799379706,"kind":"scroll","url":"http://localhost:3001/recruiter/job/1784788464043","viewport":{"width":439,"height":974},"payload":{"scrollX":0,"scrollY":256.79998779296875,"documentHeight":2577,"viewportHeight":974}}
[2026-07-23T09:36:33.470Z] {"timestamp":1784799380223,"kind":"scroll","url":"http://localhost:3001/recruiter/job/1784788464043","viewport":{"width":439,"height":974},"payload":{"scrollX":0,"scrollY":1547.199951171875,"documentHeight":2577,"viewportHeight":974}}
[2026-07-23T09:36:34.040Z] {"timestamp":1784799384731,"kind":"scroll","url":"http://localhost:3001/recruiter/job/1784788464043","viewport":{"width":439,"height":974},"payload":{"scrollX":0,"scrollY":1.600000023841858,"documentHeight":2577,"viewportHeight":974}}
[2026-07-23T09:36:34.052Z] {"timestamp":1784799385309,"kind":"scroll","url":"http://localhost:3001/recruiter/job/1784788464043","viewport":{"width":439,"height":974},"payload":{"scrollX":0,"scrollY":799.2000122070312,"documentHeight":2577,"viewportHeight":974}}
[2026-07-23T09:36:34.053Z] {"timestamp":1784799385826,"kind":"scroll","url":"http://localhost:3001/recruiter/job/1784788464043","viewport":{"width":439,"height":974},"payload":{"scrollX":0,"scrollY":1013.5999755859375,"documentHeight":2577,"viewportHeight":974}}
[2026-07-23T09:36:34.053Z] {"timestamp":1784799386334,"kind":"scroll","url":"http://localhost:3001/recruiter/job/1784788464043","viewport":{"width":439,"height":974},"payload":{"scrollX":0,"scrollY":1273.5999755859375,"documentHeight":2577,"viewportHeight":974}}
[2026-07-23T09:36:34.101Z] {"timestamp":1784799388002,"kind":"scroll","url":"http://localhost:3001/recruiter/job/1784788464043","viewport":{"width":439,"height":974},"payload":{"scrollX":0,"scrollY":1166.4000244140625,"documentHeight":2577,"viewportHeight":974}}
[2026-07-23T09:36:34.118Z] {"timestamp":1784799375153,"kind":"scroll","url":"http://localhost:3001/recruiter/job/1784788464043","viewport":{"width":439,"height":974},"payload":{"scrollX":0,"scrollY":1568.800048828125,"documentHeight":2577,"viewportHeight":974}}
[2026-07-23T09:36:34.119Z] {"timestamp":1784799376297,"kind":"scroll","url":"http://localhost:3001/recruiter/job/1784788464043","viewport":{"width":439,"height":974},"payload":{"scrollX":0,"scrollY":1356,"documentHeight":2577,"viewportHeight":974}}
[2026-07-23T09:36:34.134Z] {"timestamp":1784799373937,"kind":"scroll","url":"http://localhost:3001/recruiter/job/1784788464043","viewport":{"width":439,"height":974},"payload":{"scrollX":0,"scrollY":161.60000610351562,"documentHeight":2577,"viewportHeight":974}}
[2026-07-23T09:36:34.134Z] {"timestamp":1784799374481,"kind":"scroll","url":"http://localhost:3001/recruiter/job/1784788464043","viewport":{"width":439,"height":974},"payload":{"scrollX":0,"scrollY":792.7999877929688,"documentHeight":2577,"viewportHeight":974}}
[2026-07-23T09:36:34.757Z] {"timestamp":1784799381122,"kind":"scroll","url":"http://localhost:3001/recruiter/job/1784788464043","viewport":{"width":439,"height":974},"payload":{"scrollX":0,"scrollY":1468.800048828125,"documentHeight":2577,"viewportHeight":974}}
[2026-07-23T09:36:34.757Z] {"timestamp":1784799381667,"kind":"scroll","url":"http://localhost:3001/recruiter/job/1784788464043","viewport":{"width":439,"height":974},"payload":{"scrollX":0,"scrollY":1462.4000244140625,"documentHeight":2577,"viewportHeight":974}}
[2026-07-23T09:36:34.757Z] {"timestamp":1784799382202,"kind":"scroll","url":"http://localhost:3001/recruiter/job/1784788464043","viewport":{"width":439,"height":974},"payload":{"scrollX":0,"scrollY":680,"documentHeight":2577,"viewportHeight":974}}
[2026-07-23T09:36:35.940Z] {"timestamp":1784799392220,"kind":"focusin","url":"http://localhost:3001/recruiter/job/1784788464043","viewport":{"width":439,"height":974},"payload":{"target":{"tag":"button","id":null,"name":null,"type":null,"role":null,"ariaLabel":null,"testId":null,"dataLoc":null,"href":null,"text":"Edit","selectorHint":"button"}}}
[2026-07-23T09:36:35.940Z] {"timestamp":1784799392221,"kind":"click","url":"http://localhost:3001/recruiter/job/1784788464043","viewport":{"width":439,"height":974},"payload":{"target":{"tag":"button","id":null,"name":null,"type":null,"role":null,"ariaLabel":null,"testId":null,"dataLoc":null,"href":null,"text":"Edit","selectorHint":"button"},"x":295,"y":76}}
[2026-07-23T09:36:35.940Z] {"timestamp":1784799392227,"kind":"navigate","url":"http://localhost:3001/recruiter/edit-job/1784788464043","viewport":{"width":439,"height":974},"payload":{"reason":"pushState"}}
[2026-07-23T09:36:35.940Z] {"timestamp":1784799392282,"kind":"focusout","url":"http://localhost:3001/recruiter/edit-job/1784788464043","viewport":{"width":439,"height":974},"payload":{"target":{"tag":"button","id":null,"name":null,"type":null,"role":null,"ariaLabel":null,"testId":null,"dataLoc":null,"href":null,"text":"Edit","selectorHint":"button"},"value":null}}
[2026-07-23T09:36:36.049Z] {"timestamp":1784799393863,"kind":"scroll","url":"http://localhost:3001/recruiter/edit-job/1784788464043","viewport":{"width":528,"height":1174},"payload":{"scrollX":0,"scrollY":34.400001525878906,"documentHeight":2006,"viewportHeight":1174}}
[2026-07-23T09:36:37.123Z] {"timestamp":1784799395301,"kind":"focusin","url":"http://localhost:3001/recruiter/edit-job/1784788464043","viewport":{"width":528,"height":1174},"payload":{"target":{"tag":"button","id":null,"name":null,"type":null,"role":null,"ariaLabel":null,"testId":null,"dataLoc":null,"href":null,"text":"","selectorHint":"button"}}}
[2026-07-23T09:36:37.123Z] {"timestamp":1784799395302,"kind":"click","url":"http://localhost:3001/recruiter/edit-job/1784788464043","viewport":{"width":528,"height":1174},"payload":{"target":{"tag":"button","id":null,"name":null,"type":null,"role":null,"ariaLabel":null,"testId":null,"dataLoc":null,"href":null,"text":"","selectorHint":"button"},"x":28,"y":73}}
[2026-07-23T09:36:37.123Z] {"timestamp":1784799395304,"kind":"navigate","url":"http://localhost:3001/recruiter/manage-jobs","viewport":{"width":528,"height":1174},"payload":{"reason":"pushState"}}
[2026-07-23T09:36:37.123Z] {"timestamp":1784799395334,"kind":"focusout","url":"http://localhost:3001/recruiter/manage-jobs","viewport":{"width":528,"height":1174},"payload":{"target":{"tag":"button","id":null,"name":null,"type":null,"role":null,"ariaLabel":null,"testId":null,"dataLoc":null,"href":null,"text":"","selectorHint":"button"},"value":null}}
[2026-07-23T09:36:37.123Z] {"timestamp":1784799396068,"kind":"scroll","url":"http://localhost:3001/recruiter/manage-jobs","viewport":{"width":412,"height":915},"payload":{"scrollX":0,"scrollY":83.19999694824219,"documentHeight":1669,"viewportHeight":915}}
[2026-07-23T09:36:37.123Z] {"timestamp":1784799396580,"kind":"scroll","url":"http://localhost:3001/recruiter/manage-jobs","viewport":{"width":412,"height":915},"payload":{"scrollX":0,"scrollY":324.79998779296875,"documentHeight":1669,"viewportHeight":915}}
[2026-07-23T09:36:40.932Z] {"timestamp":1784799399258,"kind":"focusin","url":"http://localhost:3001/recruiter/manage-jobs","viewport":{"width":412,"height":915},"payload":{"target":{"tag":"button","id":null,"name":null,"type":null,"role":null,"ariaLabel":null,"testId":null,"dataLoc":null,"href":null,"text":"","selectorHint":"button"}}}
[2026-07-23T09:36:40.932Z] {"timestamp":1784799399258,"kind":"click","url":"http://localhost:3001/recruiter/manage-jobs","viewport":{"width":412,"height":915},"payload":{"target":{"tag":"button","id":null,"name":null,"type":null,"role":null,"ariaLabel":null,"testId":null,"dataLoc":null,"href":null,"text":"","selectorHint":"button"},"x":346,"y":550}}
[2026-07-23T09:36:40.932Z] {"timestamp":1784799399259,"kind":"navigate","url":"http://localhost:3001/recruiter/job/1784788464043","viewport":{"width":412,"height":915},"payload":{"reason":"pushState"}}
[2026-07-23T09:36:40.932Z] {"timestamp":1784799399278,"kind":"focusout","url":"http://localhost:3001/recruiter/job/1784788464043","viewport":{"width":412,"height":915},"payload":{"target":{"tag":"button","id":null,"name":null,"type":null,"role":null,"ariaLabel":null,"testId":null,"dataLoc":null,"href":null,"text":"","selectorHint":"button"},"value":null}}
[2026-07-23T09:36:40.932Z] {"timestamp":1784799399294,"kind":"scroll","url":"http://localhost:3001/recruiter/job/1784788464043","viewport":{"width":412,"height":915},"payload":{"scrollX":0,"scrollY":0,"documentHeight":915,"viewportHeight":915}}
[2026-07-23T09:36:40.932Z] {"timestamp":1784799399803,"kind":"scroll","url":"http://localhost:3001/recruiter/job/1784788464043","viewport":{"width":412,"height":915},"payload":{"scrollX":0,"scrollY":68.80000305175781,"documentHeight":2426,"viewportHeight":915}}
[2026-07-23T09:36:40.932Z] {"timestamp":1784799400319,"kind":"scroll","url":"http://localhost:3001/recruiter/job/1784788464043","viewport":{"width":412,"height":915},"payload":{"scrollX":0,"scrollY":678.4000244140625,"documentHeight":2426,"viewportHeight":915}}
[2026-07-23T09:36:43.117Z] {"timestamp":1784799402113,"kind":"focusin","url":"http://localhost:3001/recruiter/job/1784788464043","viewport":{"width":412,"height":915},"payload":{"target":{"tag":"button","id":null,"name":null,"type":null,"role":null,"ariaLabel":null,"testId":null,"dataLoc":null,"href":null,"text":"Edit Job","selectorHint":"button"}}}
[2026-07-23T09:36:43.117Z] {"timestamp":1784799402114,"kind":"click","url":"http://localhost:3001/recruiter/job/1784788464043","viewport":{"width":412,"height":915},"payload":{"target":{"tag":"button","id":null,"name":null,"type":null,"role":null,"ariaLabel":null,"testId":null,"dataLoc":null,"href":null,"text":"Edit Job","selectorHint":"button"},"x":248,"y":657}}
[2026-07-23T09:36:43.117Z] {"timestamp":1784799402116,"kind":"navigate","url":"http://localhost:3001/recruiter/edit-job/1784788464043","viewport":{"width":412,"height":915},"payload":{"reason":"pushState"}}
[2026-07-23T09:36:43.117Z] {"timestamp":1784799402133,"kind":"focusout","url":"http://localhost:3001/recruiter/edit-job/1784788464043","viewport":{"width":412,"height":915},"payload":{"target":{"tag":"button","id":null,"name":null,"type":null,"role":null,"ariaLabel":null,"testId":null,"dataLoc":null,"href":null,"text":"Edit Job","selectorHint":"button"},"value":null}}
[2026-07-23T09:36:43.117Z] {"timestamp":1784799402140,"kind":"scroll","url":"http://localhost:3001/recruiter/edit-job/1784788464043","viewport":{"width":528,"height":1174},"payload":{"scrollX":0,"scrollY":763.2000122070312,"documentHeight":1937,"viewportHeight":1174}}
[2026-07-23T09:36:43.117Z] {"timestamp":1784799402685,"kind":"scroll","url":"http://localhost:3001/recruiter/edit-job/1784788464043","viewport":{"width":528,"height":1174},"payload":{"scrollX":0,"scrollY":826.4000244140625,"documentHeight":2006,"viewportHeight":1174}}
[2026-07-23T09:36:46.939Z] {"timestamp":1784799404967,"kind":"focusin","url":"http://localhost:3001/recruiter/edit-job/1784788464043","viewport":{"width":528,"height":1174},"payload":{"target":{"tag":"button","id":null,"name":null,"type":null,"role":null,"ariaLabel":null,"testId":null,"dataLoc":null,"href":null,"text":"","selectorHint":"button"}}}
[2026-07-23T09:36:46.939Z] {"timestamp":1784799404968,"kind":"click","url":"http://localhost:3001/recruiter/edit-job/1784788464043","viewport":{"width":528,"height":1174},"payload":{"target":{"tag":"button","id":null,"name":null,"type":null,"role":null,"ariaLabel":null,"testId":null,"dataLoc":null,"href":null,"text":"","selectorHint":"button"},"x":36,"y":67}}
[2026-07-23T09:36:46.939Z] {"timestamp":1784799404969,"kind":"navigate","url":"http://localhost:3001/recruiter/manage-jobs","viewport":{"width":528,"height":1174},"payload":{"reason":"pushState"}}
[2026-07-23T09:36:46.939Z] {"timestamp":1784799404975,"kind":"focusout","url":"http://localhost:3001/recruiter/manage-jobs","viewport":{"width":528,"height":1174},"payload":{"target":{"tag":"button","id":null,"name":null,"type":null,"role":null,"ariaLabel":null,"testId":null,"dataLoc":null,"href":null,"text":"","selectorHint":"button"},"value":null}}
[2026-07-23T09:36:46.939Z] {"timestamp":1784799405987,"kind":"scroll","url":"http://localhost:3001/recruiter/manage-jobs","viewport":{"width":412,"height":915},"payload":{"scrollX":0,"scrollY":2.4000000953674316,"documentHeight":1669,"viewportHeight":915}}
[2026-07-23T09:36:51.010Z] {"timestamp":1784799409115,"kind":"focusin","url":"http://localhost:3001/recruiter/manage-jobs","viewport":{"width":412,"height":915},"payload":{"target":{"tag":"button","id":null,"name":null,"type":null,"role":null,"ariaLabel":null,"testId":null,"dataLoc":null,"href":null,"text":"","selectorHint":"button"}}}
[2026-07-23T09:36:51.010Z] {"timestamp":1784799409116,"kind":"click","url":"http://localhost:3001/recruiter/manage-jobs","viewport":{"width":412,"height":915},"payload":{"target":{"tag":"button","id":null,"name":null,"type":null,"role":null,"ariaLabel":null,"testId":null,"dataLoc":null,"href":null,"text":"","selectorHint":"button"},"x":269,"y":553}}
[2026-07-23T09:36:51.010Z] {"timestamp":1784799409139,"kind":"navigate","url":"http://localhost:3001/recruiter/job/1784788464043","viewport":{"width":412,"height":915},"payload":{"reason":"pushState"}}
[2026-07-23T09:36:51.010Z] {"timestamp":1784799409140,"kind":"focusout","url":"http://localhost:3001/recruiter/job/1784788464043","viewport":{"width":412,"height":915},"payload":{"target":{"tag":"button","id":null,"name":null,"type":null,"role":null,"ariaLabel":null,"testId":null,"dataLoc":null,"href":null,"text":"","selectorHint":"button"},"value":null}}
[2026-07-23T09:36:51.010Z] {"timestamp":1784799409144,"kind":"scroll","url":"http://localhost:3001/recruiter/job/1784788464043","viewport":{"width":412,"height":915},"payload":{"scrollX":0,"scrollY":0,"documentHeight":915,"viewportHeight":915}}
[2026-07-23T09:36:51.010Z] {"timestamp":1784799410773,"kind":"scroll","url":"http://localhost:3001/recruiter/job/1784788464043","viewport":{"width":412,"height":915},"payload":{"scrollX":0,"scrollY":7.199999809265137,"documentHeight":2426,"viewportHeight":915}}
[2026-07-23T09:36:52.941Z] {"timestamp":1784799412886,"kind":"scroll","url":"http://localhost:3001/recruiter/job/1784788464043","viewport":{"width":412,"height":915},"payload":{"scrollX":0,"scrollY":156,"documentHeight":2426,"viewportHeight":915}}
[2026-07-23T09:36:54.938Z] {"timestamp":1784799413438,"kind":"scroll","url":"http://localhost:3001/recruiter/job/1784788464043","viewport":{"width":412,"height":915},"payload":{"scrollX":0,"scrollY":516.7999877929688,"documentHeight":2426,"viewportHeight":915}}
[2026-07-23T09:36:54.938Z] {"timestamp":1784799413950,"kind":"scroll","url":"http://localhost:3001/recruiter/job/1784788464043","viewport":{"width":412,"height":915},"payload":{"scrollX":0,"scrollY":1287.199951171875,"documentHeight":2426,"viewportHeight":915}}
[2026-07-23T09:36:54.938Z] {"timestamp":1784799414544,"kind":"scroll","url":"http://localhost:3001/recruiter/job/1784788464043","viewport":{"width":412,"height":915},"payload":{"scrollX":0,"scrollY":739.2000122070312,"documentHeight":2426,"viewportHeight":915}}
[2026-07-23T09:36:57.977Z] {"timestamp":1784799416410,"kind":"focusin","url":"http://localhost:3001/recruiter/job/1784788464043","viewport":{"width":412,"height":915},"payload":{"target":{"tag":"button","id":null,"name":null,"type":null,"role":null,"ariaLabel":null,"testId":null,"dataLoc":null,"href":null,"text":"Edit","selectorHint":"button"}}}
[2026-07-23T09:36:57.977Z] {"timestamp":1784799416410,"kind":"click","url":"http://localhost:3001/recruiter/job/1784788464043","viewport":{"width":412,"height":915},"payload":{"target":{"tag":"button","id":null,"name":null,"type":null,"role":null,"ariaLabel":null,"testId":null,"dataLoc":null,"href":null,"text":"Edit","selectorHint":"button"},"x":136,"y":108}}
[2026-07-23T09:36:57.977Z] {"timestamp":1784799416411,"kind":"navigate","url":"http://localhost:3001/recruiter/edit-job/1784788464043","viewport":{"width":412,"height":915},"payload":{"reason":"pushState"}}
[2026-07-23T09:36:57.977Z] {"timestamp":1784799416590,"kind":"focusout","url":"http://localhost:3001/recruiter/edit-job/1784788464043","viewport":{"width":412,"height":915},"payload":{"target":{"tag":"button","id":null,"name":null,"type":null,"role":null,"ariaLabel":null,"testId":null,"dataLoc":null,"href":null,"text":"Edit","selectorHint":"button"},"value":null}}
[2026-07-23T09:37:01.194Z] {"timestamp":1784799420566,"kind":"focusin","url":"http://localhost:3001/recruiter/edit-job/1784788464043","viewport":{"width":528,"height":1174},"payload":{"target":{"tag":"button","id":null,"name":null,"type":null,"role":null,"ariaLabel":null,"testId":null,"dataLoc":null,"href":null,"text":"","selectorHint":"button"}}}
[2026-07-23T09:37:01.194Z] {"timestamp":1784799420566,"kind":"click","url":"http://localhost:3001/recruiter/edit-job/1784788464043","viewport":{"width":528,"height":1174},"payload":{"target":{"tag":"button","id":null,"name":null,"type":null,"role":null,"ariaLabel":null,"testId":null,"dataLoc":null,"href":null,"text":"","selectorHint":"button"},"x":36,"y":67}}
[2026-07-23T09:37:01.194Z] {"timestamp":1784799420567,"kind":"navigate","url":"http://localhost:3001/recruiter/manage-jobs","viewport":{"width":528,"height":1174},"payload":{"reason":"pushState"}}
[2026-07-23T09:37:01.194Z] {"timestamp":1784799420585,"kind":"focusout","url":"http://localhost:3001/recruiter/manage-jobs","viewport":{"width":528,"height":1174},"payload":{"target":{"tag":"button","id":null,"name":null,"type":null,"role":null,"ariaLabel":null,"testId":null,"dataLoc":null,"href":null,"text":"","selectorHint":"button"},"value":null}}
[2026-07-23T09:37:02.932Z] {"timestamp":1784799421397,"kind":"scroll","url":"http://localhost:3001/recruiter/manage-jobs","viewport":{"width":412,"height":915},"payload":{"scrollX":0,"scrollY":96,"documentHeight":1669,"viewportHeight":915}}
[2026-07-23T09:37:05.240Z] {"timestamp":1784799424358,"kind":"focusin","url":"http://localhost:3001/recruiter/manage-jobs","viewport":{"width":412,"height":915},"payload":{"target":{"tag":"button","id":null,"name":null,"type":null,"role":null,"ariaLabel":null,"testId":null,"dataLoc":null,"href":null,"text":"","selectorHint":"button"}}}
[2026-07-23T09:37:05.240Z] {"timestamp":1784799424359,"kind":"click","url":"http://localhost:3001/recruiter/manage-jobs","viewport":{"width":412,"height":915},"payload":{"target":{"tag":"button","id":null,"name":null,"type":null,"role":null,"ariaLabel":null,"testId":null,"dataLoc":null,"href":null,"text":"","selectorHint":"button"},"x":282,"y":639}}
[2026-07-23T09:37:05.240Z] {"timestamp":1784799424360,"kind":"navigate","url":"http://localhost:3001/recruiter/job/1784790938886","viewport":{"width":412,"height":915},"payload":{"reason":"pushState"}}
[2026-07-23T09:37:05.240Z] {"timestamp":1784799424365,"kind":"focusout","url":"http://localhost:3001/recruiter/job/1784790938886","viewport":{"width":412,"height":915},"payload":{"target":{"tag":"button","id":null,"name":null,"type":null,"role":null,"ariaLabel":null,"testId":null,"dataLoc":null,"href":null,"text":"","selectorHint":"button"},"value":null}}
[2026-07-23T09:37:05.240Z] {"timestamp":1784799424378,"kind":"scroll","url":"http://localhost:3001/recruiter/job/1784790938886","viewport":{"width":412,"height":915},"payload":{"scrollX":0,"scrollY":0,"documentHeight":915,"viewportHeight":915}}
[2026-07-23T09:37:06.942Z] {"timestamp":1784799425220,"kind":"scroll","url":"http://localhost:3001/recruiter/job/1784790938886","viewport":{"width":412,"height":915},"payload":{"scrollX":0,"scrollY":20,"documentHeight":2426,"viewportHeight":915}}
[2026-07-23T09:37:06.942Z] {"timestamp":1784799425732,"kind":"scroll","url":"http://localhost:3001/recruiter/job/1784790938886","viewport":{"width":412,"height":915},"payload":{"scrollX":0,"scrollY":724.7999877929688,"documentHeight":2426,"viewportHeight":915}}
[2026-07-23T09:37:06.942Z] {"timestamp":1784799426275,"kind":"scroll","url":"http://localhost:3001/recruiter/job/1784790938886","viewport":{"width":412,"height":915},"payload":{"scrollX":0,"scrollY":1456,"documentHeight":2426,"viewportHeight":915}}
[2026-07-23T09:37:08.968Z] {"timestamp":1784799427232,"kind":"scroll","url":"http://localhost:3001/recruiter/job/1784790938886","viewport":{"width":412,"height":915},"payload":{"scrollX":0,"scrollY":1462.4000244140625,"documentHeight":2426,"viewportHeight":915}}
[2026-07-23T09:37:08.968Z] {"timestamp":1784799427825,"kind":"scroll","url":"http://localhost:3001/recruiter/job/1784790938886","viewport":{"width":412,"height":915},"payload":{"scrollX":0,"scrollY":645.5999755859375,"documentHeight":2426,"viewportHeight":915}}
[2026-07-23T09:37:10.936Z] {"timestamp":1784799429708,"kind":"focusin","url":"http://localhost:3001/recruiter/job/1784790938886","viewport":{"width":412,"height":915},"payload":{"target":{"tag":"button","id":null,"name":null,"type":null,"role":null,"ariaLabel":null,"testId":null,"dataLoc":null,"href":null,"text":"Edit","selectorHint":"button"}}}
[2026-07-23T09:37:10.936Z] {"timestamp":1784799429709,"kind":"click","url":"http://localhost:3001/recruiter/job/1784790938886","viewport":{"width":412,"height":915},"payload":{"target":{"tag":"button","id":null,"name":null,"type":null,"role":null,"ariaLabel":null,"testId":null,"dataLoc":null,"href":null,"text":"Edit","selectorHint":"button"},"x":132,"y":112}}
[2026-07-23T09:37:10.936Z] {"timestamp":1784799429709,"kind":"navigate","url":"http://localhost:3001/recruiter/edit-job/1784790938886","viewport":{"width":412,"height":915},"payload":{"reason":"pushState"}}
[2026-07-23T09:37:10.936Z] {"timestamp":1784799429743,"kind":"focusout","url":"http://localhost:3001/recruiter/edit-job/1784790938886","viewport":{"width":412,"height":915},"payload":{"target":{"tag":"button","id":null,"name":null,"type":null,"role":null,"ariaLabel":null,"testId":null,"dataLoc":null,"href":null,"text":"Edit","selectorHint":"button"},"value":null}}
[2026-07-23T09:37:10.936Z] {"timestamp":1784799430714,"kind":"scroll","url":"http://localhost:3001/recruiter/edit-job/1784790938886","viewport":{"width":528,"height":1174},"payload":{"scrollX":0,"scrollY":52,"documentHeight":2006,"viewportHeight":1174}}
[2026-07-23T09:37:12.932Z] {"timestamp":1784799431215,"kind":"scroll","url":"http://localhost:3001/recruiter/edit-job/1784790938886","viewport":{"width":528,"height":1174},"payload":{"scrollX":0,"scrollY":772,"documentHeight":2006,"viewportHeight":1174}}
[2026-07-23T09:37:12.932Z] {"timestamp":1784799431730,"kind":"scroll","url":"http://localhost:3001/recruiter/edit-job/1784790938886","viewport":{"width":528,"height":1174},"payload":{"scrollX":0,"scrollY":832,"documentHeight":2006,"viewportHeight":1174}}
[2026-07-23T09:37:12.932Z] {"timestamp":1784799432236,"kind":"scroll","url":"http://localhost:3001/recruiter/edit-job/1784790938886","viewport":{"width":528,"height":1174},"payload":{"scrollX":0,"scrollY":808.7999877929688,"documentHeight":2006,"viewportHeight":1174}}
[2026-07-23T09:37:24.938Z] {"timestamp":1784799444900,"kind":"scroll","url":"http://localhost:3001/recruiter/edit-job/1784790938886","viewport":{"width":528,"height":1174},"payload":{"scrollX":0,"scrollY":98.4000015258789,"documentHeight":2006,"viewportHeight":1174}}
[2026-07-23T09:37:26.977Z] {"timestamp":1784799446149,"kind":"scroll","url":"http://localhost:3001/recruiter/edit-job/1784790938886","viewport":{"width":528,"height":1174},"payload":{"scrollX":0,"scrollY":822.4000244140625,"documentHeight":2006,"viewportHeight":1174}}
[2026-07-23T09:43:49.858Z] {"timestamp":1784799828249,"kind":"scroll","url":"http://localhost:3001/recruiter/edit-job/1784790938886","viewport":{"width":528,"height":1174},"payload":{"scrollX":0,"scrollY":28,"documentHeight":2006,"viewportHeight":1174}}
[2026-07-23T09:43:49.864Z] {"timestamp":1784799828750,"kind":"scroll","url":"http://localhost:3001/recruiter/edit-job/1784790938886","viewport":{"width":528,"height":1174},"payload":{"scrollX":0,"scrollY":446.3999938964844,"documentHeight":2006,"viewportHeight":1174}}
[2026-07-23T09:43:50.932Z] {"timestamp":1784799829333,"kind":"scroll","url":"http://localhost:3001/recruiter/edit-job/1784790938886","viewport":{"width":528,"height":1174},"payload":{"scrollX":0,"scrollY":540.7999877929688,"documentHeight":2006,"viewportHeight":1174}}
[2026-07-23T09:43:52.932Z] {"timestamp":1784799832082,"kind":"scroll","url":"http://localhost:3001/recruiter/edit-job/1784790938886","viewport":{"width":528,"height":1174},"payload":{"scrollX":0,"scrollY":740.7999877929688,"documentHeight":2006,"viewportHeight":1174}}
[2026-07-23T09:47:13.021Z] {"timestamp":1784800031505,"kind":"scroll","url":"http://localhost:3001/recruiter/edit-job/1784790938886","viewport":{"width":528,"height":1174},"payload":{"scrollX":0,"scrollY":22.399999618530273,"documentHeight":2006,"viewportHeight":1174}}
[2026-07-23T09:47:13.021Z] {"timestamp":1784800032020,"kind":"scroll","url":"http://localhost:3001/recruiter/edit-job/1784790938886","viewport":{"width":528,"height":1174},"payload":{"scrollX":0,"scrollY":781.5999755859375,"documentHeight":2006,"viewportHeight":1174}}
[2026-07-23T09:47:13.021Z] {"timestamp":1784800032768,"kind":"scroll","url":"http://localhost:3001/recruiter/edit-job/1784790938886","viewport":{"width":412,"height":915},"payload":{"scrollX":0,"scrollY":1022.4000244140625,"documentHeight":2066,"viewportHeight":915}}
[2026-07-23T09:47:14.940Z] {"timestamp":1784800033273,"kind":"scroll","url":"http://localhost:3001/recruiter/edit-job/1784790938886","viewport":{"width":412,"height":915},"payload":{"scrollX":0,"scrollY":87.19999694824219,"documentHeight":2066,"viewportHeight":915}}
[2026-07-23T09:47:14.940Z] {"timestamp":1784800034901,"kind":"scroll","url":"http://localhost:3001/recruiter/edit-job/1784790938886","viewport":{"width":412,"height":915},"payload":{"scrollX":0,"scrollY":46.400001525878906,"documentHeight":2066,"viewportHeight":915}}
[2026-07-23T09:47:16.931Z] {"timestamp":1784800035417,"kind":"scroll","url":"http://localhost:3001/recruiter/edit-job/1784790938886","viewport":{"width":412,"height":915},"payload":{"scrollX":0,"scrollY":916,"documentHeight":2066,"viewportHeight":915}}
[2026-07-23T09:47:16.931Z] {"timestamp":1784800036384,"kind":"scroll","url":"http://localhost:3001/recruiter/edit-job/1784790938886","viewport":{"width":412,"height":915},"payload":{"scrollX":0,"scrollY":1111.199951171875,"documentHeight":2066,"viewportHeight":915}}
[2026-07-23T09:47:26.993Z] {"timestamp":1784800046890,"kind":"scroll","url":"http://localhost:3001/recruiter/edit-job/1784790938886","viewport":{"width":390,"height":844},"payload":{"scrollX":0,"scrollY":22.399999618530273,"documentHeight":2066,"viewportHeight":844}}
[2026-07-23T09:47:28.939Z] {"timestamp":1784800047422,"kind":"scroll","url":"http://localhost:3001/recruiter/edit-job/1784790938886","viewport":{"width":390,"height":844},"payload":{"scrollX":0,"scrollY":832,"documentHeight":2066,"viewportHeight":844}}
[2026-07-23T09:47:28.939Z] {"timestamp":1784800048321,"kind":"scroll","url":"http://localhost:3001/recruiter/edit-job/1784790938886","viewport":{"width":390,"height":844},"payload":{"scrollX":0,"scrollY":1184,"documentHeight":2066,"viewportHeight":844}}
[2026-07-23T09:47:28.939Z] {"timestamp":1784800048825,"kind":"scroll","url":"http://localhost:3001/recruiter/edit-job/1784790938886","viewport":{"width":390,"height":844},"payload":{"scrollX":0,"scrollY":12,"documentHeight":2066,"viewportHeight":844}}
[2026-07-23T09:47:31.282Z] {"timestamp":1784800050453,"kind":"focusin","url":"http://localhost:3001/recruiter/edit-job/1784790938886","viewport":{"width":390,"height":844},"payload":{"target":{"tag":"button","id":null,"name":null,"type":null,"role":null,"ariaLabel":null,"testId":null,"dataLoc":null,"href":null,"text":"","selectorHint":"button"}}}
[2026-07-23T09:47:31.282Z] {"timestamp":1784800050454,"kind":"click","url":"http://localhost:3001/recruiter/edit-job/1784790938886","viewport":{"width":390,"height":844},"payload":{"target":{"tag":"button","id":null,"name":null,"type":null,"role":null,"ariaLabel":null,"testId":null,"dataLoc":null,"href":null,"text":"","selectorHint":"button"},"x":29,"y":36}}
[2026-07-23T09:47:31.282Z] {"timestamp":1784800050461,"kind":"navigate","url":"http://localhost:3001/recruiter/manage-jobs","viewport":{"width":390,"height":844},"payload":{"reason":"pushState"}}
[2026-07-23T09:47:31.282Z] {"timestamp":1784800050480,"kind":"focusout","url":"http://localhost:3001/recruiter/manage-jobs","viewport":{"width":390,"height":844},"payload":{"target":{"tag":"button","id":null,"name":null,"type":null,"role":null,"ariaLabel":null,"testId":null,"dataLoc":null,"href":null,"text":"","selectorHint":"button"},"value":null}}
[2026-07-23T09:47:32.930Z] {"timestamp":1784800051382,"kind":"scroll","url":"http://localhost:3001/recruiter/manage-jobs","viewport":{"width":390,"height":844},"payload":{"scrollX":0,"scrollY":54.400001525878906,"documentHeight":1689,"viewportHeight":844}}
[2026-07-23T09:47:36.986Z] {"timestamp":1784800055297,"kind":"focusin","url":"http://localhost:3001/recruiter/manage-jobs","viewport":{"width":390,"height":844},"payload":{"target":{"tag":"button","id":null,"name":null,"type":null,"role":null,"ariaLabel":null,"testId":null,"dataLoc":null,"href":null,"text":"","selectorHint":"button"}}}
[2026-07-23T09:47:36.986Z] {"timestamp":1784800055298,"kind":"click","url":"http://localhost:3001/recruiter/manage-jobs","viewport":{"width":390,"height":844},"payload":{"target":{"tag":"button","id":null,"name":null,"type":null,"role":null,"ariaLabel":null,"testId":null,"dataLoc":null,"href":null,"text":"","selectorHint":"button"},"x":254,"y":488}}
[2026-07-23T09:47:36.986Z] {"timestamp":1784800055300,"kind":"navigate","url":"http://localhost:3001/recruiter/job/1784788464043","viewport":{"width":390,"height":844},"payload":{"reason":"pushState"}}
[2026-07-23T09:47:36.986Z] {"timestamp":1784800055305,"kind":"focusout","url":"http://localhost:3001/recruiter/job/1784788464043","viewport":{"width":390,"height":844},"payload":{"target":{"tag":"button","id":null,"name":null,"type":null,"role":null,"ariaLabel":null,"testId":null,"dataLoc":null,"href":null,"text":"","selectorHint":"button"},"value":null}}
[2026-07-23T09:47:36.986Z] {"timestamp":1784800055339,"kind":"scroll","url":"http://localhost:3001/recruiter/job/1784788464043","viewport":{"width":390,"height":844},"payload":{"scrollX":0,"scrollY":0,"documentHeight":844,"viewportHeight":844}}
[2026-07-23T09:47:36.986Z] {"timestamp":1784800055990,"kind":"scroll","url":"http://localhost:3001/recruiter/job/1784788464043","viewport":{"width":390,"height":844},"payload":{"scrollX":0,"scrollY":11.199999809265137,"documentHeight":2426,"viewportHeight":844}}
[2026-07-23T09:47:36.986Z] {"timestamp":1784800056536,"kind":"scroll","url":"http://localhost:3001/recruiter/job/1784788464043","viewport":{"width":390,"height":844},"payload":{"scrollX":0,"scrollY":1388,"documentHeight":2426,"viewportHeight":844}}
[2026-07-23T09:47:38.946Z] {"timestamp":1784800057141,"kind":"scroll","url":"http://localhost:3001/recruiter/job/1784788464043","viewport":{"width":390,"height":844},"payload":{"scrollX":0,"scrollY":1582.4000244140625,"documentHeight":2426,"viewportHeight":844}}
[2026-07-23T09:47:38.946Z] {"timestamp":1784800057721,"kind":"scroll","url":"http://localhost:3001/recruiter/job/1784788464043","viewport":{"width":390,"height":844},"payload":{"scrollX":0,"scrollY":485.6000061035156,"documentHeight":2426,"viewportHeight":844}}
[2026-07-23T09:47:41.143Z] {"timestamp":1784800059624,"kind":"focusin","url":"http://localhost:3001/recruiter/job/1784788464043","viewport":{"width":390,"height":844},"payload":{"target":{"tag":"button","id":null,"name":null,"type":null,"role":null,"ariaLabel":null,"testId":null,"dataLoc":null,"href":null,"text":"","selectorHint":"button"}}}
[2026-07-23T09:47:41.143Z] {"timestamp":1784800059625,"kind":"click","url":"http://localhost:3001/recruiter/job/1784788464043","viewport":{"width":390,"height":844},"payload":{"target":{"tag":"button","id":null,"name":null,"type":null,"role":null,"ariaLabel":null,"testId":null,"dataLoc":null,"href":null,"text":"","selectorHint":"button"},"x":40,"y":41}}
[2026-07-23T09:47:41.143Z] {"timestamp":1784800059626,"kind":"navigate","url":"http://localhost:3001/recruiter/manage-jobs","viewport":{"width":390,"height":844},"payload":{"reason":"pushState"}}
[2026-07-23T09:47:41.143Z] {"timestamp":1784800059647,"kind":"focusout","url":"http://localhost:3001/recruiter/manage-jobs","viewport":{"width":390,"height":844},"payload":{"target":{"tag":"button","id":null,"name":null,"type":null,"role":null,"ariaLabel":null,"testId":null,"dataLoc":null,"href":null,"text":"","selectorHint":"button"},"value":null}}
[2026-07-23T09:47:41.143Z] {"timestamp":1784800060247,"kind":"scroll","url":"http://localhost:3001/recruiter/manage-jobs","viewport":{"width":390,"height":844},"payload":{"scrollX":0,"scrollY":0.800000011920929,"documentHeight":1689,"viewportHeight":844}}
[2026-07-23T09:47:44.930Z] {"timestamp":1784800063491,"kind":"focusin","url":"http://localhost:3001/recruiter/manage-jobs","viewport":{"width":390,"height":844},"payload":{"target":{"tag":"button","id":null,"name":null,"type":null,"role":null,"ariaLabel":null,"testId":null,"dataLoc":null,"href":null,"text":"","selectorHint":"button"}}}
[2026-07-23T09:47:44.930Z] {"timestamp":1784800063492,"kind":"click","url":"http://localhost:3001/recruiter/manage-jobs","viewport":{"width":390,"height":844},"payload":{"target":{"tag":"button","id":null,"name":null,"type":null,"role":null,"ariaLabel":null,"testId":null,"dataLoc":null,"href":null,"text":"","selectorHint":"button"},"x":296,"y":478}}
[2026-07-23T09:47:44.930Z] {"timestamp":1784800063493,"kind":"navigate","url":"http://localhost:3001/recruiter/edit-job/1784788464043","viewport":{"width":390,"height":844},"payload":{"reason":"pushState"}}
[2026-07-23T09:47:44.930Z] {"timestamp":1784800063569,"kind":"focusout","url":"http://localhost:3001/recruiter/edit-job/1784788464043","viewport":{"width":390,"height":844},"payload":{"target":{"tag":"button","id":null,"name":null,"type":null,"role":null,"ariaLabel":null,"testId":null,"dataLoc":null,"href":null,"text":"","selectorHint":"button"},"value":null}}
[2026-07-23T09:47:44.930Z] {"timestamp":1784800064179,"kind":"scroll","url":"http://localhost:3001/recruiter/edit-job/1784788464043","viewport":{"width":390,"height":844},"payload":{"scrollX":0,"scrollY":855.2000122070312,"documentHeight":2066,"viewportHeight":844}}
[2026-07-23T09:47:44.930Z] {"timestamp":1784800064738,"kind":"scroll","url":"http://localhost:3001/recruiter/edit-job/1784788464043","viewport":{"width":390,"height":844},"payload":{"scrollX":0,"scrollY":1220,"documentHeight":2066,"viewportHeight":844}}
[2026-07-23T09:47:47.161Z] {"timestamp":1784800066688,"kind":"focusin","url":"http://localhost:3001/recruiter/edit-job/1784788464043","viewport":{"width":390,"height":844},"payload":{"target":{"tag":"button","id":null,"name":null,"type":null,"role":null,"ariaLabel":null,"testId":null,"dataLoc":null,"href":null,"text":"","selectorHint":"button"}}}
[2026-07-23T09:47:47.161Z] {"timestamp":1784800066688,"kind":"click","url":"http://localhost:3001/recruiter/edit-job/1784788464043","viewport":{"width":390,"height":844},"payload":{"target":{"tag":"button","id":null,"name":null,"type":null,"role":null,"ariaLabel":null,"testId":null,"dataLoc":null,"href":null,"text":"","selectorHint":"button"},"x":36,"y":38}}
[2026-07-23T09:47:47.161Z] {"timestamp":1784800066689,"kind":"navigate","url":"http://localhost:3001/recruiter/manage-jobs","viewport":{"width":390,"height":844},"payload":{"reason":"pushState"}}
[2026-07-23T09:47:47.161Z] {"timestamp":1784800066711,"kind":"focusout","url":"http://localhost:3001/recruiter/manage-jobs","viewport":{"width":390,"height":844},"payload":{"target":{"tag":"button","id":null,"name":null,"type":null,"role":null,"ariaLabel":null,"testId":null,"dataLoc":null,"href":null,"text":"","selectorHint":"button"},"value":null}}
[2026-07-23T09:47:48.940Z] {"timestamp":1784800067375,"kind":"scroll","url":"http://localhost:3001/recruiter/manage-jobs","viewport":{"width":390,"height":844},"payload":{"scrollX":0,"scrollY":3.200000047683716,"documentHeight":1689,"viewportHeight":844}}
[2026-07-23T09:47:48.940Z] {"timestamp":1784800068403,"kind":"scroll","url":"http://localhost:3001/recruiter/manage-jobs","viewport":{"width":390,"height":844},"payload":{"scrollX":0,"scrollY":840,"documentHeight":1689,"viewportHeight":844}}
[2026-07-23T09:47:50.935Z] {"timestamp":1784800070490,"kind":"scroll","url":"http://localhost:3001/recruiter/manage-jobs","viewport":{"width":390,"height":844},"payload":{"scrollX":0,"scrollY":844.7999877929688,"documentHeight":1689,"viewportHeight":844}}
[2026-07-23T09:47:52.936Z] {"timestamp":1784800071027,"kind":"scroll","url":"http://localhost:3001/recruiter/manage-jobs","viewport":{"width":390,"height":844},"payload":{"scrollX":0,"scrollY":0,"documentHeight":1689,"viewportHeight":844}}
[2026-07-23T09:47:54.933Z] {"timestamp":1784800072982,"kind":"scroll","url":"http://localhost:3001/recruiter/manage-jobs","viewport":{"width":390,"height":844},"payload":{"scrollX":0,"scrollY":95.19999694824219,"documentHeight":1689,"viewportHeight":844}}
[2026-07-23T09:47:56.940Z] {"timestamp":1784800076353,"kind":"scroll","url":"http://localhost:3001/recruiter/manage-jobs","viewport":{"width":390,"height":844},"payload":{"scrollX":0,"scrollY":821.5999755859375,"documentHeight":1689,"viewportHeight":844}}
[2026-07-23T09:48:00.936Z] {"timestamp":1784800078969,"kind":"focusin","url":"http://localhost:3001/recruiter/manage-jobs","viewport":{"width":390,"height":844},"payload":{"target":{"tag":"button","id":null,"name":null,"type":null,"role":null,"ariaLabel":null,"testId":null,"dataLoc":null,"href":null,"text":"","selectorHint":"button"}}}
[2026-07-23T09:48:00.936Z] {"timestamp":1784800078969,"kind":"click","url":"http://localhost:3001/recruiter/manage-jobs","viewport":{"width":390,"height":844},"payload":{"target":{"tag":"button","id":null,"name":null,"type":null,"role":null,"ariaLabel":null,"testId":null,"dataLoc":null,"href":null,"text":"","selectorHint":"button"},"x":30,"y":45}}
[2026-07-23T09:48:00.936Z] {"timestamp":1784800078970,"kind":"navigate","url":"http://localhost:3001/recruiter/dashboard","viewport":{"width":390,"height":844},"payload":{"reason":"pushState"}}
[2026-07-23T09:48:00.936Z] {"timestamp":1784800079026,"kind":"focusout","url":"http://localhost:3001/recruiter/dashboard","viewport":{"width":390,"height":844},"payload":{"target":{"tag":"button","id":null,"name":null,"type":null,"role":null,"ariaLabel":null,"testId":null,"dataLoc":null,"href":null,"text":"","selectorHint":"button"},"value":null}}
[2026-07-23T09:48:00.936Z] {"timestamp":1784800079737,"kind":"scroll","url":"http://localhost:3001/recruiter/dashboard","viewport":{"width":390,"height":844},"payload":{"scrollX":0,"scrollY":167.1999969482422,"documentHeight":2811,"viewportHeight":844}}
[2026-07-23T09:48:00.936Z] {"timestamp":1784800080237,"kind":"scroll","url":"http://localhost:3001/recruiter/dashboard","viewport":{"width":390,"height":844},"payload":{"scrollX":0,"scrollY":1308,"documentHeight":2811,"viewportHeight":844}}
[2026-07-23T09:48:00.936Z] {"timestamp":1784800080753,"kind":"scroll","url":"http://localhost:3001/recruiter/dashboard","viewport":{"width":390,"height":844},"payload":{"scrollX":0,"scrollY":1804.800048828125,"documentHeight":2811,"viewportHeight":844}}
[2026-07-23T09:48:04.936Z] {"timestamp":1784800083264,"kind":"focusin","url":"http://localhost:3001/recruiter/dashboard","viewport":{"width":390,"height":844},"payload":{"target":{"tag":"button","id":null,"name":null,"type":null,"role":null,"ariaLabel":null,"testId":null,"dataLoc":null,"href":null,"text":"View All","selectorHint":"button"}}}
[2026-07-23T09:48:04.936Z] {"timestamp":1784800083264,"kind":"click","url":"http://localhost:3001/recruiter/dashboard","viewport":{"width":390,"height":844},"payload":{"target":{"tag":"button","id":null,"name":null,"type":null,"role":null,"ariaLabel":null,"testId":null,"dataLoc":null,"href":null,"text":"View All","selectorHint":"button"},"x":304,"y":337}}
[2026-07-23T09:48:04.936Z] {"timestamp":1784800083265,"kind":"navigate","url":"http://localhost:3001/recruiter/applicants","viewport":{"width":390,"height":844},"payload":{"reason":"pushState"}}
[2026-07-23T09:48:04.936Z] {"timestamp":1784800083318,"kind":"focusout","url":"http://localhost:3001/recruiter/applicants","viewport":{"width":390,"height":844},"payload":{"target":{"tag":"button","id":null,"name":null,"type":null,"role":null,"ariaLabel":null,"testId":null,"dataLoc":null,"href":null,"text":"View All","selectorHint":"button"},"value":null}}
[2026-07-23T09:48:04.936Z] {"timestamp":1784800083343,"kind":"scroll","url":"http://localhost:3001/recruiter/applicants","viewport":{"width":390,"height":844},"payload":{"scrollX":0,"scrollY":777.5999755859375,"documentHeight":1622,"viewportHeight":844}}
[2026-07-23T09:48:08.936Z] {"timestamp":1784800088074,"kind":"focusin","url":"http://localhost:3001/recruiter/applicants","viewport":{"width":390,"height":844},"payload":{"target":{"tag":"button","id":null,"name":null,"type":null,"role":null,"ariaLabel":null,"testId":null,"dataLoc":null,"href":null,"text":"View Resume","selectorHint":"button"}}}
[2026-07-23T09:48:08.936Z] {"timestamp":1784800088075,"kind":"click","url":"http://localhost:3001/recruiter/applicants","viewport":{"width":390,"height":844},"payload":{"target":{"tag":"button","id":null,"name":null,"type":null,"role":null,"ariaLabel":null,"testId":null,"dataLoc":null,"href":null,"text":"View Resume","selectorHint":"button"},"x":223,"y":547}}
[2026-07-23T09:48:12.943Z] {"timestamp":1784800092141,"kind":"scroll","url":"http://localhost:3001/recruiter/applicants","viewport":{"width":390,"height":844},"payload":{"scrollX":0,"scrollY":776.7999877929688,"documentHeight":1622,"viewportHeight":844}}
[2026-07-23T09:48:19.176Z] {"timestamp":1784800097579,"kind":"focusout","url":"http://localhost:3001/recruiter/applicants","viewport":{"width":390,"height":844},"payload":{"target":{"tag":"button","id":null,"name":null,"type":null,"role":null,"ariaLabel":null,"testId":null,"dataLoc":null,"href":null,"text":"View Resume","selectorHint":"button"},"value":null}}
[2026-07-23T09:48:19.176Z] {"timestamp":1784800098964,"kind":"focusin","url":"http://localhost:3001/recruiter/applicants","viewport":{"width":390,"height":844},"payload":{"target":{"tag":"button","id":null,"name":null,"type":null,"role":null,"ariaLabel":null,"testId":null,"dataLoc":null,"href":null,"text":"View Resume","selectorHint":"button"}}}
[2026-07-23T09:48:20.934Z] {"timestamp":1784800099012,"kind":"focusout","url":"http://localhost:3001/recruiter/applicants","viewport":{"width":390,"height":844},"payload":{"target":{"tag":"button","id":null,"name":null,"type":null,"role":null,"ariaLabel":null,"testId":null,"dataLoc":null,"href":null,"text":"View Resume","selectorHint":"button"},"value":null}}
[2026-07-23T09:48:20.934Z] {"timestamp":1784800099061,"kind":"focusin","url":"http://localhost:3001/recruiter/applicants","viewport":{"width":390,"height":844},"payload":{"target":{"tag":"button","id":null,"name":null,"type":null,"role":null,"ariaLabel":null,"testId":null,"dataLoc":null,"href":null,"text":"View Resume","selectorHint":"button"}}}
[2026-07-23T09:48:25.645Z] {"timestamp":1784800104903,"kind":"focusout","url":"http://localhost:3001/recruiter/applicants","viewport":{"width":390,"height":844},"payload":{"target":{"tag":"button","id":null,"name":null,"type":null,"role":null,"ariaLabel":null,"testId":null,"dataLoc":null,"href":null,"text":"View Resume","selectorHint":"button"},"value":null}}
[2026-07-23T09:48:29.822Z] {"timestamp":1784800109505,"kind":"scroll","url":"http://localhost:3000/recruiter/post-job","viewport":{"width":1536,"height":730},"payload":{"scrollX":0,"scrollY":52,"documentHeight":2372,"viewportHeight":730}}
[2026-07-23T09:48:31.816Z] {"timestamp":1784800110019,"kind":"scroll","url":"http://localhost:3000/recruiter/post-job","viewport":{"width":1536,"height":730},"payload":{"scrollX":0,"scrollY":1642.4000244140625,"documentHeight":2372,"viewportHeight":730}}
[2026-07-23T09:48:31.816Z] {"timestamp":1784800110869,"kind":"scroll","url":"http://localhost:3000/recruiter/post-job","viewport":{"width":1536,"height":730},"payload":{"scrollX":0,"scrollY":1612.800048828125,"documentHeight":2372,"viewportHeight":730}}
[2026-07-23T09:48:33.815Z] {"timestamp":1784800112736,"kind":"focusin","url":"http://localhost:3000/recruiter/post-job","viewport":{"width":1536,"height":730},"payload":{"target":{"tag":"button","id":null,"name":null,"type":null,"role":null,"ariaLabel":null,"testId":null,"dataLoc":null,"href":null,"text":"","selectorHint":"button"}}}
[2026-07-23T09:48:33.815Z] {"timestamp":1784800112962,"kind":"click","url":"http://localhost:3000/recruiter/post-job","viewport":{"width":1536,"height":730},"payload":{"target":{"tag":"button","id":null,"name":null,"type":null,"role":null,"ariaLabel":null,"testId":null,"dataLoc":null,"href":null,"text":"","selectorHint":"button"},"x":55,"y":41}}
[2026-07-23T09:48:33.815Z] {"timestamp":1784800112977,"kind":"navigate","url":"http://localhost:3000/recruiter/dashboard","viewport":{"width":1536,"height":730},"payload":{"reason":"pushState"}}
[2026-07-23T09:48:33.815Z] {"timestamp":1784800113071,"kind":"focusout","url":"http://localhost:3000/recruiter/dashboard","viewport":{"width":1536,"height":730},"payload":{"target":{"tag":"button","id":null,"name":null,"type":null,"role":null,"ariaLabel":null,"testId":null,"dataLoc":null,"href":null,"text":"","selectorHint":"button"},"value":null}}
[2026-07-23T09:48:35.819Z] {"timestamp":1784800114008,"kind":"scroll","url":"http://localhost:3000/recruiter/dashboard","viewport":{"width":1536,"height":730},"payload":{"scrollX":0,"scrollY":70.4000015258789,"documentHeight":1503,"viewportHeight":730}}
[2026-07-23T09:48:35.819Z] {"timestamp":1784800115378,"kind":"focusin","url":"http://localhost:3000/recruiter/dashboard","viewport":{"width":1536,"height":730},"payload":{"target":{"tag":"button","id":null,"name":null,"type":null,"role":null,"ariaLabel":null,"testId":null,"dataLoc":null,"href":null,"text":"Review Applicants","selectorHint":"button"}}}
[2026-07-23T09:48:35.819Z] {"timestamp":1784800115596,"kind":"click","url":"http://localhost:3000/recruiter/dashboard","viewport":{"width":1536,"height":730},"payload":{"target":{"tag":"button","id":null,"name":null,"type":null,"role":null,"ariaLabel":null,"testId":null,"dataLoc":null,"href":null,"text":"Review Applicants","selectorHint":"button"},"x":638,"y":635}}
[2026-07-23T09:48:35.819Z] {"timestamp":1784800115597,"kind":"navigate","url":"http://localhost:3000/recruiter/applicants","viewport":{"width":1536,"height":730},"payload":{"reason":"pushState"}}
[2026-07-23T09:48:35.819Z] {"timestamp":1784800115659,"kind":"focusout","url":"http://localhost:3000/recruiter/applicants","viewport":{"width":1536,"height":730},"payload":{"target":{"tag":"button","id":null,"name":null,"type":null,"role":null,"ariaLabel":null,"testId":null,"dataLoc":null,"href":null,"text":"Review Applicants","selectorHint":"button"},"value":null}}
[2026-07-23T09:48:35.819Z] {"timestamp":1784800115712,"kind":"scroll","url":"http://localhost:3000/recruiter/applicants","viewport":{"width":1536,"height":730},"payload":{"scrollX":0,"scrollY":377.6000061035156,"documentHeight":1107,"viewportHeight":730}}
[2026-07-23T09:48:39.829Z] {"timestamp":1784800118233,"kind":"focusin","url":"http://localhost:3000/recruiter/applicants","viewport":{"width":1536,"height":730},"payload":{"target":{"tag":"button","id":null,"name":null,"type":null,"role":null,"ariaLabel":null,"testId":null,"dataLoc":null,"href":null,"text":"View Resume","selectorHint":"button"}}}
[2026-07-23T09:48:39.829Z] {"timestamp":1784800118457,"kind":"click","url":"http://localhost:3000/recruiter/applicants","viewport":{"width":1536,"height":730},"payload":{"target":{"tag":"button","id":null,"name":null,"type":null,"role":null,"ariaLabel":null,"testId":null,"dataLoc":null,"href":null,"text":"View Resume","selectorHint":"button"},"x":1082,"y":397}}
[2026-07-23T09:48:43.840Z] {"timestamp":1784800121984,"kind":"focusout","url":"http://localhost:3000/recruiter/applicants","viewport":{"width":1536,"height":730},"payload":{"target":{"tag":"button","id":null,"name":null,"type":null,"role":null,"ariaLabel":null,"testId":null,"dataLoc":null,"href":null,"text":"View Resume","selectorHint":"button"},"value":null}}
[2026-07-23T09:48:43.840Z] {"timestamp":1784800121984,"kind":"focusin","url":"http://localhost:3000/recruiter/applicants","viewport":{"width":1536,"height":730},"payload":{"target":{"tag":"button","id":null,"name":null,"type":null,"role":null,"ariaLabel":null,"testId":null,"dataLoc":null,"href":null,"text":"","selectorHint":"button"}}}
[2026-07-23T09:48:43.841Z] {"timestamp":1784800122204,"kind":"click","url":"http://localhost:3000/recruiter/applicants","viewport":{"width":1536,"height":730},"payload":{"target":{"tag":"button","id":null,"name":null,"type":null,"role":null,"ariaLabel":null,"testId":null,"dataLoc":null,"href":null,"text":"","selectorHint":"button"},"x":1231,"y":85}}
[2026-07-23T09:48:43.841Z] {"timestamp":1784800122208,"kind":"focusout","url":"http://localhost:3000/recruiter/applicants","viewport":{"width":1536,"height":730},"payload":{"target":{"tag":"button","id":null,"name":null,"type":null,"role":null,"ariaLabel":null,"testId":null,"dataLoc":null,"href":null,"text":"","selectorHint":"button"},"value":null}}
[2026-07-23T09:48:45.812Z] {"timestamp":1784800123872,"kind":"scroll","url":"http://localhost:3000/recruiter/applicants","viewport":{"width":1536,"height":730},"payload":{"scrollX":0,"scrollY":214.39999389648438,"documentHeight":1107,"viewportHeight":730}}
[2026-07-23T09:48:45.812Z] {"timestamp":1784800124689,"kind":"scroll","url":"http://localhost:3000/recruiter/applicants","viewport":{"width":1536,"height":730},"payload":{"scrollX":0,"scrollY":123.19999694824219,"documentHeight":1107,"viewportHeight":730}}
[2026-07-23T09:48:47.818Z] {"timestamp":1784800127305,"kind":"focusin","url":"http://localhost:3000/recruiter/applicants","viewport":{"width":1536,"height":730},"payload":{"target":{"tag":"button","id":null,"name":null,"type":null,"role":null,"ariaLabel":null,"testId":null,"dataLoc":null,"href":null,"text":"","selectorHint":"button"}}}
[2026-07-23T09:48:47.818Z] {"timestamp":1784800127511,"kind":"click","url":"http://localhost:3000/recruiter/applicants","viewport":{"width":1536,"height":730},"payload":{"target":{"tag":"button","id":null,"name":null,"type":null,"role":null,"ariaLabel":null,"testId":null,"dataLoc":null,"href":null,"text":"","selectorHint":"button"},"x":44,"y":45}}
[2026-07-23T09:48:47.818Z] {"timestamp":1784800127512,"kind":"navigate","url":"http://localhost:3000/recruiter/dashboard","viewport":{"width":1536,"height":730},"payload":{"reason":"pushState"}}
[2026-07-23T09:48:47.818Z] {"timestamp":1784800127525,"kind":"focusout","url":"http://localhost:3000/recruiter/dashboard","viewport":{"width":1536,"height":730},"payload":{"target":{"tag":"button","id":null,"name":null,"type":null,"role":null,"ariaLabel":null,"testId":null,"dataLoc":null,"href":null,"text":"","selectorHint":"button"},"value":null}}
[2026-07-23T09:48:49.813Z] {"timestamp":1784800128325,"kind":"scroll","url":"http://localhost:3000/recruiter/dashboard","viewport":{"width":1536,"height":730},"payload":{"scrollX":0,"scrollY":398.3999938964844,"documentHeight":1503,"viewportHeight":730}}
[2026-07-23T09:48:49.813Z] {"timestamp":1784800129626,"kind":"scroll","url":"http://localhost:3000/recruiter/dashboard","viewport":{"width":1536,"height":730},"payload":{"scrollX":0,"scrollY":713.5999755859375,"documentHeight":1503,"viewportHeight":730}}
[2026-07-23T09:48:51.816Z] {"timestamp":1784800130486,"kind":"scroll","url":"http://localhost:3000/recruiter/dashboard","viewport":{"width":1536,"height":730},"payload":{"scrollX":0,"scrollY":204,"documentHeight":1503,"viewportHeight":730}}
[2026-07-23T09:48:53.812Z] {"timestamp":1784800132282,"kind":"focusin","url":"http://localhost:3000/recruiter/dashboard","viewport":{"width":1536,"height":730},"payload":{"target":{"tag":"button","id":null,"name":null,"type":null,"role":null,"ariaLabel":null,"testId":null,"dataLoc":null,"href":null,"text":"View All","selectorHint":"button"}}}
[2026-07-23T09:48:53.812Z] {"timestamp":1784800132510,"kind":"click","url":"http://localhost:3000/recruiter/dashboard","viewport":{"width":1536,"height":730},"payload":{"target":{"tag":"button","id":null,"name":null,"type":null,"role":null,"ariaLabel":null,"testId":null,"dataLoc":null,"href":null,"text":"View All","selectorHint":"button"},"x":1402,"y":373}}
[2026-07-23T09:48:53.812Z] {"timestamp":1784800132511,"kind":"navigate","url":"http://localhost:3000/recruiter/applicants","viewport":{"width":1536,"height":730},"payload":{"reason":"pushState"}}
[2026-07-23T09:48:53.812Z] {"timestamp":1784800132523,"kind":"focusout","url":"http://localhost:3000/recruiter/applicants","viewport":{"width":1536,"height":730},"payload":{"target":{"tag":"button","id":null,"name":null,"type":null,"role":null,"ariaLabel":null,"testId":null,"dataLoc":null,"href":null,"text":"View All","selectorHint":"button"},"value":null}}
[2026-07-23T09:48:53.812Z] {"timestamp":1784800132574,"kind":"scroll","url":"http://localhost:3000/recruiter/applicants","viewport":{"width":1536,"height":730},"payload":{"scrollX":0,"scrollY":377.6000061035156,"documentHeight":1107,"viewportHeight":730}}
[2026-07-23T09:48:55.824Z] {"timestamp":1784800135286,"kind":"scroll","url":"http://localhost:3000/recruiter/applicants","viewport":{"width":1536,"height":730},"payload":{"scrollX":0,"scrollY":321.6000061035156,"documentHeight":1107,"viewportHeight":730}}
[2026-07-23T09:48:57.825Z] {"timestamp":1784800136722,"kind":"focusin","url":"http://localhost:3000/recruiter/applicants","viewport":{"width":1536,"height":730},"payload":{"target":{"tag":"button","id":null,"name":null,"type":null,"role":null,"ariaLabel":null,"testId":null,"dataLoc":null,"href":null,"text":"","selectorHint":"button"}}}
[2026-07-23T09:48:57.825Z] {"timestamp":1784800136947,"kind":"click","url":"http://localhost:3000/recruiter/applicants","viewport":{"width":1536,"height":730},"payload":{"target":{"tag":"button","id":null,"name":null,"type":null,"role":null,"ariaLabel":null,"testId":null,"dataLoc":null,"href":null,"text":"","selectorHint":"button"},"x":40,"y":53}}
[2026-07-23T09:48:57.825Z] {"timestamp":1784800136948,"kind":"navigate","url":"http://localhost:3000/recruiter/dashboard","viewport":{"width":1536,"height":730},"payload":{"reason":"pushState"}}
[2026-07-23T09:48:57.825Z] {"timestamp":1784800136962,"kind":"focusout","url":"http://localhost:3000/recruiter/dashboard","viewport":{"width":1536,"height":730},"payload":{"target":{"tag":"button","id":null,"name":null,"type":null,"role":null,"ariaLabel":null,"testId":null,"dataLoc":null,"href":null,"text":"","selectorHint":"button"},"value":null}}
[2026-07-23T09:48:57.825Z] {"timestamp":1784800137810,"kind":"scroll","url":"http://localhost:3000/recruiter/dashboard","viewport":{"width":1536,"height":730},"payload":{"scrollX":0,"scrollY":440,"documentHeight":1503,"viewportHeight":730}}
[2026-07-23T09:49:01.814Z] {"timestamp":1784800140699,"kind":"focusin","url":"http://localhost:3000/recruiter/dashboard","viewport":{"width":1536,"height":730},"payload":{"target":{"tag":"button","id":null,"name":null,"type":null,"role":null,"ariaLabel":null,"testId":null,"dataLoc":null,"href":null,"text":"Review Applicants","selectorHint":"button"}}}
[2026-07-23T09:49:01.814Z] {"timestamp":1784800140914,"kind":"click","url":"http://localhost:3000/recruiter/dashboard","viewport":{"width":1536,"height":730},"payload":{"target":{"tag":"button","id":null,"name":null,"type":null,"role":null,"ariaLabel":null,"testId":null,"dataLoc":null,"href":null,"text":"Review Applicants","selectorHint":"button"},"x":882,"y":648}}
[2026-07-23T09:49:01.814Z] {"timestamp":1784800140915,"kind":"navigate","url":"http://localhost:3000/recruiter/applicants","viewport":{"width":1536,"height":730},"payload":{"reason":"pushState"}}
[2026-07-23T09:49:01.814Z] {"timestamp":1784800140922,"kind":"focusout","url":"http://localhost:3000/recruiter/applicants","viewport":{"width":1536,"height":730},"payload":{"target":{"tag":"button","id":null,"name":null,"type":null,"role":null,"ariaLabel":null,"testId":null,"dataLoc":null,"href":null,"text":"Review Applicants","selectorHint":"button"},"value":null}}
[2026-07-23T09:49:01.814Z] {"timestamp":1784800140942,"kind":"scroll","url":"http://localhost:3000/recruiter/applicants","viewport":{"width":1536,"height":730},"payload":{"scrollX":0,"scrollY":377.6000061035156,"documentHeight":1107,"viewportHeight":730}}
[2026-07-23T09:49:03.819Z] {"timestamp":1784800143257,"kind":"scroll","url":"http://localhost:3000/recruiter/applicants","viewport":{"width":1536,"height":730},"payload":{"scrollX":0,"scrollY":376,"documentHeight":1107,"viewportHeight":730}}
[2026-07-23T09:49:03.819Z] {"timestamp":1784800143774,"kind":"scroll","url":"http://localhost:3000/recruiter/applicants","viewport":{"width":1536,"height":730},"payload":{"scrollX":0,"scrollY":377.6000061035156,"documentHeight":1107,"viewportHeight":730}}
[2026-07-23T09:49:05.816Z] {"timestamp":1784800144824,"kind":"focusin","url":"http://localhost:3000/recruiter/applicants","viewport":{"width":1536,"height":730},"payload":{"target":{"tag":"button","id":null,"name":null,"type":null,"role":null,"ariaLabel":null,"testId":null,"dataLoc":null,"href":null,"text":"View Job Postings","selectorHint":"button"}}}
[2026-07-23T09:49:05.816Z] {"timestamp":1784800145056,"kind":"click","url":"http://localhost:3000/recruiter/applicants","viewport":{"width":1536,"height":730},"payload":{"target":{"tag":"button","id":null,"name":null,"type":null,"role":null,"ariaLabel":null,"testId":null,"dataLoc":null,"href":null,"text":"View Job Postings","selectorHint":"button"},"x":1350,"y":654}}
[2026-07-23T09:49:05.816Z] {"timestamp":1784800145058,"kind":"navigate","url":"http://localhost:3000/recruiter/manage-jobs","viewport":{"width":1536,"height":730},"payload":{"reason":"pushState"}}
[2026-07-23T09:49:05.816Z] {"timestamp":1784800145094,"kind":"focusout","url":"http://localhost:3000/recruiter/manage-jobs","viewport":{"width":1536,"height":730},"payload":{"target":{"tag":"button","id":null,"name":null,"type":null,"role":null,"ariaLabel":null,"testId":null,"dataLoc":null,"href":null,"text":"View Job Postings","selectorHint":"button"},"value":null}}
[2026-07-23T09:49:05.816Z] {"timestamp":1784800145108,"kind":"scroll","url":"http://localhost:3000/recruiter/manage-jobs","viewport":{"width":1536,"height":730},"payload":{"scrollX":0,"scrollY":128.8000030517578,"documentHeight":858,"viewportHeight":730}}
[2026-07-23T09:49:07.813Z] {"timestamp":1784800147204,"kind":"focusin","url":"http://localhost:3000/recruiter/manage-jobs","viewport":{"width":1536,"height":730},"payload":{"target":{"tag":"button","id":null,"name":null,"type":null,"role":null,"ariaLabel":null,"testId":null,"dataLoc":null,"href":null,"text":"","selectorHint":"button"}}}
[2026-07-23T09:49:07.813Z] {"timestamp":1784800147425,"kind":"click","url":"http://localhost:3000/recruiter/manage-jobs","viewport":{"width":1536,"height":730},"payload":{"target":{"tag":"button","id":null,"name":null,"type":null,"role":null,"ariaLabel":null,"testId":null,"dataLoc":null,"href":null,"text":"","selectorHint":"button"},"x":1362,"y":490}}
[2026-07-23T09:49:07.813Z] {"timestamp":1784800147426,"kind":"navigate","url":"http://localhost:3000/recruiter/job/1784713948010","viewport":{"width":1536,"height":730},"payload":{"reason":"pushState"}}
[2026-07-23T09:49:07.813Z] {"timestamp":1784800147468,"kind":"focusout","url":"http://localhost:3000/recruiter/job/1784713948010","viewport":{"width":1536,"height":730},"payload":{"target":{"tag":"button","id":null,"name":null,"type":null,"role":null,"ariaLabel":null,"testId":null,"dataLoc":null,"href":null,"text":"","selectorHint":"button"},"value":null}}
[2026-07-23T09:49:07.813Z] {"timestamp":1784800147474,"kind":"scroll","url":"http://localhost:3000/recruiter/job/1784713948010","viewport":{"width":1536,"height":730},"payload":{"scrollX":0,"scrollY":0,"documentHeight":730,"viewportHeight":730}}
[2026-07-23T09:49:09.834Z] {"timestamp":1784800148347,"kind":"scroll","url":"http://localhost:3000/recruiter/job/1784713948010","viewport":{"width":1536,"height":730},"payload":{"scrollX":0,"scrollY":0.800000011920929,"documentHeight":1180,"viewportHeight":730}}
[2026-07-23T09:49:09.834Z] {"timestamp":1784800148974,"kind":"scroll","url":"http://localhost:3000/recruiter/job/1784713948010","viewport":{"width":1536,"height":730},"payload":{"scrollX":0,"scrollY":437.6000061035156,"documentHeight":1180,"viewportHeight":730}}
[2026-07-23T09:49:13.813Z] {"timestamp":1784800151879,"kind":"focusin","url":"http://localhost:3000/recruiter/job/1784713948010","viewport":{"width":1536,"height":730},"payload":{"target":{"tag":"button","id":null,"name":null,"type":null,"role":null,"ariaLabel":null,"testId":null,"dataLoc":null,"href":null,"text":"","selectorHint":"button"}}}
[2026-07-23T09:49:13.813Z] {"timestamp":1784800152093,"kind":"click","url":"http://localhost:3000/recruiter/job/1784713948010","viewport":{"width":1536,"height":730},"payload":{"target":{"tag":"button","id":null,"name":null,"type":null,"role":null,"ariaLabel":null,"testId":null,"dataLoc":null,"href":null,"text":"","selectorHint":"button"},"x":127,"y":42}}
[2026-07-23T09:49:13.813Z] {"timestamp":1784800152093,"kind":"navigate","url":"http://localhost:3000/recruiter/manage-jobs","viewport":{"width":1536,"height":730},"payload":{"reason":"pushState"}}
[2026-07-23T09:49:13.813Z] {"timestamp":1784800152099,"kind":"focusout","url":"http://localhost:3000/recruiter/manage-jobs","viewport":{"width":1536,"height":730},"payload":{"target":{"tag":"button","id":null,"name":null,"type":null,"role":null,"ariaLabel":null,"testId":null,"dataLoc":null,"href":null,"text":"","selectorHint":"button"},"value":null}}
[2026-07-23T09:49:15.845Z] {"timestamp":1784800155604,"kind":"focusin","url":"http://localhost:3000/recruiter/manage-jobs","viewport":{"width":1536,"height":730},"payload":{"target":{"tag":"button","id":null,"name":null,"type":null,"role":null,"ariaLabel":null,"testId":null,"dataLoc":null,"href":null,"text":"","selectorHint":"button"}}}
[2026-07-23T09:49:17.822Z] {"timestamp":1784800155816,"kind":"click","url":"http://localhost:3000/recruiter/manage-jobs","viewport":{"width":1536,"height":730},"payload":{"target":{"tag":"button","id":null,"name":null,"type":null,"role":null,"ariaLabel":null,"testId":null,"dataLoc":null,"href":null,"text":"","selectorHint":"button"},"x":1412,"y":583}}
[2026-07-23T09:49:17.822Z] {"timestamp":1784800155817,"kind":"navigate","url":"http://localhost:3000/recruiter/edit-job/1784713948010","viewport":{"width":1536,"height":730},"payload":{"reason":"pushState"}}
[2026-07-23T09:49:17.822Z] {"timestamp":1784800155838,"kind":"focusout","url":"http://localhost:3000/recruiter/edit-job/1784713948010","viewport":{"width":1536,"height":730},"payload":{"target":{"tag":"button","id":null,"name":null,"type":null,"role":null,"ariaLabel":null,"testId":null,"dataLoc":null,"href":null,"text":"","selectorHint":"button"},"value":null}}
[2026-07-23T09:49:17.822Z] {"timestamp":1784800157037,"kind":"scroll","url":"http://localhost:3000/recruiter/edit-job/1784713948010","viewport":{"width":1536,"height":730},"payload":{"scrollX":0,"scrollY":24,"documentHeight":1580,"viewportHeight":730}}
[2026-07-23T09:49:19.820Z] {"timestamp":1784800157886,"kind":"scroll","url":"http://localhost:3000/recruiter/edit-job/1784713948010","viewport":{"width":1536,"height":730},"payload":{"scrollX":0,"scrollY":793.5999755859375,"documentHeight":1580,"viewportHeight":730}}
[2026-07-23T09:49:19.820Z] {"timestamp":1784800159181,"kind":"focusin","url":"http://localhost:3000/recruiter/edit-job/1784713948010","viewport":{"width":1536,"height":730},"payload":{"target":{"tag":"button","id":null,"name":null,"type":null,"role":null,"ariaLabel":null,"testId":null,"dataLoc":null,"href":null,"text":"","selectorHint":"button"}}}
[2026-07-23T09:49:19.820Z] {"timestamp":1784800159411,"kind":"click","url":"http://localhost:3000/recruiter/edit-job/1784713948010","viewport":{"width":1536,"height":730},"payload":{"target":{"tag":"button","id":null,"name":null,"type":null,"role":null,"ariaLabel":null,"testId":null,"dataLoc":null,"href":null,"text":"","selectorHint":"button"},"x":51,"y":50}}
[2026-07-23T09:49:19.820Z] {"timestamp":1784800159412,"kind":"navigate","url":"http://localhost:3000/recruiter/manage-jobs","viewport":{"width":1536,"height":730},"payload":{"reason":"pushState"}}
[2026-07-23T09:49:19.820Z] {"timestamp":1784800159422,"kind":"focusout","url":"http://localhost:3000/recruiter/manage-jobs","viewport":{"width":1536,"height":730},"payload":{"target":{"tag":"button","id":null,"name":null,"type":null,"role":null,"ariaLabel":null,"testId":null,"dataLoc":null,"href":null,"text":"","selectorHint":"button"},"value":null}}
[2026-07-23T09:49:21.816Z] {"timestamp":1784800160630,"kind":"scroll","url":"http://localhost:3000/recruiter/manage-jobs","viewport":{"width":1536,"height":730},"payload":{"scrollX":0,"scrollY":10.399999618530273,"documentHeight":815,"viewportHeight":730}}
[2026-07-23T09:49:21.816Z] {"timestamp":1784800161420,"kind":"scroll","url":"http://localhost:3000/recruiter/manage-jobs","viewport":{"width":1536,"height":730},"payload":{"scrollX":0,"scrollY":45.599998474121094,"documentHeight":815,"viewportHeight":730}}
[2026-07-23T09:49:24.933Z] {"timestamp":1784800163740,"kind":"focusin","url":"http://localhost:3001/recruiter/applicants","viewport":{"width":390,"height":844},"payload":{"target":{"tag":"button","id":null,"name":null,"type":null,"role":null,"ariaLabel":null,"testId":null,"dataLoc":null,"href":null,"text":"View Resume","selectorHint":"button"}}}
[2026-07-23T09:49:26.943Z] {"timestamp":1784800165454,"kind":"scroll","url":"http://localhost:3001/recruiter/applicants","viewport":{"width":390,"height":844},"payload":{"scrollX":0,"scrollY":744,"documentHeight":1622,"viewportHeight":844}}
[2026-07-23T09:49:26.943Z] {"timestamp":1784800165959,"kind":"scroll","url":"http://localhost:3001/recruiter/applicants","viewport":{"width":390,"height":844},"payload":{"scrollX":0,"scrollY":448,"documentHeight":1622,"viewportHeight":844}}
[2026-07-23T09:49:31.639Z] {"timestamp":1784800169963,"kind":"focusout","url":"http://localhost:3001/recruiter/applicants","viewport":{"width":390,"height":844},"payload":{"target":{"tag":"button","id":null,"name":null,"type":null,"role":null,"ariaLabel":null,"testId":null,"dataLoc":null,"href":null,"text":"View Resume","selectorHint":"button"},"value":null}}
[2026-07-23T09:57:49.038Z] {"timestamp":1784800668721,"kind":"focusin","url":"http://localhost:3001/recruiter/applicants","viewport":{"width":390,"height":844},"payload":{"target":{"tag":"button","id":null,"name":null,"type":null,"role":null,"ariaLabel":null,"testId":null,"dataLoc":null,"href":null,"text":"View Resume","selectorHint":"button"}}}
[2026-07-23T09:57:50.933Z] {"timestamp":1784800669968,"kind":"scroll","url":"http://localhost:3001/recruiter/applicants","viewport":{"width":390,"height":844},"payload":{"scrollX":0,"scrollY":593.5999755859375,"documentHeight":1622,"viewportHeight":844}}
[2026-07-23T09:57:50.933Z] {"timestamp":1784800670631,"kind":"scroll","url":"http://localhost:3001/recruiter/applicants","viewport":{"width":390,"height":844},"payload":{"scrollX":0,"scrollY":776,"documentHeight":1622,"viewportHeight":844}}
[2026-07-23T09:57:52.936Z] {"timestamp":1784800671235,"kind":"scroll","url":"http://localhost:3001/recruiter/applicants","viewport":{"width":390,"height":844},"payload":{"scrollX":0,"scrollY":536.7999877929688,"documentHeight":1622,"viewportHeight":844}}
[2026-07-23T09:57:52.937Z] {"timestamp":1784800671834,"kind":"scroll","url":"http://localhost:3001/recruiter/applicants","viewport":{"width":390,"height":844},"payload":{"scrollX":0,"scrollY":708.7999877929688,"documentHeight":1622,"viewportHeight":844}}
[2026-07-23T09:57:52.937Z] {"timestamp":1784800672335,"kind":"scroll","url":"http://localhost:3001/recruiter/applicants","viewport":{"width":390,"height":844},"payload":{"scrollX":0,"scrollY":308.79998779296875,"documentHeight":1622,"viewportHeight":844}}
[2026-07-23T09:57:52.937Z] {"timestamp":1784800672847,"kind":"scroll","url":"http://localhost:3001/recruiter/applicants","viewport":{"width":390,"height":844},"payload":{"scrollX":0,"scrollY":332.79998779296875,"documentHeight":1622,"viewportHeight":844}}
[2026-07-23T09:57:54.939Z] {"timestamp":1784800673347,"kind":"scroll","url":"http://localhost:3001/recruiter/applicants","viewport":{"width":390,"height":844},"payload":{"scrollX":0,"scrollY":497.6000061035156,"documentHeight":1622,"viewportHeight":844}}
[2026-07-23T09:57:54.939Z] {"timestamp":1784800674453,"kind":"scroll","url":"http://localhost:3001/recruiter/applicants","viewport":{"width":390,"height":844},"payload":{"scrollX":0,"scrollY":545.5999755859375,"documentHeight":1622,"viewportHeight":844}}
[2026-07-23T09:57:56.930Z] {"timestamp":1784800674977,"kind":"scroll","url":"http://localhost:3001/recruiter/applicants","viewport":{"width":390,"height":844},"payload":{"scrollX":0,"scrollY":696.7999877929688,"documentHeight":1622,"viewportHeight":844}}
[2026-07-23T09:57:56.930Z] {"timestamp":1784800675482,"kind":"scroll","url":"http://localhost:3001/recruiter/applicants","viewport":{"width":390,"height":844},"payload":{"scrollX":0,"scrollY":690.4000244140625,"documentHeight":1622,"viewportHeight":844}}
[2026-07-23T09:57:56.930Z] {"timestamp":1784800675998,"kind":"scroll","url":"http://localhost:3001/recruiter/applicants","viewport":{"width":390,"height":844},"payload":{"scrollX":0,"scrollY":350.3999938964844,"documentHeight":1622,"viewportHeight":844}}
[2026-07-23T09:57:56.930Z] {"timestamp":1784800676498,"kind":"scroll","url":"http://localhost:3001/recruiter/applicants","viewport":{"width":390,"height":844},"payload":{"scrollX":0,"scrollY":565.5999755859375,"documentHeight":1622,"viewportHeight":844}}
[2026-07-23T09:57:58.933Z] {"timestamp":1784800677918,"kind":"focusout","url":"http://localhost:3001/recruiter/applicants","viewport":{"width":390,"height":844},"payload":{"target":{"tag":"button","id":null,"name":null,"type":null,"role":null,"ariaLabel":null,"testId":null,"dataLoc":null,"href":null,"text":"View Resume","selectorHint":"button"},"value":null}}
[2026-07-23T09:57:58.933Z] {"timestamp":1784800677919,"kind":"focusin","url":"http://localhost:3001/recruiter/applicants","viewport":{"width":390,"height":844},"payload":{"target":{"tag":"button","id":null,"name":null,"type":null,"role":null,"ariaLabel":null,"testId":null,"dataLoc":null,"href":null,"text":"","selectorHint":"button"}}}
[2026-07-23T09:57:58.933Z] {"timestamp":1784800677920,"kind":"click","url":"http://localhost:3001/recruiter/applicants","viewport":{"width":390,"height":844},"payload":{"target":{"tag":"button","id":null,"name":null,"type":null,"role":null,"ariaLabel":null,"testId":null,"dataLoc":null,"href":null,"text":"","selectorHint":"button"},"x":328,"y":52}}
[2026-07-23T09:57:58.933Z] {"timestamp":1784800677931,"kind":"focusout","url":"http://localhost:3001/recruiter/applicants","viewport":{"width":390,"height":844},"payload":{"target":{"tag":"button","id":null,"name":null,"type":null,"role":null,"ariaLabel":null,"testId":null,"dataLoc":null,"href":null,"text":"","selectorHint":"button"},"value":null}}
[2026-07-23T09:58:00.942Z] {"timestamp":1784800678988,"kind":"scroll","url":"http://localhost:3001/recruiter/applicants","viewport":{"width":390,"height":844},"payload":{"scrollX":0,"scrollY":174.39999389648438,"documentHeight":1622,"viewportHeight":844}}
[2026-07-23T09:58:00.942Z] {"timestamp":1784800679502,"kind":"scroll","url":"http://localhost:3001/recruiter/applicants","viewport":{"width":390,"height":844},"payload":{"scrollX":0,"scrollY":708.7999877929688,"documentHeight":1622,"viewportHeight":844}}
[2026-07-23T09:58:00.942Z] {"timestamp":1784800680002,"kind":"scroll","url":"http://localhost:3001/recruiter/applicants","viewport":{"width":390,"height":844},"payload":{"scrollX":0,"scrollY":772.7999877929688,"documentHeight":1622,"viewportHeight":844}}
[2026-07-23T09:58:02.941Z] {"timestamp":1784800681379,"kind":"focusin","url":"http://localhost:3001/recruiter/applicants","viewport":{"width":390,"height":844},"payload":{"target":{"tag":"button","id":null,"name":null,"type":null,"role":null,"ariaLabel":null,"testId":null,"dataLoc":null,"href":null,"text":"View Resume","selectorHint":"button"}}}
[2026-07-23T09:58:02.942Z] {"timestamp":1784800681380,"kind":"click","url":"http://localhost:3001/recruiter/applicants","viewport":{"width":390,"height":844},"payload":{"target":{"tag":"button","id":null,"name":null,"type":null,"role":null,"ariaLabel":null,"testId":null,"dataLoc":null,"href":null,"text":"View Resume","selectorHint":"button"},"x":207,"y":556}}
[2026-07-23T09:58:06.937Z] {"timestamp":1784800685684,"kind":"scroll","url":"http://localhost:3001/recruiter/applicants","viewport":{"width":390,"height":844},"payload":{"scrollX":0,"scrollY":769.5999755859375,"documentHeight":1622,"viewportHeight":844}}
[2026-07-23T09:58:06.937Z] {"timestamp":1784800686184,"kind":"scroll","url":"http://localhost:3001/recruiter/applicants","viewport":{"width":390,"height":844},"payload":{"scrollX":0,"scrollY":630.4000244140625,"documentHeight":1622,"viewportHeight":844}}
[2026-07-23T09:58:08.939Z] {"timestamp":1784800688617,"kind":"scroll","url":"http://localhost:3001/recruiter/applicants","viewport":{"width":390,"height":844},"payload":{"scrollX":0,"scrollY":774.4000244140625,"documentHeight":1622,"viewportHeight":844}}
[2026-07-23T09:58:10.934Z] {"timestamp":1784800689185,"kind":"scroll","url":"http://localhost:3001/recruiter/applicants","viewport":{"width":390,"height":844},"payload":{"scrollX":0,"scrollY":636.7999877929688,"documentHeight":1622,"viewportHeight":844}}
[2026-07-23T09:58:10.934Z] {"timestamp":1784800689698,"kind":"scroll","url":"http://localhost:3001/recruiter/applicants","viewport":{"width":390,"height":844},"payload":{"scrollX":0,"scrollY":564,"documentHeight":1622,"viewportHeight":844}}
[2026-07-23T09:58:12.938Z] {"timestamp":1784800692632,"kind":"focusout","url":"http://localhost:3001/recruiter/applicants","viewport":{"width":390,"height":844},"payload":{"target":{"tag":"button","id":null,"name":null,"type":null,"role":null,"ariaLabel":null,"testId":null,"dataLoc":null,"href":null,"text":"View Resume","selectorHint":"button"},"value":null}}
[2026-07-23T09:58:12.938Z] {"timestamp":1784800692633,"kind":"focusin","url":"http://localhost:3001/recruiter/applicants","viewport":{"width":390,"height":844},"payload":{"target":{"tag":"button","id":null,"name":null,"type":null,"role":null,"ariaLabel":null,"testId":null,"dataLoc":null,"href":null,"text":"","selectorHint":"button"}}}
[2026-07-23T09:58:12.938Z] {"timestamp":1784800692633,"kind":"click","url":"http://localhost:3001/recruiter/applicants","viewport":{"width":390,"height":844},"payload":{"target":{"tag":"button","id":null,"name":null,"type":null,"role":null,"ariaLabel":null,"testId":null,"dataLoc":null,"href":null,"text":"","selectorHint":"button"},"x":346,"y":64}}
[2026-07-23T09:58:12.938Z] {"timestamp":1784800692641,"kind":"focusout","url":"http://localhost:3001/recruiter/applicants","viewport":{"width":390,"height":844},"payload":{"target":{"tag":"button","id":null,"name":null,"type":null,"role":null,"ariaLabel":null,"testId":null,"dataLoc":null,"href":null,"text":"","selectorHint":"button"},"value":null}}
[2026-07-23T09:58:14.929Z] {"timestamp":1784800694249,"kind":"focusin","url":"http://localhost:3001/recruiter/applicants","viewport":{"width":390,"height":844},"payload":{"target":{"tag":"button","id":null,"name":null,"type":null,"role":null,"ariaLabel":null,"testId":null,"dataLoc":null,"href":null,"text":"View Resume","selectorHint":"button"}}}
[2026-07-23T09:58:14.929Z] {"timestamp":1784800694249,"kind":"click","url":"http://localhost:3001/recruiter/applicants","viewport":{"width":390,"height":844},"payload":{"target":{"tag":"button","id":null,"name":null,"type":null,"role":null,"ariaLabel":null,"testId":null,"dataLoc":null,"href":null,"text":"View Resume","selectorHint":"button"},"x":245,"y":595}}
[2026-07-23T09:58:16.936Z] {"timestamp":1784800696324,"kind":"scroll","url":"http://localhost:3001/recruiter/applicants","viewport":{"width":390,"height":844},"payload":{"scrollX":0,"scrollY":752,"documentHeight":1622,"viewportHeight":844}}
[2026-07-23T09:58:16.936Z] {"timestamp":1784800696830,"kind":"scroll","url":"http://localhost:3001/recruiter/applicants","viewport":{"width":390,"height":844},"payload":{"scrollX":0,"scrollY":616,"documentHeight":1622,"viewportHeight":844}}
[2026-07-23T09:58:18.933Z] {"timestamp":1784800698898,"kind":"focusout","url":"http://localhost:3001/recruiter/applicants","viewport":{"width":390,"height":844},"payload":{"target":{"tag":"button","id":null,"name":null,"type":null,"role":null,"ariaLabel":null,"testId":null,"dataLoc":null,"href":null,"text":"View Resume","selectorHint":"button"},"value":null}}
[2026-07-23T09:58:20.944Z] {"timestamp":1784800700157,"kind":"scroll","url":"http://localhost:3001/recruiter/applicants","viewport":{"width":390,"height":844},"payload":{"scrollX":0,"scrollY":517.5999755859375,"documentHeight":1622,"viewportHeight":844}}
[2026-07-23T09:58:20.944Z] {"timestamp":1784800700665,"kind":"scroll","url":"http://localhost:3001/recruiter/applicants","viewport":{"width":390,"height":844},"payload":{"scrollX":0,"scrollY":546.4000244140625,"documentHeight":1622,"viewportHeight":844}}
[2026-07-23T09:58:22.944Z] {"timestamp":1784800701200,"kind":"scroll","url":"http://localhost:3001/recruiter/applicants","viewport":{"width":390,"height":844},"payload":{"scrollX":0,"scrollY":684.7999877929688,"documentHeight":1622,"viewportHeight":844}}
[2026-07-23T09:58:22.944Z] {"timestamp":1784800701714,"kind":"scroll","url":"http://localhost:3001/recruiter/applicants","viewport":{"width":390,"height":844},"payload":{"scrollX":0,"scrollY":581.5999755859375,"documentHeight":1622,"viewportHeight":844}}
[2026-07-23T09:58:26.935Z] {"timestamp":1784800705977,"kind":"focusin","url":"http://localhost:3001/recruiter/applicants","viewport":{"width":390,"height":844},"payload":{"target":{"tag":"button","id":null,"name":null,"type":null,"role":null,"ariaLabel":null,"testId":null,"dataLoc":null,"href":null,"text":"","selectorHint":"button"}}}
[2026-07-23T09:58:26.935Z] {"timestamp":1784800705978,"kind":"click","url":"http://localhost:3001/recruiter/applicants","viewport":{"width":390,"height":844},"payload":{"target":{"tag":"button","id":null,"name":null,"type":null,"role":null,"ariaLabel":null,"testId":null,"dataLoc":null,"href":null,"text":"","selectorHint":"button"},"x":336,"y":56}}
[2026-07-23T09:58:26.935Z] {"timestamp":1784800706012,"kind":"focusout","url":"http://localhost:3001/recruiter/applicants","viewport":{"width":390,"height":844},"payload":{"target":{"tag":"button","id":null,"name":null,"type":null,"role":null,"ariaLabel":null,"testId":null,"dataLoc":null,"href":null,"text":"","selectorHint":"button"},"value":null}}
[2026-07-23T09:58:28.942Z] {"timestamp":1784800707533,"kind":"scroll","url":"http://localhost:3001/recruiter/applicants","viewport":{"width":390,"height":844},"payload":{"scrollX":0,"scrollY":500.79998779296875,"documentHeight":1622,"viewportHeight":844}}
[2026-07-23T09:58:31.268Z] {"timestamp":1784800710500,"kind":"focusin","url":"http://localhost:3001/recruiter/applicants","viewport":{"width":390,"height":844},"payload":{"target":{"tag":"button","id":null,"name":null,"type":null,"role":null,"ariaLabel":null,"testId":null,"dataLoc":null,"href":null,"text":"","selectorHint":"button"}}}
[2026-07-23T09:58:31.268Z] {"timestamp":1784800710501,"kind":"click","url":"http://localhost:3001/recruiter/applicants","viewport":{"width":390,"height":844},"payload":{"target":{"tag":"button","id":null,"name":null,"type":null,"role":null,"ariaLabel":null,"testId":null,"dataLoc":null,"href":null,"text":"","selectorHint":"button"},"x":28,"y":34}}
[2026-07-23T09:58:31.268Z] {"timestamp":1784800710509,"kind":"navigate","url":"http://localhost:3001/recruiter/dashboard","viewport":{"width":390,"height":844},"payload":{"reason":"pushState"}}
[2026-07-23T09:58:31.268Z] {"timestamp":1784800710567,"kind":"focusout","url":"http://localhost:3001/recruiter/dashboard","viewport":{"width":390,"height":844},"payload":{"target":{"tag":"button","id":null,"name":null,"type":null,"role":null,"ariaLabel":null,"testId":null,"dataLoc":null,"href":null,"text":"","selectorHint":"button"},"value":null}}
[2026-07-23T09:58:32.940Z] {"timestamp":1784800711919,"kind":"scroll","url":"http://localhost:3001/recruiter/dashboard","viewport":{"width":390,"height":844},"payload":{"scrollX":0,"scrollY":782.4000244140625,"documentHeight":2811,"viewportHeight":844}}
[2026-07-23T09:58:34.938Z] {"timestamp":1784800714107,"kind":"focusin","url":"http://localhost:3001/recruiter/dashboard","viewport":{"width":390,"height":844},"payload":{"target":{"tag":"button","id":null,"name":null,"type":null,"role":null,"ariaLabel":null,"testId":null,"dataLoc":null,"href":null,"text":"View All","selectorHint":"button"}}}
[2026-07-23T09:58:34.938Z] {"timestamp":1784800714107,"kind":"click","url":"http://localhost:3001/recruiter/dashboard","viewport":{"width":390,"height":844},"payload":{"target":{"tag":"button","id":null,"name":null,"type":null,"role":null,"ariaLabel":null,"testId":null,"dataLoc":null,"href":null,"text":"View All","selectorHint":"button"},"x":312,"y":324}}
[2026-07-23T09:58:34.938Z] {"timestamp":1784800714108,"kind":"navigate","url":"http://localhost:3001/recruiter/applicants","viewport":{"width":390,"height":844},"payload":{"reason":"pushState"}}
[2026-07-23T09:58:34.938Z] {"timestamp":1784800714135,"kind":"focusout","url":"http://localhost:3001/recruiter/applicants","viewport":{"width":390,"height":844},"payload":{"target":{"tag":"button","id":null,"name":null,"type":null,"role":null,"ariaLabel":null,"testId":null,"dataLoc":null,"href":null,"text":"View All","selectorHint":"button"},"value":null}}
[2026-07-23T09:58:34.938Z] {"timestamp":1784800714173,"kind":"scroll","url":"http://localhost:3001/recruiter/applicants","viewport":{"width":390,"height":844},"payload":{"scrollX":0,"scrollY":777.5999755859375,"documentHeight":1622,"viewportHeight":844}}
[2026-07-23T09:58:38.932Z] {"timestamp":1784800718233,"kind":"focusin","url":"http://localhost:3001/recruiter/applicants","viewport":{"width":390,"height":844},"payload":{"target":{"tag":"button","id":null,"name":null,"type":null,"role":null,"ariaLabel":null,"testId":null,"dataLoc":null,"href":null,"text":"View Resume","selectorHint":"button"}}}
[2026-07-23T09:58:38.932Z] {"timestamp":1784800718233,"kind":"click","url":"http://localhost:3001/recruiter/applicants","viewport":{"width":390,"height":844},"payload":{"target":{"tag":"button","id":null,"name":null,"type":null,"role":null,"ariaLabel":null,"testId":null,"dataLoc":null,"href":null,"text":"View Resume","selectorHint":"button"},"x":183,"y":554}}
[2026-07-23T09:58:42.942Z] {"timestamp":1784800721794,"kind":"scroll","url":"http://localhost:3001/recruiter/applicants","viewport":{"width":390,"height":844},"payload":{"scrollX":0,"scrollY":768,"documentHeight":1622,"viewportHeight":844}}
[2026-07-23T09:58:42.942Z] {"timestamp":1784800722307,"kind":"scroll","url":"http://localhost:3001/recruiter/applicants","viewport":{"width":390,"height":844},"payload":{"scrollX":0,"scrollY":544,"documentHeight":1622,"viewportHeight":844}}
[2026-07-23T09:58:42.943Z] {"timestamp":1784800722915,"kind":"scroll","url":"http://localhost:3001/recruiter/applicants","viewport":{"width":390,"height":844},"payload":{"scrollX":0,"scrollY":757.5999755859375,"documentHeight":1622,"viewportHeight":844}}
[2026-07-23T09:58:44.936Z] {"timestamp":1784800723419,"kind":"scroll","url":"http://localhost:3001/recruiter/applicants","viewport":{"width":390,"height":844},"payload":{"scrollX":0,"scrollY":492.79998779296875,"documentHeight":1622,"viewportHeight":844}}
[2026-07-23T09:58:44.936Z] {"timestamp":1784800724422,"kind":"scroll","url":"http://localhost:3001/recruiter/applicants","viewport":{"width":390,"height":844},"payload":{"scrollX":0,"scrollY":760.7999877929688,"documentHeight":1622,"viewportHeight":844}}
[2026-07-23T09:58:46.942Z] {"timestamp":1784800724938,"kind":"scroll","url":"http://localhost:3001/recruiter/applicants","viewport":{"width":390,"height":844},"payload":{"scrollX":0,"scrollY":750.4000244140625,"documentHeight":1622,"viewportHeight":844}}
[2026-07-23T09:58:46.942Z] {"timestamp":1784800725438,"kind":"scroll","url":"http://localhost:3001/recruiter/applicants","viewport":{"width":390,"height":844},"payload":{"scrollX":0,"scrollY":573.5999755859375,"documentHeight":1622,"viewportHeight":844}}
[2026-07-23T09:58:46.942Z] {"timestamp":1784800725949,"kind":"scroll","url":"http://localhost:3001/recruiter/applicants","viewport":{"width":390,"height":844},"payload":{"scrollX":0,"scrollY":464,"documentHeight":1622,"viewportHeight":844}}
[2026-07-23T09:58:52.943Z] {"timestamp":1784800731243,"kind":"scroll","url":"http://localhost:3001/recruiter/applicants","viewport":{"width":390,"height":844},"payload":{"scrollX":0,"scrollY":473.6000061035156,"documentHeight":1622,"viewportHeight":844}}
[2026-07-23T09:58:52.943Z] {"timestamp":1784800732036,"kind":"scroll","url":"http://localhost:3001/recruiter/applicants","viewport":{"width":390,"height":844},"payload":{"scrollX":0,"scrollY":773.5999755859375,"documentHeight":1622,"viewportHeight":844}}
[2026-07-23T09:58:52.943Z] {"timestamp":1784800732748,"kind":"scroll","url":"http://localhost:3001/recruiter/applicants","viewport":{"width":390,"height":844},"payload":{"scrollX":0,"scrollY":79.19999694824219,"documentHeight":1622,"viewportHeight":844}}
[2026-07-23T09:58:54.942Z] {"timestamp":1784800733260,"kind":"scroll","url":"http://localhost:3001/recruiter/applicants","viewport":{"width":390,"height":844},"payload":{"scrollX":0,"scrollY":152,"documentHeight":1622,"viewportHeight":844}}
[2026-07-23T09:58:56.936Z] {"timestamp":1784800735889,"kind":"scroll","url":"http://localhost:3001/recruiter/applicants","viewport":{"width":390,"height":844},"payload":{"scrollX":0,"scrollY":14.399999618530273,"documentHeight":1622,"viewportHeight":844}}
[2026-07-23T09:58:59.647Z] {"timestamp":1784800738350,"kind":"focusout","url":"http://localhost:3001/recruiter/applicants","viewport":{"width":390,"height":844},"payload":{"target":{"tag":"button","id":null,"name":null,"type":null,"role":null,"ariaLabel":null,"testId":null,"dataLoc":null,"href":null,"text":"View Resume","selectorHint":"button"},"value":null}}
[2026-07-23T09:59:29.010Z] {"timestamp":1784800768975,"kind":"focusin","url":"http://localhost:3001/recruiter/applicants","viewport":{"width":390,"height":844},"payload":{"target":{"tag":"button","id":null,"name":null,"type":null,"role":null,"ariaLabel":null,"testId":null,"dataLoc":null,"href":null,"text":"View Resume","selectorHint":"button"}}}
[2026-07-23T09:59:30.943Z] {"timestamp":1784800769676,"kind":"scroll","url":"http://localhost:3001/recruiter/applicants","viewport":{"width":390,"height":844},"payload":{"scrollX":0,"scrollY":679.2000122070312,"documentHeight":1622,"viewportHeight":844}}
[2026-07-23T09:59:30.943Z] {"timestamp":1784800770185,"kind":"scroll","url":"http://localhost:3001/recruiter/applicants","viewport":{"width":390,"height":844},"payload":{"scrollX":0,"scrollY":620,"documentHeight":1622,"viewportHeight":844}}
[2026-07-23T09:59:30.943Z] {"timestamp":1784800770750,"kind":"scroll","url":"http://localhost:3001/recruiter/applicants","viewport":{"width":390,"height":844},"payload":{"scrollX":0,"scrollY":716.7999877929688,"documentHeight":1622,"viewportHeight":844}}
[2026-07-23T09:59:32.954Z] {"timestamp":1784800771870,"kind":"scroll","url":"http://localhost:3001/recruiter/applicants","viewport":{"width":390,"height":844},"payload":{"scrollX":0,"scrollY":341.6000061035156,"documentHeight":1622,"viewportHeight":844}}
[2026-07-23T09:59:32.954Z] {"timestamp":1784800772375,"kind":"scroll","url":"http://localhost:3001/recruiter/applicants","viewport":{"width":390,"height":844},"payload":{"scrollX":0,"scrollY":96.80000305175781,"documentHeight":1622,"viewportHeight":844}}
[2026-07-23T09:59:34.936Z] {"timestamp":1784800773626,"kind":"focusout","url":"http://localhost:3001/recruiter/applicants","viewport":{"width":390,"height":844},"payload":{"target":{"tag":"button","id":null,"name":null,"type":null,"role":null,"ariaLabel":null,"testId":null,"dataLoc":null,"href":null,"text":"View Resume","selectorHint":"button"},"value":null}}
[2026-07-23T09:59:34.936Z] {"timestamp":1784800773627,"kind":"focusin","url":"http://localhost:3001/recruiter/applicants","viewport":{"width":390,"height":844},"payload":{"target":{"tag":"button","id":null,"name":null,"type":null,"role":null,"ariaLabel":null,"testId":null,"dataLoc":null,"href":null,"text":"","selectorHint":"button"}}}
[2026-07-23T09:59:34.936Z] {"timestamp":1784800773627,"kind":"click","url":"http://localhost:3001/recruiter/applicants","viewport":{"width":390,"height":844},"payload":{"target":{"tag":"button","id":null,"name":null,"type":null,"role":null,"ariaLabel":null,"testId":null,"dataLoc":null,"href":null,"text":"","selectorHint":"button"},"x":336,"y":50}}
[2026-07-23T09:59:34.936Z] {"timestamp":1784800773635,"kind":"focusout","url":"http://localhost:3001/recruiter/applicants","viewport":{"width":390,"height":844},"payload":{"target":{"tag":"button","id":null,"name":null,"type":null,"role":null,"ariaLabel":null,"testId":null,"dataLoc":null,"href":null,"text":"","selectorHint":"button"},"value":null}}
[2026-07-23T09:59:34.936Z] {"timestamp":1784800774493,"kind":"scroll","url":"http://localhost:3001/recruiter/applicants","viewport":{"width":390,"height":844},"payload":{"scrollX":0,"scrollY":10.399999618530273,"documentHeight":1622,"viewportHeight":844}}
[2026-07-23T09:59:41.552Z] {"timestamp":1784800780578,"kind":"focusin","url":"http://localhost:3001/recruiter/applicants","viewport":{"width":390,"height":844},"payload":{"target":{"tag":"button","id":null,"name":null,"type":null,"role":null,"ariaLabel":null,"testId":null,"dataLoc":null,"href":null,"text":"View Resume","selectorHint":"button"}}}
[2026-07-23T09:59:41.552Z] {"timestamp":1784800780579,"kind":"click","url":"http://localhost:3001/recruiter/applicants","viewport":{"width":390,"height":844},"payload":{"target":{"tag":"button","id":null,"name":null,"type":null,"role":null,"ariaLabel":null,"testId":null,"dataLoc":null,"href":null,"text":"View Resume","selectorHint":"button"},"x":216,"y":557}}
[2026-07-23T09:59:44.935Z] {"timestamp":1784800784868,"kind":"scroll","url":"http://localhost:3001/recruiter/applicants","viewport":{"width":390,"height":844},"payload":{"scrollX":0,"scrollY":770.4000244140625,"documentHeight":1622,"viewportHeight":844}}
[2026-07-23T09:59:46.936Z] {"timestamp":1784800785493,"kind":"scroll","url":"http://localhost:3001/recruiter/applicants","viewport":{"width":390,"height":844},"payload":{"scrollX":0,"scrollY":776,"documentHeight":1622,"viewportHeight":844}}
[2026-07-23T09:59:46.936Z] {"timestamp":1784800785999,"kind":"scroll","url":"http://localhost:3001/recruiter/applicants","viewport":{"width":390,"height":844},"payload":{"scrollX":0,"scrollY":296.79998779296875,"documentHeight":1622,"viewportHeight":844}}
[2026-07-23T09:59:46.936Z] {"timestamp":1784800786499,"kind":"scroll","url":"http://localhost:3001/recruiter/applicants","viewport":{"width":390,"height":844},"payload":{"scrollX":0,"scrollY":237.60000610351562,"documentHeight":1622,"viewportHeight":844}}
[2026-07-23T09:59:52.944Z] {"timestamp":1784800791524,"kind":"scroll","url":"http://localhost:3001/recruiter/applicants","viewport":{"width":390,"height":844},"payload":{"scrollX":0,"scrollY":414.3999938964844,"documentHeight":1622,"viewportHeight":844}}
[2026-07-23T09:59:54.936Z] {"timestamp":1784800794187,"kind":"focusout","url":"http://localhost:3001/recruiter/applicants","viewport":{"width":390,"height":844},"payload":{"target":{"tag":"button","id":null,"name":null,"type":null,"role":null,"ariaLabel":null,"testId":null,"dataLoc":null,"href":null,"text":"View Resume","selectorHint":"button"},"value":null}}
[2026-07-23T09:59:54.936Z] {"timestamp":1784800794189,"kind":"focusin","url":"http://localhost:3001/recruiter/applicants","viewport":{"width":390,"height":844},"payload":{"target":{"tag":"button","id":null,"name":null,"type":null,"role":null,"ariaLabel":null,"testId":null,"dataLoc":null,"href":null,"text":"","selectorHint":"button"}}}
[2026-07-23T09:59:54.936Z] {"timestamp":1784800794189,"kind":"click","url":"http://localhost:3001/recruiter/applicants","viewport":{"width":390,"height":844},"payload":{"target":{"tag":"button","id":null,"name":null,"type":null,"role":null,"ariaLabel":null,"testId":null,"dataLoc":null,"href":null,"text":"","selectorHint":"button"},"x":334,"y":52}}
[2026-07-23T09:59:54.936Z] {"timestamp":1784800794200,"kind":"focusout","url":"http://localhost:3001/recruiter/applicants","viewport":{"width":390,"height":844},"payload":{"target":{"tag":"button","id":null,"name":null,"type":null,"role":null,"ariaLabel":null,"testId":null,"dataLoc":null,"href":null,"text":"","selectorHint":"button"},"value":null}}
[2026-07-23T09:59:56.933Z] {"timestamp":1784800795425,"kind":"scroll","url":"http://localhost:3001/recruiter/applicants","viewport":{"width":390,"height":844},"payload":{"scrollX":0,"scrollY":12.800000190734863,"documentHeight":1622,"viewportHeight":844}}
[2026-07-23T10:00:29.816Z] {"timestamp":1784800829609,"kind":"scroll","url":"http://localhost:3000/recruiter/manage-jobs","viewport":{"width":1536,"height":730},"payload":{"scrollX":0,"scrollY":32,"documentHeight":815,"viewportHeight":730}}
[2026-07-23T10:00:34.003Z] {"timestamp":1784800833433,"kind":"focusin","url":"http://localhost:3000/recruiter/manage-jobs","viewport":{"width":1536,"height":730},"payload":{"target":{"tag":"button","id":null,"name":null,"type":null,"role":null,"ariaLabel":null,"testId":null,"dataLoc":null,"href":null,"text":"","selectorHint":"button"}}}
[2026-07-23T10:00:34.003Z] {"timestamp":1784800833646,"kind":"click","url":"http://localhost:3000/recruiter/manage-jobs","viewport":{"width":1536,"height":730},"payload":{"target":{"tag":"button","id":null,"name":null,"type":null,"role":null,"ariaLabel":null,"testId":null,"dataLoc":null,"href":null,"text":"","selectorHint":"button"},"x":48,"y":31}}
[2026-07-23T10:00:34.003Z] {"timestamp":1784800833668,"kind":"navigate","url":"http://localhost:3000/recruiter/dashboard","viewport":{"width":1536,"height":730},"payload":{"reason":"pushState"}}
[2026-07-23T10:00:34.003Z] {"timestamp":1784800833731,"kind":"focusout","url":"http://localhost:3000/recruiter/dashboard","viewport":{"width":1536,"height":730},"payload":{"target":{"tag":"button","id":null,"name":null,"type":null,"role":null,"ariaLabel":null,"testId":null,"dataLoc":null,"href":null,"text":"","selectorHint":"button"},"value":null}}
[2026-07-23T10:00:35.807Z] {"timestamp":1784800834552,"kind":"scroll","url":"http://localhost:3000/recruiter/dashboard","viewport":{"width":1536,"height":730},"payload":{"scrollX":0,"scrollY":189.60000610351562,"documentHeight":1503,"viewportHeight":730}}
[2026-07-23T10:00:37.811Z] {"timestamp":1784800835983,"kind":"focusin","url":"http://localhost:3000/recruiter/dashboard","viewport":{"width":1536,"height":730},"payload":{"target":{"tag":"button","id":null,"name":null,"type":null,"role":null,"ariaLabel":null,"testId":null,"dataLoc":null,"href":null,"text":"Review Applicants","selectorHint":"button"}}}
[2026-07-23T10:00:37.811Z] {"timestamp":1784800836207,"kind":"click","url":"http://localhost:3000/recruiter/dashboard","viewport":{"width":1536,"height":730},"payload":{"target":{"tag":"button","id":null,"name":null,"type":null,"role":null,"ariaLabel":null,"testId":null,"dataLoc":null,"href":null,"text":"Review Applicants","selectorHint":"button"},"x":799,"y":665}}
[2026-07-23T10:00:37.811Z] {"timestamp":1784800836208,"kind":"navigate","url":"http://localhost:3000/recruiter/applicants","viewport":{"width":1536,"height":730},"payload":{"reason":"pushState"}}
[2026-07-23T10:00:37.811Z] {"timestamp":1784800836238,"kind":"focusout","url":"http://localhost:3000/recruiter/applicants","viewport":{"width":1536,"height":730},"payload":{"target":{"tag":"button","id":null,"name":null,"type":null,"role":null,"ariaLabel":null,"testId":null,"dataLoc":null,"href":null,"text":"Review Applicants","selectorHint":"button"},"value":null}}
[2026-07-23T10:00:37.811Z] {"timestamp":1784800836288,"kind":"scroll","url":"http://localhost:3000/recruiter/applicants","viewport":{"width":1536,"height":730},"payload":{"scrollX":0,"scrollY":377.6000061035156,"documentHeight":1107,"viewportHeight":730}}
[2026-07-23T10:00:37.811Z] {"timestamp":1784800837737,"kind":"focusin","url":"http://localhost:3000/recruiter/applicants","viewport":{"width":1536,"height":730},"payload":{"target":{"tag":"button","id":null,"name":null,"type":null,"role":null,"ariaLabel":null,"testId":null,"dataLoc":null,"href":null,"text":"View Resume","selectorHint":"button"}}}
[2026-07-23T10:00:39.821Z] {"timestamp":1784800837945,"kind":"click","url":"http://localhost:3000/recruiter/applicants","viewport":{"width":1536,"height":730},"payload":{"target":{"tag":"button","id":null,"name":null,"type":null,"role":null,"ariaLabel":null,"testId":null,"dataLoc":null,"href":null,"text":"View Resume","selectorHint":"button"},"x":1080,"y":485}}
[2026-07-23T10:00:43.834Z] {"timestamp":1784800842915,"kind":"focusout","url":"http://localhost:3000/recruiter/applicants","viewport":{"width":1536,"height":730},"payload":{"target":{"tag":"button","id":null,"name":null,"type":null,"role":null,"ariaLabel":null,"testId":null,"dataLoc":null,"href":null,"text":"View Resume","selectorHint":"button"},"value":null}}
[2026-07-23T10:00:43.834Z] {"timestamp":1784800842915,"kind":"focusin","url":"http://localhost:3000/recruiter/applicants","viewport":{"width":1536,"height":730},"payload":{"target":{"tag":"button","id":null,"name":null,"type":null,"role":null,"ariaLabel":null,"testId":null,"dataLoc":null,"href":null,"text":"","selectorHint":"button"}}}
[2026-07-23T10:00:43.834Z] {"timestamp":1784800843131,"kind":"click","url":"http://localhost:3000/recruiter/applicants","viewport":{"width":1536,"height":730},"payload":{"target":{"tag":"button","id":null,"name":null,"type":null,"role":null,"ariaLabel":null,"testId":null,"dataLoc":null,"href":null,"text":"","selectorHint":"button"},"x":1240,"y":45}}
[2026-07-23T10:00:43.834Z] {"timestamp":1784800843137,"kind":"focusout","url":"http://localhost:3000/recruiter/applicants","viewport":{"width":1536,"height":730},"payload":{"target":{"tag":"button","id":null,"name":null,"type":null,"role":null,"ariaLabel":null,"testId":null,"dataLoc":null,"href":null,"text":"","selectorHint":"button"},"value":null}}
[2026-07-23T10:00:46.947Z] {"timestamp":1784800845825,"kind":"scroll","url":"http://localhost:3001/recruiter/applicants","viewport":{"width":390,"height":844},"payload":{"scrollX":0,"scrollY":160.8000030517578,"documentHeight":1622,"viewportHeight":844}}
[2026-07-23T10:00:48.936Z] {"timestamp":1784800848080,"kind":"focusin","url":"http://localhost:3001/recruiter/applicants","viewport":{"width":390,"height":844},"payload":{"target":{"tag":"button","id":null,"name":null,"type":null,"role":null,"ariaLabel":null,"testId":null,"dataLoc":null,"href":null,"text":"View Resume","selectorHint":"button"}}}
[2026-07-23T10:00:48.936Z] {"timestamp":1784800848080,"kind":"click","url":"http://localhost:3001/recruiter/applicants","viewport":{"width":390,"height":844},"payload":{"target":{"tag":"button","id":null,"name":null,"type":null,"role":null,"ariaLabel":null,"testId":null,"dataLoc":null,"href":null,"text":"View Resume","selectorHint":"button"},"x":252,"y":555}}
[2026-07-23T10:00:54.943Z] {"timestamp":1784800853827,"kind":"scroll","url":"http://localhost:3001/recruiter/applicants","viewport":{"width":390,"height":844},"payload":{"scrollX":0,"scrollY":774.4000244140625,"documentHeight":1622,"viewportHeight":844}}
[2026-07-23T10:00:56.945Z] {"timestamp":1784800855614,"kind":"focusout","url":"http://localhost:3001/recruiter/applicants","viewport":{"width":390,"height":844},"payload":{"target":{"tag":"button","id":null,"name":null,"type":null,"role":null,"ariaLabel":null,"testId":null,"dataLoc":null,"href":null,"text":"View Resume","selectorHint":"button"},"value":null}}
[2026-07-23T10:00:56.946Z] {"timestamp":1784800855620,"kind":"focusin","url":"http://localhost:3001/recruiter/applicants","viewport":{"width":390,"height":844},"payload":{"target":{"tag":"button","id":null,"name":null,"type":null,"role":null,"ariaLabel":null,"testId":null,"dataLoc":null,"href":null,"text":"","selectorHint":"button"}}}
[2026-07-23T10:00:56.946Z] {"timestamp":1784800855620,"kind":"click","url":"http://localhost:3001/recruiter/applicants","viewport":{"width":390,"height":844},"payload":{"target":{"tag":"button","id":null,"name":null,"type":null,"role":null,"ariaLabel":null,"testId":null,"dataLoc":null,"href":null,"text":"","selectorHint":"button"},"x":327,"y":50}}
[2026-07-23T10:00:56.946Z] {"timestamp":1784800855633,"kind":"focusout","url":"http://localhost:3001/recruiter/applicants","viewport":{"width":390,"height":844},"payload":{"target":{"tag":"button","id":null,"name":null,"type":null,"role":null,"ariaLabel":null,"testId":null,"dataLoc":null,"href":null,"text":"","selectorHint":"button"},"value":null}}
[2026-07-23T10:02:23.814Z] {"timestamp":1784800943095,"kind":"focusin","url":"http://localhost:3000/recruiter/applicants","viewport":{"width":1536,"height":730},"payload":{"target":{"tag":"button","id":null,"name":null,"type":null,"role":null,"ariaLabel":null,"testId":null,"dataLoc":null,"href":null,"text":"View Resume","selectorHint":"button"}}}
[2026-07-23T10:02:23.814Z] {"timestamp":1784800943303,"kind":"click","url":"http://localhost:3000/recruiter/applicants","viewport":{"width":1536,"height":730},"payload":{"target":{"tag":"button","id":null,"name":null,"type":null,"role":null,"ariaLabel":null,"testId":null,"dataLoc":null,"href":null,"text":"View Resume","selectorHint":"button"},"x":1083,"y":388}}
[2026-07-23T10:02:27.812Z] {"timestamp":1784800946806,"kind":"focusout","url":"http://localhost:3000/recruiter/applicants","viewport":{"width":1536,"height":730},"payload":{"target":{"tag":"button","id":null,"name":null,"type":null,"role":null,"ariaLabel":null,"testId":null,"dataLoc":null,"href":null,"text":"View Resume","selectorHint":"button"},"value":null}}
[2026-07-23T10:02:27.812Z] {"timestamp":1784800946806,"kind":"focusin","url":"http://localhost:3000/recruiter/applicants","viewport":{"width":1536,"height":730},"payload":{"target":{"tag":"button","id":null,"name":null,"type":null,"role":null,"ariaLabel":null,"testId":null,"dataLoc":null,"href":null,"text":"","selectorHint":"button"}}}
[2026-07-23T10:02:27.812Z] {"timestamp":1784800947029,"kind":"click","url":"http://localhost:3000/recruiter/applicants","viewport":{"width":1536,"height":730},"payload":{"target":{"tag":"button","id":null,"name":null,"type":null,"role":null,"ariaLabel":null,"testId":null,"dataLoc":null,"href":null,"text":"","selectorHint":"button"},"x":1232,"y":38}}
[2026-07-23T10:02:27.812Z] {"timestamp":1784800947035,"kind":"focusout","url":"http://localhost:3000/recruiter/applicants","viewport":{"width":1536,"height":730},"payload":{"target":{"tag":"button","id":null,"name":null,"type":null,"role":null,"ariaLabel":null,"testId":null,"dataLoc":null,"href":null,"text":"","selectorHint":"button"},"value":null}}
[2026-07-23T10:02:32.946Z] {"timestamp":1784800952260,"kind":"scroll","url":"http://localhost:3001/recruiter/applicants","viewport":{"width":390,"height":844},"payload":{"scrollX":0,"scrollY":392,"documentHeight":1622,"viewportHeight":844}}
[2026-07-23T10:02:35.052Z] {"timestamp":1784800954915,"kind":"focusin","url":"http://localhost:3001/recruiter/applicants","viewport":{"width":390,"height":844},"payload":{"target":{"tag":"button","id":null,"name":null,"type":null,"role":null,"ariaLabel":null,"testId":null,"dataLoc":null,"href":null,"text":"View Resume","selectorHint":"button"}}}
[2026-07-23T10:02:35.053Z] {"timestamp":1784800954915,"kind":"click","url":"http://localhost:3001/recruiter/applicants","viewport":{"width":390,"height":844},"payload":{"target":{"tag":"button","id":null,"name":null,"type":null,"role":null,"ariaLabel":null,"testId":null,"dataLoc":null,"href":null,"text":"View Resume","selectorHint":"button"},"x":204,"y":561}}
[2026-07-23T10:02:39.101Z] {"timestamp":1784800958145,"kind":"scroll","url":"http://localhost:3001/recruiter/applicants","viewport":{"width":390,"height":844},"payload":{"scrollX":0,"scrollY":748.7999877929688,"documentHeight":1622,"viewportHeight":844}}
[2026-07-23T10:02:39.101Z] {"timestamp":1784800958654,"kind":"scroll","url":"http://localhost:3001/recruiter/applicants","viewport":{"width":390,"height":844},"payload":{"scrollX":0,"scrollY":765.5999755859375,"documentHeight":1622,"viewportHeight":844}}
[2026-07-23T10:02:40.974Z] {"timestamp":1784800960780,"kind":"focusout","url":"http://localhost:3001/recruiter/applicants","viewport":{"width":390,"height":844},"payload":{"target":{"tag":"button","id":null,"name":null,"type":null,"role":null,"ariaLabel":null,"testId":null,"dataLoc":null,"href":null,"text":"View Resume","selectorHint":"button"},"value":null}}
[2026-07-23T10:02:40.974Z] {"timestamp":1784800960781,"kind":"focusin","url":"http://localhost:3001/recruiter/applicants","viewport":{"width":390,"height":844},"payload":{"target":{"tag":"button","id":null,"name":null,"type":null,"role":null,"ariaLabel":null,"testId":null,"dataLoc":null,"href":null,"text":"","selectorHint":"button"}}}
[2026-07-23T10:02:40.974Z] {"timestamp":1784800960782,"kind":"click","url":"http://localhost:3001/recruiter/applicants","viewport":{"width":390,"height":844},"payload":{"target":{"tag":"button","id":null,"name":null,"type":null,"role":null,"ariaLabel":null,"testId":null,"dataLoc":null,"href":null,"text":"","selectorHint":"button"},"x":332,"y":54}}
[2026-07-23T10:02:40.974Z] {"timestamp":1784800960794,"kind":"focusout","url":"http://localhost:3001/recruiter/applicants","viewport":{"width":390,"height":844},"payload":{"target":{"tag":"button","id":null,"name":null,"type":null,"role":null,"ariaLabel":null,"testId":null,"dataLoc":null,"href":null,"text":"","selectorHint":"button"},"value":null}}
[2026-07-23T10:02:44.931Z] {"timestamp":1784800963768,"kind":"scroll","url":"http://localhost:3001/recruiter/applicants","viewport":{"width":390,"height":844},"payload":{"scrollX":0,"scrollY":774.4000244140625,"documentHeight":1622,"viewportHeight":844}}
[2026-07-23T10:02:44.931Z] {"timestamp":1784800964425,"kind":"scroll","url":"http://localhost:3001/recruiter/applicants","viewport":{"width":390,"height":844},"payload":{"scrollX":0,"scrollY":44,"documentHeight":1622,"viewportHeight":844}}
[2026-07-23T10:02:47.122Z] {"timestamp":1784800964940,"kind":"scroll","url":"http://localhost:3001/recruiter/applicants","viewport":{"width":390,"height":844},"payload":{"scrollX":0,"scrollY":572,"documentHeight":1622,"viewportHeight":844}}
[2026-07-23T10:02:47.122Z] {"timestamp":1784800966494,"kind":"focusin","url":"http://localhost:3001/recruiter/applicants","viewport":{"width":390,"height":844},"payload":{"target":{"tag":"button","id":null,"name":null,"type":null,"role":null,"ariaLabel":null,"testId":null,"dataLoc":null,"href":null,"text":"View Job Postings","selectorHint":"button"}}}
[2026-07-23T10:02:47.122Z] {"timestamp":1784800966494,"kind":"click","url":"http://localhost:3001/recruiter/applicants","viewport":{"width":390,"height":844},"payload":{"target":{"tag":"button","id":null,"name":null,"type":null,"role":null,"ariaLabel":null,"testId":null,"dataLoc":null,"href":null,"text":"View Job Postings","selectorHint":"button"},"x":120,"y":764}}
[2026-07-23T10:02:47.122Z] {"timestamp":1784800966496,"kind":"navigate","url":"http://localhost:3001/recruiter/manage-jobs","viewport":{"width":390,"height":844},"payload":{"reason":"pushState"}}
[2026-07-23T10:02:47.122Z] {"timestamp":1784800966554,"kind":"focusout","url":"http://localhost:3001/recruiter/manage-jobs","viewport":{"width":390,"height":844},"payload":{"target":{"tag":"button","id":null,"name":null,"type":null,"role":null,"ariaLabel":null,"testId":null,"dataLoc":null,"href":null,"text":"View Job Postings","selectorHint":"button"},"value":null}}
[2026-07-23T10:02:48.935Z] {"timestamp":1784800967771,"kind":"scroll","url":"http://localhost:3001/recruiter/manage-jobs","viewport":{"width":390,"height":844},"payload":{"scrollX":0,"scrollY":788,"documentHeight":1689,"viewportHeight":844}}
[2026-07-23T10:02:48.936Z] {"timestamp":1784800968285,"kind":"scroll","url":"http://localhost:3001/recruiter/manage-jobs","viewport":{"width":390,"height":844},"payload":{"scrollX":0,"scrollY":0,"documentHeight":1689,"viewportHeight":844}}
[2026-07-23T10:02:50.941Z] {"timestamp":1784800969679,"kind":"scroll","url":"http://localhost:3001/recruiter/manage-jobs","viewport":{"width":390,"height":844},"payload":{"scrollX":0,"scrollY":68,"documentHeight":1689,"viewportHeight":844}}
[2026-07-23T10:02:50.941Z] {"timestamp":1784800970189,"kind":"scroll","url":"http://localhost:3001/recruiter/manage-jobs","viewport":{"width":390,"height":844},"payload":{"scrollX":0,"scrollY":568.7999877929688,"documentHeight":1689,"viewportHeight":844}}
[2026-07-23T10:02:58.451Z] {"timestamp":1784800975105,"kind":"focusin","url":"http://localhost:3001/recruiter/manage-jobs","viewport":{"width":390,"height":844},"payload":{"target":{"tag":"button","id":null,"name":null,"type":null,"role":null,"ariaLabel":null,"testId":null,"dataLoc":null,"href":null,"text":"","selectorHint":"button"}}}
[2026-07-23T10:02:58.451Z] {"timestamp":1784800975105,"kind":"click","url":"http://localhost:3001/recruiter/manage-jobs","viewport":{"width":390,"height":844},"payload":{"target":{"tag":"button","id":null,"name":null,"type":null,"role":null,"ariaLabel":null,"testId":null,"dataLoc":null,"href":null,"text":"","selectorHint":"button"},"x":256,"y":485}}
[2026-07-23T10:02:58.451Z] {"timestamp":1784800975130,"kind":"navigate","url":"http://localhost:3001/recruiter/job/1784788464043","viewport":{"width":390,"height":844},"payload":{"reason":"pushState"}}
[2026-07-23T10:02:58.451Z] {"timestamp":1784800975177,"kind":"focusout","url":"http://localhost:3001/recruiter/job/1784788464043","viewport":{"width":390,"height":844},"payload":{"target":{"tag":"button","id":null,"name":null,"type":null,"role":null,"ariaLabel":null,"testId":null,"dataLoc":null,"href":null,"text":"","selectorHint":"button"},"value":null}}
[2026-07-23T10:02:58.451Z] {"timestamp":1784800975183,"kind":"scroll","url":"http://localhost:3001/recruiter/job/1784788464043","viewport":{"width":390,"height":844},"payload":{"scrollX":0,"scrollY":0,"documentHeight":844,"viewportHeight":844}}
[2026-07-23T10:02:58.451Z] {"timestamp":1784800976642,"kind":"scroll","url":"http://localhost:3001/recruiter/job/1784788464043","viewport":{"width":390,"height":844},"payload":{"scrollX":0,"scrollY":2.4000000953674316,"documentHeight":2426,"viewportHeight":844}}
[2026-07-23T10:02:59.084Z] {"timestamp":1784800977195,"kind":"scroll","url":"http://localhost:3001/recruiter/job/1784788464043","viewport":{"width":390,"height":844},"payload":{"scrollX":0,"scrollY":1488.800048828125,"documentHeight":2426,"viewportHeight":844}}
[2026-07-23T10:02:59.084Z] {"timestamp":1784800977746,"kind":"scroll","url":"http://localhost:3001/recruiter/job/1784788464043","viewport":{"width":390,"height":844},"payload":{"scrollX":0,"scrollY":1034.4000244140625,"documentHeight":2426,"viewportHeight":844}}
[2026-07-23T10:03:00.947Z] {"timestamp":1784800979302,"kind":"focusin","url":"http://localhost:3001/recruiter/job/1784788464043","viewport":{"width":390,"height":844},"payload":{"target":{"tag":"button","id":null,"name":null,"type":null,"role":null,"ariaLabel":null,"testId":null,"dataLoc":null,"href":null,"text":"","selectorHint":"button"}}}
[2026-07-23T10:03:00.947Z] {"timestamp":1784800979303,"kind":"click","url":"http://localhost:3001/recruiter/job/1784788464043","viewport":{"width":390,"height":844},"payload":{"target":{"tag":"button","id":null,"name":null,"type":null,"role":null,"ariaLabel":null,"testId":null,"dataLoc":null,"href":null,"text":"","selectorHint":"button"},"x":30,"y":44}}
[2026-07-23T10:03:00.947Z] {"timestamp":1784800979305,"kind":"navigate","url":"http://localhost:3001/recruiter/manage-jobs","viewport":{"width":390,"height":844},"payload":{"reason":"pushState"}}
[2026-07-23T10:03:00.947Z] {"timestamp":1784800979348,"kind":"focusout","url":"http://localhost:3001/recruiter/manage-jobs","viewport":{"width":390,"height":844},"payload":{"target":{"tag":"button","id":null,"name":null,"type":null,"role":null,"ariaLabel":null,"testId":null,"dataLoc":null,"href":null,"text":"","selectorHint":"button"},"value":null}}
[2026-07-23T10:03:00.947Z] {"timestamp":1784800980056,"kind":"scroll","url":"http://localhost:3001/recruiter/manage-jobs","viewport":{"width":390,"height":844},"payload":{"scrollX":0,"scrollY":31.200000762939453,"documentHeight":1689,"viewportHeight":844}}
[2026-07-23T10:03:05.155Z] {"timestamp":1784800983723,"kind":"focusin","url":"http://localhost:3001/recruiter/manage-jobs","viewport":{"width":390,"height":844},"payload":{"target":{"tag":"button","id":null,"name":null,"type":null,"role":null,"ariaLabel":null,"testId":null,"dataLoc":null,"href":null,"text":"","selectorHint":"button"}}}
[2026-07-23T10:03:05.156Z] {"timestamp":1784800983724,"kind":"click","url":"http://localhost:3001/recruiter/manage-jobs","viewport":{"width":390,"height":844},"payload":{"target":{"tag":"button","id":null,"name":null,"type":null,"role":null,"ariaLabel":null,"testId":null,"dataLoc":null,"href":null,"text":"","selectorHint":"button"},"x":347,"y":548}}
[2026-07-23T10:03:05.156Z] {"timestamp":1784800983725,"kind":"navigate","url":"http://localhost:3001/recruiter/job/1784790938886","viewport":{"width":390,"height":844},"payload":{"reason":"pushState"}}
[2026-07-23T10:03:05.156Z] {"timestamp":1784800983727,"kind":"focusout","url":"http://localhost:3001/recruiter/job/1784790938886","viewport":{"width":390,"height":844},"payload":{"target":{"tag":"button","id":null,"name":null,"type":null,"role":null,"ariaLabel":null,"testId":null,"dataLoc":null,"href":null,"text":"","selectorHint":"button"},"value":null}}
[2026-07-23T10:03:05.156Z] {"timestamp":1784800983731,"kind":"scroll","url":"http://localhost:3001/recruiter/job/1784790938886","viewport":{"width":390,"height":844},"payload":{"scrollX":0,"scrollY":0,"documentHeight":844,"viewportHeight":844}}
[2026-07-23T10:03:07.004Z] {"timestamp":1784800985845,"kind":"scroll","url":"http://localhost:3001/recruiter/job/1784790938886","viewport":{"width":390,"height":844},"payload":{"scrollX":0,"scrollY":10.399999618530273,"documentHeight":2426,"viewportHeight":844}}
[2026-07-23T10:03:07.005Z] {"timestamp":1784800986373,"kind":"scroll","url":"http://localhost:3001/recruiter/job/1784790938886","viewport":{"width":390,"height":844},"payload":{"scrollX":0,"scrollY":826.4000244140625,"documentHeight":2426,"viewportHeight":844}}
[2026-07-23T10:03:07.005Z] {"timestamp":1784800986894,"kind":"scroll","url":"http://localhost:3001/recruiter/job/1784790938886","viewport":{"width":390,"height":844},"payload":{"scrollX":0,"scrollY":1324,"documentHeight":2426,"viewportHeight":844}}
[2026-07-23T10:03:09.410Z] {"timestamp":1784800988698,"kind":"focusin","url":"http://localhost:3001/recruiter/job/1784790938886","viewport":{"width":390,"height":844},"payload":{"target":{"tag":"button","id":null,"name":null,"type":null,"role":null,"ariaLabel":null,"testId":null,"dataLoc":null,"href":null,"text":"","selectorHint":"button"}}}
[2026-07-23T10:03:09.410Z] {"timestamp":1784800988698,"kind":"click","url":"http://localhost:3001/recruiter/job/1784790938886","viewport":{"width":390,"height":844},"payload":{"target":{"tag":"button","id":null,"name":null,"type":null,"role":null,"ariaLabel":null,"testId":null,"dataLoc":null,"href":null,"text":"","selectorHint":"button"},"x":39,"y":41}}
[2026-07-23T10:03:09.410Z] {"timestamp":1784800988699,"kind":"navigate","url":"http://localhost:3001/recruiter/manage-jobs","viewport":{"width":390,"height":844},"payload":{"reason":"pushState"}}
[2026-07-23T10:03:09.410Z] {"timestamp":1784800988720,"kind":"focusout","url":"http://localhost:3001/recruiter/manage-jobs","viewport":{"width":390,"height":844},"payload":{"target":{"tag":"button","id":null,"name":null,"type":null,"role":null,"ariaLabel":null,"testId":null,"dataLoc":null,"href":null,"text":"","selectorHint":"button"},"value":null}}
[2026-07-23T10:03:10.932Z] {"timestamp":1784800989609,"kind":"scroll","url":"http://localhost:3001/recruiter/manage-jobs","viewport":{"width":390,"height":844},"payload":{"scrollX":0,"scrollY":0.800000011920929,"documentHeight":1689,"viewportHeight":844}}
[2026-07-23T10:03:10.932Z] {"timestamp":1784800990152,"kind":"scroll","url":"http://localhost:3001/recruiter/manage-jobs","viewport":{"width":390,"height":844},"payload":{"scrollX":0,"scrollY":652,"documentHeight":1689,"viewportHeight":844}}
[2026-07-23T10:03:14.938Z] {"timestamp":1784800993722,"kind":"focusin","url":"http://localhost:3001/recruiter/manage-jobs","viewport":{"width":390,"height":844},"payload":{"target":{"tag":"button","id":null,"name":null,"type":null,"role":null,"ariaLabel":null,"testId":null,"dataLoc":null,"href":null,"text":"","selectorHint":"button"}}}
[2026-07-23T10:03:14.938Z] {"timestamp":1784800993723,"kind":"click","url":"http://localhost:3001/recruiter/manage-jobs","viewport":{"width":390,"height":844},"payload":{"target":{"tag":"button","id":null,"name":null,"type":null,"role":null,"ariaLabel":null,"testId":null,"dataLoc":null,"href":null,"text":"","selectorHint":"button"},"x":299,"y":611}}
[2026-07-23T10:03:14.938Z] {"timestamp":1784800993725,"kind":"navigate","url":"http://localhost:3001/recruiter/edit-job/1784788464043","viewport":{"width":390,"height":844},"payload":{"reason":"pushState"}}
[2026-07-23T10:03:14.938Z] {"timestamp":1784800993796,"kind":"focusout","url":"http://localhost:3001/recruiter/edit-job/1784788464043","viewport":{"width":390,"height":844},"payload":{"target":{"tag":"button","id":null,"name":null,"type":null,"role":null,"ariaLabel":null,"testId":null,"dataLoc":null,"href":null,"text":"","selectorHint":"button"},"value":null}}
[2026-07-23T10:03:14.938Z] {"timestamp":1784800994541,"kind":"scroll","url":"http://localhost:3001/recruiter/edit-job/1784788464043","viewport":{"width":390,"height":844},"payload":{"scrollX":0,"scrollY":735.2000122070312,"documentHeight":2066,"viewportHeight":844}}
[2026-07-23T10:03:16.967Z] {"timestamp":1784800995656,"kind":"scroll","url":"http://localhost:3001/recruiter/edit-job/1784788464043","viewport":{"width":390,"height":844},"payload":{"scrollX":0,"scrollY":1153.5999755859375,"documentHeight":2066,"viewportHeight":844}}
[2026-07-23T10:03:18.938Z] {"timestamp":1784800997531,"kind":"focusin","url":"http://localhost:3001/recruiter/edit-job/1784788464043","viewport":{"width":390,"height":844},"payload":{"target":{"tag":"button","id":null,"name":null,"type":null,"role":null,"ariaLabel":null,"testId":null,"dataLoc":null,"href":null,"text":"","selectorHint":"button"}}}
[2026-07-23T10:03:18.938Z] {"timestamp":1784800997532,"kind":"click","url":"http://localhost:3001/recruiter/edit-job/1784788464043","viewport":{"width":390,"height":844},"payload":{"target":{"tag":"button","id":null,"name":null,"type":null,"role":null,"ariaLabel":null,"testId":null,"dataLoc":null,"href":null,"text":"","selectorHint":"button"},"x":34,"y":42}}
[2026-07-23T10:03:18.938Z] {"timestamp":1784800997535,"kind":"navigate","url":"http://localhost:3001/recruiter/manage-jobs","viewport":{"width":390,"height":844},"payload":{"reason":"pushState"}}
[2026-07-23T10:03:18.938Z] {"timestamp":1784800997573,"kind":"focusout","url":"http://localhost:3001/recruiter/manage-jobs","viewport":{"width":390,"height":844},"payload":{"target":{"tag":"button","id":null,"name":null,"type":null,"role":null,"ariaLabel":null,"testId":null,"dataLoc":null,"href":null,"text":"","selectorHint":"button"},"value":null}}
[2026-07-23T10:03:18.938Z] {"timestamp":1784800998224,"kind":"scroll","url":"http://localhost:3001/recruiter/manage-jobs","viewport":{"width":390,"height":844},"payload":{"scrollX":0,"scrollY":55.20000076293945,"documentHeight":1689,"viewportHeight":844}}
[2026-07-23T10:03:23.006Z] {"timestamp":1784801001272,"kind":"focusin","url":"http://localhost:3001/recruiter/manage-jobs","viewport":{"width":390,"height":844},"payload":{"target":{"tag":"button","id":null,"name":null,"type":null,"role":null,"ariaLabel":null,"testId":null,"dataLoc":null,"href":null,"text":"","selectorHint":"button"}}}
[2026-07-23T10:03:23.006Z] {"timestamp":1784801001272,"kind":"click","url":"http://localhost:3001/recruiter/manage-jobs","viewport":{"width":390,"height":844},"payload":{"target":{"tag":"button","id":null,"name":null,"type":null,"role":null,"ariaLabel":null,"testId":null,"dataLoc":null,"href":null,"text":"","selectorHint":"button"},"x":250,"y":480}}
[2026-07-23T10:03:23.006Z] {"timestamp":1784801001274,"kind":"navigate","url":"http://localhost:3001/recruiter/job/1784788464043","viewport":{"width":390,"height":844},"payload":{"reason":"pushState"}}
[2026-07-23T10:03:23.006Z] {"timestamp":1784801001277,"kind":"focusout","url":"http://localhost:3001/recruiter/job/1784788464043","viewport":{"width":390,"height":844},"payload":{"target":{"tag":"button","id":null,"name":null,"type":null,"role":null,"ariaLabel":null,"testId":null,"dataLoc":null,"href":null,"text":"","selectorHint":"button"},"value":null}}
[2026-07-23T10:03:23.006Z] {"timestamp":1784801001309,"kind":"scroll","url":"http://localhost:3001/recruiter/job/1784788464043","viewport":{"width":390,"height":844},"payload":{"scrollX":0,"scrollY":0,"documentHeight":844,"viewportHeight":844}}
[2026-07-23T10:03:23.006Z] {"timestamp":1784801002198,"kind":"scroll","url":"http://localhost:3001/recruiter/job/1784788464043","viewport":{"width":390,"height":844},"payload":{"scrollX":0,"scrollY":214.39999389648438,"documentHeight":2426,"viewportHeight":844}}
[2026-07-23T10:03:24.931Z] {"timestamp":1784801003139,"kind":"scroll","url":"http://localhost:3001/recruiter/job/1784788464043","viewport":{"width":390,"height":844},"payload":{"scrollX":0,"scrollY":1230.4000244140625,"documentHeight":2426,"viewportHeight":844}}
[2026-07-23T10:03:27.044Z] {"timestamp":1784801005129,"kind":"scroll","url":"http://localhost:3001/recruiter/job/1784788464043","viewport":{"width":390,"height":844},"payload":{"scrollX":0,"scrollY":0,"documentHeight":2426,"viewportHeight":844}}
[2026-07-23T10:03:27.044Z] {"timestamp":1784801006436,"kind":"focusin","url":"http://localhost:3001/recruiter/job/1784788464043","viewport":{"width":390,"height":844},"payload":{"target":{"tag":"button","id":null,"name":null,"type":null,"role":null,"ariaLabel":null,"testId":null,"dataLoc":null,"href":null,"text":"","selectorHint":"button"}}}
[2026-07-23T10:03:27.044Z] {"timestamp":1784801006437,"kind":"click","url":"http://localhost:3001/recruiter/job/1784788464043","viewport":{"width":390,"height":844},"payload":{"target":{"tag":"button","id":null,"name":null,"type":null,"role":null,"ariaLabel":null,"testId":null,"dataLoc":null,"href":null,"text":"","selectorHint":"button"},"x":32,"y":48}}
[2026-07-23T10:03:27.044Z] {"timestamp":1784801006438,"kind":"navigate","url":"http://localhost:3001/recruiter/manage-jobs","viewport":{"width":390,"height":844},"payload":{"reason":"pushState"}}
[2026-07-23T10:03:27.044Z] {"timestamp":1784801006464,"kind":"focusout","url":"http://localhost:3001/recruiter/manage-jobs","viewport":{"width":390,"height":844},"payload":{"target":{"tag":"button","id":null,"name":null,"type":null,"role":null,"ariaLabel":null,"testId":null,"dataLoc":null,"href":null,"text":"","selectorHint":"button"},"value":null}}
[2026-07-23T10:03:28.939Z] {"timestamp":1784801007236,"kind":"scroll","url":"http://localhost:3001/recruiter/manage-jobs","viewport":{"width":390,"height":844},"payload":{"scrollX":0,"scrollY":248,"documentHeight":1689,"viewportHeight":844}}
[2026-07-23T10:03:30.961Z] {"timestamp":1784801010335,"kind":"scroll","url":"http://localhost:3001/recruiter/manage-jobs","viewport":{"width":390,"height":844},"payload":{"scrollX":0,"scrollY":771.2000122070312,"documentHeight":1689,"viewportHeight":844}}
[2026-07-23T10:03:32.936Z] {"timestamp":1784801012455,"kind":"focusin","url":"http://localhost:3001/recruiter/manage-jobs","viewport":{"width":390,"height":844},"payload":{"target":{"tag":"button","id":null,"name":null,"type":null,"role":null,"ariaLabel":null,"testId":null,"dataLoc":null,"href":null,"text":"","selectorHint":"button"}}}
[2026-07-23T10:03:32.936Z] {"timestamp":1784801012456,"kind":"click","url":"http://localhost:3001/recruiter/manage-jobs","viewport":{"width":390,"height":844},"payload":{"target":{"tag":"button","id":null,"name":null,"type":null,"role":null,"ariaLabel":null,"testId":null,"dataLoc":null,"href":null,"text":"","selectorHint":"button"},"x":34,"y":52}}
[2026-07-23T10:03:32.936Z] {"timestamp":1784801012457,"kind":"navigate","url":"http://localhost:3001/recruiter/dashboard","viewport":{"width":390,"height":844},"payload":{"reason":"pushState"}}
[2026-07-23T10:03:32.936Z] {"timestamp":1784801012466,"kind":"focusout","url":"http://localhost:3001/recruiter/dashboard","viewport":{"width":390,"height":844},"payload":{"target":{"tag":"button","id":null,"name":null,"type":null,"role":null,"ariaLabel":null,"testId":null,"dataLoc":null,"href":null,"text":"","selectorHint":"button"},"value":null}}
[2026-07-23T10:03:34.938Z] {"timestamp":1784801013637,"kind":"scroll","url":"http://localhost:3001/recruiter/dashboard","viewport":{"width":390,"height":844},"payload":{"scrollX":0,"scrollY":114.4000015258789,"documentHeight":2811,"viewportHeight":844}}
[2026-07-23T10:03:34.939Z] {"timestamp":1784801014137,"kind":"scroll","url":"http://localhost:3001/recruiter/dashboard","viewport":{"width":390,"height":844},"payload":{"scrollX":0,"scrollY":1130.4000244140625,"documentHeight":2811,"viewportHeight":844}}
[2026-07-23T10:03:34.939Z] {"timestamp":1784801014639,"kind":"scroll","url":"http://localhost:3001/recruiter/dashboard","viewport":{"width":390,"height":844},"payload":{"scrollX":0,"scrollY":1358.4000244140625,"documentHeight":2811,"viewportHeight":844}}
[2026-07-23T10:03:36.940Z] {"timestamp":1784801015324,"kind":"scroll","url":"http://localhost:3001/recruiter/dashboard","viewport":{"width":390,"height":844},"payload":{"scrollX":0,"scrollY":1408.800048828125,"documentHeight":2811,"viewportHeight":844}}
[2026-07-23T10:04:37.814Z] {"timestamp":1784801076884,"kind":"click","url":"http://localhost:3000/recruiter/applicants","viewport":{"width":1536,"height":730},"payload":{"target":{"tag":"div","id":null,"name":null,"type":null,"role":null,"ariaLabel":null,"testId":null,"dataLoc":null,"href":null,"text":"Applicants Review and manage real job applicants.","selectorHint":"div"},"x":872,"y":25}}
[2026-07-23T10:04:37.814Z] {"timestamp":1784801077528,"kind":"scroll","url":"http://localhost:3000/recruiter/applicants","viewport":{"width":1536,"height":730},"payload":{"scrollX":0,"scrollY":356,"documentHeight":1107,"viewportHeight":730}}
[2026-07-23T10:04:57.905Z] {"timestamp":1784801095776,"kind":"navigate","url":"http://localhost:3001/recruiter/manage-jobs","viewport":{"width":390,"height":844},"payload":{"reason":"popstate"}}
[2026-07-23T10:04:57.905Z] {"timestamp":1784801095857,"kind":"scroll","url":"http://localhost:3001/recruiter/manage-jobs","viewport":{"width":390,"height":844},"payload":{"scrollX":0,"scrollY":844.7999877929688,"documentHeight":1689,"viewportHeight":844}}
[2026-07-23T10:04:57.905Z] {"timestamp":1784801095915,"kind":"navigate","url":"http://localhost:3001/recruiter/job/1784788464043","viewport":{"width":390,"height":844},"payload":{"reason":"popstate"}}
[2026-07-23T10:04:57.905Z] {"timestamp":1784801096182,"kind":"navigate","url":"http://localhost:3001/recruiter/manage-jobs","viewport":{"width":390,"height":844},"payload":{"reason":"popstate"}}
[2026-07-23T10:04:57.905Z] {"timestamp":1784801096436,"kind":"scroll","url":"http://localhost:3001/recruiter/manage-jobs","viewport":{"width":390,"height":844},"payload":{"scrollX":0,"scrollY":338.3999938964844,"documentHeight":1689,"viewportHeight":844}}
[2026-07-23T10:04:57.905Z] {"timestamp":1784801096906,"kind":"navigate","url":"http://localhost:3001/recruiter/edit-job/1784788464043","viewport":{"width":390,"height":844},"payload":{"reason":"popstate"}}
[2026-07-23T10:04:57.905Z] {"timestamp":1784801097073,"kind":"navigate","url":"http://localhost:3001/recruiter/manage-jobs","viewport":{"width":390,"height":844},"payload":{"reason":"popstate"}}
[2026-07-23T10:04:57.905Z] {"timestamp":1784801097244,"kind":"navigate","url":"http://localhost:3001/recruiter/job/1784790938886","viewport":{"width":390,"height":844},"payload":{"reason":"popstate"}}
[2026-07-23T10:05:00.413Z] {"timestamp":1784801097359,"kind":"navigate","url":"http://localhost:3001/recruiter/manage-jobs","viewport":{"width":390,"height":844},"payload":{"reason":"popstate"}}
[2026-07-23T10:05:00.413Z] {"timestamp":1784801097579,"kind":"navigate","url":"http://localhost:3001/recruiter/job/1784788464043","viewport":{"width":390,"height":844},"payload":{"reason":"popstate"}}
[2026-07-23T10:05:00.413Z] {"timestamp":1784801097834,"kind":"navigate","url":"http://localhost:3001/recruiter/manage-jobs","viewport":{"width":390,"height":844},"payload":{"reason":"popstate"}}
[2026-07-23T10:05:00.413Z] {"timestamp":1784801097908,"kind":"scroll","url":"http://localhost:3001/recruiter/manage-jobs","viewport":{"width":390,"height":844},"payload":{"scrollX":0,"scrollY":763.2000122070312,"documentHeight":1689,"viewportHeight":844}}
[2026-07-23T10:05:00.413Z] {"timestamp":1784801097958,"kind":"navigate","url":"http://localhost:3001/recruiter/applicants","viewport":{"width":390,"height":844},"payload":{"reason":"popstate"}}
[2026-07-23T10:05:00.413Z] {"timestamp":1784801098618,"kind":"navigate","url":"http://localhost:3001/recruiter/dashboard","viewport":{"width":390,"height":844},"payload":{"reason":"popstate"}}
[2026-07-23T10:05:00.413Z] {"timestamp":1784801098895,"kind":"navigate","url":"http://localhost:3001/recruiter/applicants","viewport":{"width":390,"height":844},"payload":{"reason":"popstate"}}
[2026-07-23T10:05:01.973Z] {"timestamp":1784801098976,"kind":"navigate","url":"http://localhost:3001/recruiter/dashboard","viewport":{"width":390,"height":844},"payload":{"reason":"popstate"}}
[2026-07-23T10:05:01.973Z] {"timestamp":1784801099398,"kind":"scroll","url":"http://localhost:3001/recruiter/dashboard","viewport":{"width":390,"height":844},"payload":{"scrollX":0,"scrollY":775.2000122070312,"documentHeight":2811,"viewportHeight":844}}
[2026-07-23T10:05:01.973Z] {"timestamp":1784801099563,"kind":"navigate","url":"http://localhost:3001/recruiter/manage-jobs","viewport":{"width":390,"height":844},"payload":{"reason":"popstate"}}
[2026-07-23T10:05:01.973Z] {"timestamp":1784801099757,"kind":"navigate","url":"http://localhost:3001/recruiter/edit-job/1784788464043","viewport":{"width":390,"height":844},"payload":{"reason":"popstate"}}
[2026-07-23T10:05:01.973Z] {"timestamp":1784801099943,"kind":"scroll","url":"http://localhost:3001/recruiter/edit-job/1784788464043","viewport":{"width":390,"height":844},"payload":{"scrollX":0,"scrollY":1072,"documentHeight":2066,"viewportHeight":844}}
[2026-07-23T10:05:01.973Z] {"timestamp":1784801099974,"kind":"navigate","url":"http://localhost:3001/recruiter/manage-jobs","viewport":{"width":390,"height":844},"payload":{"reason":"popstate"}}
[2026-07-23T10:05:01.973Z] {"timestamp":1784801100456,"kind":"scroll","url":"http://localhost:3001/recruiter/manage-jobs","viewport":{"width":390,"height":844},"payload":{"scrollX":0,"scrollY":0.800000011920929,"documentHeight":1689,"viewportHeight":844}}
[2026-07-23T10:05:01.973Z] {"timestamp":1784801100550,"kind":"navigate","url":"http://localhost:3001/recruiter/job/1784788464043","viewport":{"width":390,"height":844},"payload":{"reason":"popstate"}}
[2026-07-23T10:05:01.973Z] {"timestamp":1784801100728,"kind":"navigate","url":"http://localhost:3001/recruiter/manage-jobs","viewport":{"width":390,"height":844},"payload":{"reason":"popstate"}}
[2026-07-23T10:05:01.973Z] {"timestamp":1784801100911,"kind":"navigate","url":"http://localhost:3001/recruiter/edit-job/1784790938886","viewport":{"width":390,"height":844},"payload":{"reason":"popstate"}}
[2026-07-23T10:05:01.973Z] {"timestamp":1784801101115,"kind":"navigate","url":"http://localhost:3001/recruiter/job/1784790938886","viewport":{"width":390,"height":844},"payload":{"reason":"popstate"}}
[2026-07-23T10:05:05.805Z] {"timestamp":1784801101335,"kind":"scroll","url":"http://localhost:3001/recruiter/job/1784790938886","viewport":{"width":390,"height":844},"payload":{"scrollX":0,"scrollY":0,"documentHeight":2426,"viewportHeight":844}}
[2026-07-23T10:05:05.805Z] {"timestamp":1784801101340,"kind":"navigate","url":"http://localhost:3001/recruiter/manage-jobs","viewport":{"width":390,"height":844},"payload":{"reason":"popstate"}}
[2026-07-23T10:05:05.805Z] {"timestamp":1784801101881,"kind":"scroll","url":"http://localhost:3001/recruiter/manage-jobs","viewport":{"width":390,"height":844},"payload":{"scrollX":0,"scrollY":749.5999755859375,"documentHeight":1689,"viewportHeight":844}}
[2026-07-23T10:05:05.805Z] {"timestamp":1784801102059,"kind":"navigate","url":"http://localhost:3001/recruiter/edit-job/1784788464043","viewport":{"width":390,"height":844},"payload":{"reason":"popstate"}}
[2026-07-23T10:05:05.805Z] {"timestamp":1784801102233,"kind":"navigate","url":"http://localhost:3001/recruiter/job/1784788464043","viewport":{"width":390,"height":844},"payload":{"reason":"popstate"}}
[2026-07-23T10:05:05.805Z] {"timestamp":1784801102411,"kind":"navigate","url":"http://localhost:3001/recruiter/manage-jobs","viewport":{"width":390,"height":844},"payload":{"reason":"popstate"}}
[2026-07-23T10:05:05.805Z] {"timestamp":1784801102516,"kind":"scroll","url":"http://localhost:3001/recruiter/manage-jobs","viewport":{"width":390,"height":844},"payload":{"scrollX":0,"scrollY":51.20000076293945,"documentHeight":1647,"viewportHeight":844}}
[2026-07-23T10:05:05.805Z] {"timestamp":1784801102526,"kind":"navigate","url":"http://localhost:3001/recruiter/edit-job/1784788464043","viewport":{"width":390,"height":844},"payload":{"reason":"popstate"}}
[2026-07-23T10:05:05.805Z] {"timestamp":1784801102743,"kind":"navigate","url":"http://localhost:3001/recruiter/job/1784788464043","viewport":{"width":390,"height":844},"payload":{"reason":"popstate"}}
[2026-07-23T10:05:05.805Z] {"timestamp":1784801102936,"kind":"navigate","url":"http://localhost:3001/recruiter/manage-jobs","viewport":{"width":390,"height":844},"payload":{"reason":"popstate"}}
[2026-07-23T10:05:05.805Z] {"timestamp":1784801103058,"kind":"navigate","url":"http://localhost:3001/recruiter/edit-job/1784788464043","viewport":{"width":390,"height":844},"payload":{"reason":"popstate"}}
[2026-07-23T10:05:05.805Z] {"timestamp":1784801103217,"kind":"navigate","url":"http://localhost:3001/recruiter/job/1784788464043","viewport":{"width":390,"height":844},"payload":{"reason":"popstate"}}
[2026-07-23T10:05:05.826Z] {"timestamp":1784801103304,"kind":"scroll","url":"http://localhost:3001/recruiter/job/1784788464043","viewport":{"width":390,"height":844},"payload":{"scrollX":0,"scrollY":0,"documentHeight":2426,"viewportHeight":844}}
[2026-07-23T10:05:05.826Z] {"timestamp":1784801103548,"kind":"navigate","url":"http://localhost:3001/recruiter/manage-jobs","viewport":{"width":390,"height":844},"payload":{"reason":"popstate"}}
[2026-07-23T10:05:05.826Z] {"timestamp":1784801103697,"kind":"navigate","url":"http://localhost:3001/recruiter/edit-job/1784788464043","viewport":{"width":390,"height":844},"payload":{"reason":"popstate"}}
[2026-07-23T10:05:05.826Z] {"timestamp":1784801103807,"kind":"scroll","url":"http://localhost:3001/recruiter/edit-job/1784788464043","viewport":{"width":390,"height":844},"payload":{"scrollX":0,"scrollY":480,"documentHeight":2066,"viewportHeight":844}}
[2026-07-23T10:05:05.826Z] {"timestamp":1784801103863,"kind":"navigate","url":"http://localhost:3001/recruiter/manage-jobs","viewport":{"width":390,"height":844},"payload":{"reason":"popstate"}}
[2026-07-23T10:05:05.826Z] {"timestamp":1784801104012,"kind":"navigate","url":"http://localhost:3001/recruiter/job/1784788464043","viewport":{"width":390,"height":844},"payload":{"reason":"popstate"}}
[2026-07-23T10:05:05.826Z] {"timestamp":1784801104182,"kind":"navigate","url":"http://localhost:3001/recruiter/manage-jobs","viewport":{"width":390,"height":844},"payload":{"reason":"popstate"}}
[2026-07-23T10:05:05.826Z] {"timestamp":1784801104325,"kind":"navigate","url":"http://localhost:3001/recruiter/applicants","viewport":{"width":390,"height":844},"payload":{"reason":"popstate"}}
[2026-07-23T10:05:05.826Z] {"timestamp":1784801104420,"kind":"scroll","url":"http://localhost:3001/recruiter/applicants","viewport":{"width":390,"height":844},"payload":{"scrollX":0,"scrollY":89.5999984741211,"documentHeight":1622,"viewportHeight":844}}
[2026-07-23T10:05:05.826Z] {"timestamp":1784801104504,"kind":"navigate","url":"http://localhost:3001/recruiter/dashboard","viewport":{"width":390,"height":844},"payload":{"reason":"popstate"}}
[2026-07-23T10:05:05.826Z] {"timestamp":1784801104708,"kind":"navigate","url":"http://localhost:3001/login","viewport":{"width":390,"height":844},"payload":{"reason":"popstate"}}
[2026-07-23T10:05:05.826Z] {"timestamp":1784801104865,"kind":"navigate","url":"http://localhost:3001/","viewport":{"width":390,"height":844},"payload":{"reason":"popstate"}}
[2026-07-23T10:05:05.826Z] {"timestamp":1784801105158,"kind":"navigate","url":"http://localhost:3001/register","viewport":{"width":390,"height":844},"payload":{"reason":"popstate"}}
[2026-07-23T10:05:05.826Z] {"timestamp":1784801105288,"kind":"scroll","url":"http://localhost:3001/register","viewport":{"width":390,"height":844},"payload":{"scrollX":0,"scrollY":168,"documentHeight":1092,"viewportHeight":844}}
[2026-07-23T10:05:08.116Z] {"timestamp":1784801105307,"kind":"navigate","url":"http://localhost:3001/","viewport":{"width":390,"height":844},"payload":{"reason":"popstate"}}
[2026-07-23T10:05:08.116Z] {"timestamp":1784801105803,"kind":"scroll","url":"http://localhost:3001/","viewport":{"width":390,"height":844},"payload":{"scrollX":0,"scrollY":18.399999618530273,"documentHeight":9055,"viewportHeight":844}}
[2026-07-23T10:05:08.116Z] {"timestamp":1784801106217,"kind":"navigate","url":"http://localhost:3001/login","viewport":{"width":390,"height":844},"payload":{"reason":"popstate"}}
[2026-07-23T10:05:08.116Z] {"timestamp":1784801106403,"kind":"navigate","url":"http://localhost:3001/","viewport":{"width":390,"height":844},"payload":{"reason":"popstate"}}
[2026-07-23T10:05:08.116Z] {"timestamp":1784801106541,"kind":"navigate","url":"http://localhost:3001/register","viewport":{"width":390,"height":844},"payload":{"reason":"popstate"}}
[2026-07-23T10:05:08.116Z] {"timestamp":1784801106705,"kind":"navigate","url":"http://localhost:3001/login","viewport":{"width":390,"height":844},"payload":{"reason":"popstate"}}
[2026-07-23T10:05:08.116Z] {"timestamp":1784801106820,"kind":"scroll","url":"http://localhost:3001/login","viewport":{"width":390,"height":844},"payload":{"scrollX":0,"scrollY":4.800000190734863,"documentHeight":924,"viewportHeight":844}}
[2026-07-23T10:05:08.116Z] {"timestamp":1784801106899,"kind":"navigate","url":"http://localhost:3001/","viewport":{"width":390,"height":844},"payload":{"reason":"popstate"}}
[2026-07-23T10:05:08.984Z] {"timestamp":1784801107060,"kind":"navigate","url":"http://localhost:3001/register","viewport":{"width":390,"height":844},"payload":{"reason":"popstate"}}
[2026-07-23T10:05:08.984Z] {"timestamp":1784801107275,"kind":"navigate","url":"http://localhost:3001/","viewport":{"width":390,"height":844},"payload":{"reason":"popstate"}}
[2026-07-23T10:05:08.984Z] {"timestamp":1784801107496,"kind":"navigate","url":"http://localhost:3001/login","viewport":{"width":390,"height":844},"payload":{"reason":"popstate"}}
[2026-07-23T10:05:08.984Z] {"timestamp":1784801107594,"kind":"navigate","url":"http://localhost:3001/","viewport":{"width":390,"height":844},"payload":{"reason":"popstate"}}
[2026-07-23T10:05:24.939Z] {"timestamp":1784801122999,"kind":"scroll","url":"http://localhost:3001/","viewport":{"width":400,"height":846},"payload":{"scrollX":0,"scrollY":2.4000000953674316,"documentHeight":9027,"viewportHeight":846}}
[2026-07-23T10:05:24.939Z] {"timestamp":1784801123507,"kind":"scroll","url":"http://localhost:3001/","viewport":{"width":400,"height":846},"payload":{"scrollX":0,"scrollY":382.3999938964844,"documentHeight":9027,"viewportHeight":846}}
[2026-07-23T10:05:24.939Z] {"timestamp":1784801124055,"kind":"scroll","url":"http://localhost:3001/","viewport":{"width":400,"height":846},"payload":{"scrollX":0,"scrollY":1012,"documentHeight":9027,"viewportHeight":846}}
[2026-07-23T10:05:43.846Z] {"timestamp":1784801142226,"kind":"scroll","url":"http://localhost:3000/recruiter/applicants","viewport":{"width":400,"height":846},"payload":{"scrollX":0,"scrollY":10.399999618530273,"documentHeight":1912,"viewportHeight":846}}
[2026-07-23T10:05:43.846Z] {"timestamp":1784801142738,"kind":"scroll","url":"http://localhost:3000/recruiter/applicants","viewport":{"width":400,"height":846},"payload":{"scrollX":0,"scrollY":884,"documentHeight":1912,"viewportHeight":846}}
[2026-07-23T10:05:45.827Z] {"timestamp":1784801145521,"kind":"scroll","url":"http://localhost:3000/recruiter/applicants","viewport":{"width":400,"height":846},"payload":{"scrollX":0,"scrollY":949.5999755859375,"documentHeight":1912,"viewportHeight":846}}
[2026-07-23T10:05:47.814Z] {"timestamp":1784801146022,"kind":"scroll","url":"http://localhost:3000/recruiter/applicants","viewport":{"width":400,"height":846},"payload":{"scrollX":0,"scrollY":226.39999389648438,"documentHeight":1912,"viewportHeight":846}}
[2026-07-23T10:05:47.814Z] {"timestamp":1784801146555,"kind":"scroll","url":"http://localhost:3000/recruiter/applicants","viewport":{"width":400,"height":846},"payload":{"scrollX":0,"scrollY":134.39999389648438,"documentHeight":1912,"viewportHeight":846}}
[2026-07-23T10:05:51.812Z] {"timestamp":1784801149991,"kind":"focusin","url":"http://localhost:3000/recruiter/applicants","viewport":{"width":400,"height":846},"payload":{"target":{"tag":"button","id":null,"name":null,"type":null,"role":null,"ariaLabel":null,"testId":null,"dataLoc":null,"href":null,"text":"View Resume","selectorHint":"button"}}}
[2026-07-23T10:05:51.812Z] {"timestamp":1784801149992,"kind":"click","url":"http://localhost:3000/recruiter/applicants","viewport":{"width":400,"height":846},"payload":{"target":{"tag":"button","id":null,"name":null,"type":null,"role":null,"ariaLabel":null,"testId":null,"dataLoc":null,"href":null,"text":"View Resume","selectorHint":"button"},"x":220,"y":470}}
[2026-07-23T10:05:55.812Z] {"timestamp":1784801154842,"kind":"focusout","url":"http://localhost:3000/recruiter/applicants","viewport":{"width":400,"height":846},"payload":{"target":{"tag":"button","id":null,"name":null,"type":null,"role":null,"ariaLabel":null,"testId":null,"dataLoc":null,"href":null,"text":"View Resume","selectorHint":"button"},"value":null}}
[2026-07-23T10:05:55.812Z] {"timestamp":1784801154842,"kind":"focusin","url":"http://localhost:3000/recruiter/applicants","viewport":{"width":400,"height":846},"payload":{"target":{"tag":"button","id":null,"name":null,"type":null,"role":null,"ariaLabel":null,"testId":null,"dataLoc":null,"href":null,"text":"","selectorHint":"button"}}}
[2026-07-23T10:05:55.812Z] {"timestamp":1784801154843,"kind":"click","url":"http://localhost:3000/recruiter/applicants","viewport":{"width":400,"height":846},"payload":{"target":{"tag":"button","id":null,"name":null,"type":null,"role":null,"ariaLabel":null,"testId":null,"dataLoc":null,"href":null,"text":"","selectorHint":"button"},"x":344,"y":58}}
[2026-07-23T10:05:55.812Z] {"timestamp":1784801154860,"kind":"focusout","url":"http://localhost:3000/recruiter/applicants","viewport":{"width":400,"height":846},"payload":{"target":{"tag":"button","id":null,"name":null,"type":null,"role":null,"ariaLabel":null,"testId":null,"dataLoc":null,"href":null,"text":"","selectorHint":"button"},"value":null}}
[2026-07-23T10:05:59.844Z] {"timestamp":1784801158339,"kind":"focusin","url":"http://localhost:3000/recruiter/applicants","viewport":{"width":400,"height":846},"payload":{"target":{"tag":"button","id":null,"name":null,"type":null,"role":null,"ariaLabel":null,"testId":null,"dataLoc":null,"href":null,"text":"View Job Postings","selectorHint":"button"}}}
[2026-07-23T10:05:59.845Z] {"timestamp":1784801158339,"kind":"click","url":"http://localhost:3000/recruiter/applicants","viewport":{"width":400,"height":846},"payload":{"target":{"tag":"button","id":null,"name":null,"type":null,"role":null,"ariaLabel":null,"testId":null,"dataLoc":null,"href":null,"text":"View Job Postings","selectorHint":"button"},"x":223,"y":765}}
[2026-07-23T10:05:59.845Z] {"timestamp":1784801158341,"kind":"navigate","url":"http://localhost:3000/recruiter/manage-jobs","viewport":{"width":400,"height":846},"payload":{"reason":"pushState"}}
[2026-07-23T10:05:59.845Z] {"timestamp":1784801158404,"kind":"focusout","url":"http://localhost:3000/recruiter/manage-jobs","viewport":{"width":400,"height":846},"payload":{"target":{"tag":"button","id":null,"name":null,"type":null,"role":null,"ariaLabel":null,"testId":null,"dataLoc":null,"href":null,"text":"View Job Postings","selectorHint":"button"},"value":null}}
[2026-07-23T10:05:59.845Z] {"timestamp":1784801158425,"kind":"scroll","url":"http://localhost:3000/recruiter/manage-jobs","viewport":{"width":400,"height":846},"payload":{"scrollX":0,"scrollY":801.5999755859375,"documentHeight":1647,"viewportHeight":846}}
[2026-07-23T10:06:02.554Z] {"timestamp":1784801160621,"kind":"focusin","url":"http://localhost:3000/recruiter/manage-jobs","viewport":{"width":400,"height":846},"payload":{"target":{"tag":"button","id":null,"name":null,"type":null,"role":null,"ariaLabel":null,"testId":null,"dataLoc":null,"href":null,"text":"","selectorHint":"button"}}}
[2026-07-23T10:06:02.554Z] {"timestamp":1784801160621,"kind":"click","url":"http://localhost:3000/recruiter/manage-jobs","viewport":{"width":400,"height":846},"payload":{"target":{"tag":"button","id":null,"name":null,"type":null,"role":null,"ariaLabel":null,"testId":null,"dataLoc":null,"href":null,"text":"","selectorHint":"button"},"x":262,"y":544}}
[2026-07-23T10:06:02.554Z] {"timestamp":1784801160622,"kind":"navigate","url":"http://localhost:3000/recruiter/job/1784713948010","viewport":{"width":400,"height":846},"payload":{"reason":"pushState"}}
[2026-07-23T10:06:02.554Z] {"timestamp":1784801160626,"kind":"focusout","url":"http://localhost:3000/recruiter/job/1784713948010","viewport":{"width":400,"height":846},"payload":{"target":{"tag":"button","id":null,"name":null,"type":null,"role":null,"ariaLabel":null,"testId":null,"dataLoc":null,"href":null,"text":"","selectorHint":"button"},"value":null}}
[2026-07-23T10:06:02.554Z] {"timestamp":1784801160651,"kind":"scroll","url":"http://localhost:3000/recruiter/job/1784713948010","viewport":{"width":400,"height":846},"payload":{"scrollX":0,"scrollY":0,"documentHeight":846,"viewportHeight":846}}
[2026-07-23T10:06:02.554Z] {"timestamp":1784801161247,"kind":"scroll","url":"http://localhost:3000/recruiter/job/1784713948010","viewport":{"width":400,"height":846},"payload":{"scrollX":0,"scrollY":0.800000011920929,"documentHeight":2426,"viewportHeight":846}}
[2026-07-23T10:06:02.554Z] {"timestamp":1784801161806,"kind":"scroll","url":"http://localhost:3000/recruiter/job/1784713948010","viewport":{"width":400,"height":846},"payload":{"scrollX":0,"scrollY":1358.4000244140625,"documentHeight":2426,"viewportHeight":846}}
[2026-07-23T10:06:03.814Z] {"timestamp":1784801162508,"kind":"scroll","url":"http://localhost:3000/recruiter/job/1784713948010","viewport":{"width":400,"height":846},"payload":{"scrollX":0,"scrollY":1364.800048828125,"documentHeight":2426,"viewportHeight":846}}
[2026-07-23T10:06:05.828Z] {"timestamp":1784801164250,"kind":"focusin","url":"http://localhost:3000/recruiter/job/1784713948010","viewport":{"width":400,"height":846},"payload":{"target":{"tag":"button","id":null,"name":null,"type":null,"role":null,"ariaLabel":null,"testId":null,"dataLoc":null,"href":null,"text":"","selectorHint":"button"}}}
[2026-07-23T10:06:05.828Z] {"timestamp":1784801164250,"kind":"click","url":"http://localhost:3000/recruiter/job/1784713948010","viewport":{"width":400,"height":846},"payload":{"target":{"tag":"button","id":null,"name":null,"type":null,"role":null,"ariaLabel":null,"testId":null,"dataLoc":null,"href":null,"text":"","selectorHint":"button"},"x":47,"y":48}}
[2026-07-23T10:06:05.828Z] {"timestamp":1784801164251,"kind":"navigate","url":"http://localhost:3000/recruiter/manage-jobs","viewport":{"width":400,"height":846},"payload":{"reason":"pushState"}}
[2026-07-23T10:06:05.828Z] {"timestamp":1784801164283,"kind":"focusout","url":"http://localhost:3000/recruiter/manage-jobs","viewport":{"width":400,"height":846},"payload":{"target":{"tag":"button","id":null,"name":null,"type":null,"role":null,"ariaLabel":null,"testId":null,"dataLoc":null,"href":null,"text":"","selectorHint":"button"},"value":null}}
[2026-07-23T10:06:05.828Z] {"timestamp":1784801164899,"kind":"scroll","url":"http://localhost:3000/recruiter/manage-jobs","viewport":{"width":400,"height":846},"payload":{"scrollX":0,"scrollY":0.800000011920929,"documentHeight":1628,"viewportHeight":846}}
[2026-07-23T10:06:07.882Z] {"timestamp":1784801167565,"kind":"focusin","url":"http://localhost:3000/recruiter/manage-jobs","viewport":{"width":400,"height":846},"payload":{"target":{"tag":"button","id":null,"name":null,"type":null,"role":null,"ariaLabel":null,"testId":null,"dataLoc":null,"href":null,"text":"","selectorHint":"button"}}}
[2026-07-23T10:06:07.882Z] {"timestamp":1784801167565,"kind":"click","url":"http://localhost:3000/recruiter/manage-jobs","viewport":{"width":400,"height":846},"payload":{"target":{"tag":"button","id":null,"name":null,"type":null,"role":null,"ariaLabel":null,"testId":null,"dataLoc":null,"href":null,"text":"","selectorHint":"button"},"x":308,"y":564}}
[2026-07-23T10:06:07.882Z] {"timestamp":1784801167566,"kind":"navigate","url":"http://localhost:3000/recruiter/edit-job/1784713948010","viewport":{"width":400,"height":846},"payload":{"reason":"pushState"}}
[2026-07-23T10:06:07.882Z] {"timestamp":1784801167616,"kind":"focusout","url":"http://localhost:3000/recruiter/edit-job/1784713948010","viewport":{"width":400,"height":846},"payload":{"target":{"tag":"button","id":null,"name":null,"type":null,"role":null,"ariaLabel":null,"testId":null,"dataLoc":null,"href":null,"text":"","selectorHint":"button"},"value":null}}
[2026-07-23T10:06:09.820Z] {"timestamp":1784801168176,"kind":"scroll","url":"http://localhost:3000/recruiter/edit-job/1784713948010","viewport":{"width":400,"height":846},"payload":{"scrollX":0,"scrollY":786.4000244140625,"documentHeight":2111,"viewportHeight":846}}
[2026-07-23T10:06:09.820Z] {"timestamp":1784801168893,"kind":"scroll","url":"http://localhost:3000/recruiter/edit-job/1784713948010","viewport":{"width":400,"height":846},"payload":{"scrollX":0,"scrollY":1044,"documentHeight":2111,"viewportHeight":846}}
[2026-07-23T10:06:11.824Z] {"timestamp":1784801170741,"kind":"focusin","url":"http://localhost:3000/recruiter/edit-job/1784713948010","viewport":{"width":400,"height":846},"payload":{"target":{"tag":"button","id":null,"name":null,"type":null,"role":null,"ariaLabel":null,"testId":null,"dataLoc":null,"href":null,"text":"","selectorHint":"button"}}}
[2026-07-23T10:06:11.824Z] {"timestamp":1784801170742,"kind":"click","url":"http://localhost:3000/recruiter/edit-job/1784713948010","viewport":{"width":400,"height":846},"payload":{"target":{"tag":"button","id":null,"name":null,"type":null,"role":null,"ariaLabel":null,"testId":null,"dataLoc":null,"href":null,"text":"","selectorHint":"button"},"x":40,"y":38}}
[2026-07-23T10:06:11.824Z] {"timestamp":1784801170743,"kind":"navigate","url":"http://localhost:3000/recruiter/manage-jobs","viewport":{"width":400,"height":846},"payload":{"reason":"pushState"}}
[2026-07-23T10:06:11.824Z] {"timestamp":1784801170783,"kind":"focusout","url":"http://localhost:3000/recruiter/manage-jobs","viewport":{"width":400,"height":846},"payload":{"target":{"tag":"button","id":null,"name":null,"type":null,"role":null,"ariaLabel":null,"testId":null,"dataLoc":null,"href":null,"text":"","selectorHint":"button"},"value":null}}
[2026-07-23T10:06:11.824Z] {"timestamp":1784801171629,"kind":"scroll","url":"http://localhost:3000/recruiter/manage-jobs","viewport":{"width":400,"height":846},"payload":{"scrollX":0,"scrollY":0.800000011920929,"documentHeight":1628,"viewportHeight":846}}
[2026-07-23T10:06:13.834Z] {"timestamp":1784801172138,"kind":"scroll","url":"http://localhost:3000/recruiter/manage-jobs","viewport":{"width":400,"height":846},"payload":{"scrollX":0,"scrollY":708,"documentHeight":1628,"viewportHeight":846}}
[2026-07-23T10:06:13.834Z] {"timestamp":1784801172705,"kind":"scroll","url":"http://localhost:3000/recruiter/manage-jobs","viewport":{"width":400,"height":846},"payload":{"scrollX":0,"scrollY":675.2000122070312,"documentHeight":1628,"viewportHeight":846}}
[2026-07-23T10:06:15.811Z] {"timestamp":1784801174699,"kind":"focusin","url":"http://localhost:3000/recruiter/manage-jobs","viewport":{"width":400,"height":846},"payload":{"target":{"tag":"button","id":null,"name":null,"type":null,"role":null,"ariaLabel":null,"testId":null,"dataLoc":null,"href":null,"text":"","selectorHint":"button"}}}
[2026-07-23T10:06:15.811Z] {"timestamp":1784801174699,"kind":"click","url":"http://localhost:3000/recruiter/manage-jobs","viewport":{"width":400,"height":846},"payload":{"target":{"tag":"button","id":null,"name":null,"type":null,"role":null,"ariaLabel":null,"testId":null,"dataLoc":null,"href":null,"text":"","selectorHint":"button"},"x":25,"y":52}}
[2026-07-23T10:06:15.811Z] {"timestamp":1784801174700,"kind":"navigate","url":"http://localhost:3000/recruiter/dashboard","viewport":{"width":400,"height":846},"payload":{"reason":"pushState"}}
[2026-07-23T10:06:15.811Z] {"timestamp":1784801174729,"kind":"focusout","url":"http://localhost:3000/recruiter/dashboard","viewport":{"width":400,"height":846},"payload":{"target":{"tag":"button","id":null,"name":null,"type":null,"role":null,"ariaLabel":null,"testId":null,"dataLoc":null,"href":null,"text":"","selectorHint":"button"},"value":null}}
[2026-07-23T10:08:06.795Z] {"timestamp":1784801286417,"kind":"scroll","url":"http://localhost:3002/recruiter/post-job","viewport":{"width":400,"height":642},"payload":{"scrollX":0,"scrollY":464,"documentHeight":3162,"viewportHeight":642}}
[2026-07-23T10:08:18.760Z] {"timestamp":1784801296849,"kind":"scroll","url":"http://localhost:3002/recruiter/post-job","viewport":{"width":820,"height":1180},"payload":{"scrollX":0,"scrollY":8,"documentHeight":2372,"viewportHeight":1180}}
[2026-07-23T10:08:18.760Z] {"timestamp":1784801297390,"kind":"scroll","url":"http://localhost:3002/recruiter/post-job","viewport":{"width":820,"height":1180},"payload":{"scrollX":0,"scrollY":1099.199951171875,"documentHeight":2372,"viewportHeight":1180}}
[2026-07-23T10:08:18.760Z] {"timestamp":1784801297890,"kind":"scroll","url":"http://localhost:3002/recruiter/post-job","viewport":{"width":820,"height":1180},"payload":{"scrollX":0,"scrollY":520,"documentHeight":2372,"viewportHeight":1180}}
[2026-07-23T10:08:18.760Z] {"timestamp":1784801298391,"kind":"scroll","url":"http://localhost:3002/recruiter/post-job","viewport":{"width":820,"height":1180},"payload":{"scrollX":0,"scrollY":20.799999237060547,"documentHeight":2372,"viewportHeight":1180}}
[2026-07-23T10:08:20.746Z] {"timestamp":1784801299193,"kind":"scroll","url":"http://localhost:3002/recruiter/post-job","viewport":{"width":820,"height":1180},"payload":{"scrollX":0,"scrollY":972.7999877929688,"documentHeight":2372,"viewportHeight":1180}}
[2026-07-23T10:08:22.780Z] {"timestamp":1784801300992,"kind":"focusin","url":"http://localhost:3002/recruiter/post-job","viewport":{"width":820,"height":1180},"payload":{"target":{"tag":"button","id":null,"name":null,"type":null,"role":null,"ariaLabel":null,"testId":null,"dataLoc":null,"href":null,"text":"","selectorHint":"button"}}}
[2026-07-23T10:08:22.780Z] {"timestamp":1784801300993,"kind":"click","url":"http://localhost:3002/recruiter/post-job","viewport":{"width":820,"height":1180},"payload":{"target":{"tag":"button","id":null,"name":null,"type":null,"role":null,"ariaLabel":null,"testId":null,"dataLoc":null,"href":null,"text":"","selectorHint":"button"},"x":60,"y":44}}
[2026-07-23T10:08:22.780Z] {"timestamp":1784801301001,"kind":"navigate","url":"http://localhost:3002/recruiter/dashboard","viewport":{"width":820,"height":1180},"payload":{"reason":"pushState"}}
[2026-07-23T10:08:22.780Z] {"timestamp":1784801301058,"kind":"focusout","url":"http://localhost:3002/recruiter/dashboard","viewport":{"width":820,"height":1180},"payload":{"target":{"tag":"button","id":null,"name":null,"type":null,"role":null,"ariaLabel":null,"testId":null,"dataLoc":null,"href":null,"text":"","selectorHint":"button"},"value":null}}
[2026-07-23T10:08:22.780Z] {"timestamp":1784801301940,"kind":"scroll","url":"http://localhost:3002/recruiter/dashboard","viewport":{"width":820,"height":1180},"payload":{"scrollX":0,"scrollY":19.200000762939453,"documentHeight":1199,"viewportHeight":1180}}
[2026-07-23T10:08:24.755Z] {"timestamp":1784801303692,"kind":"focusin","url":"http://localhost:3002/recruiter/dashboard","viewport":{"width":820,"height":1180},"payload":{"target":{"tag":"button","id":null,"name":null,"type":null,"role":null,"ariaLabel":null,"testId":null,"dataLoc":null,"href":null,"text":"Review Applicants","selectorHint":"button"}}}
[2026-07-23T10:08:24.755Z] {"timestamp":1784801303693,"kind":"click","url":"http://localhost:3002/recruiter/dashboard","viewport":{"width":820,"height":1180},"payload":{"target":{"tag":"button","id":null,"name":null,"type":null,"role":null,"ariaLabel":null,"testId":null,"dataLoc":null,"href":null,"text":"Review Applicants","selectorHint":"button"},"x":413,"y":1100}}
[2026-07-23T10:08:24.755Z] {"timestamp":1784801303694,"kind":"navigate","url":"http://localhost:3002/recruiter/applicants","viewport":{"width":820,"height":1180},"payload":{"reason":"pushState"}}
[2026-07-23T10:08:24.755Z] {"timestamp":1784801303733,"kind":"focusout","url":"http://localhost:3002/recruiter/applicants","viewport":{"width":820,"height":1180},"payload":{"target":{"tag":"button","id":null,"name":null,"type":null,"role":null,"ariaLabel":null,"testId":null,"dataLoc":null,"href":null,"text":"Review Applicants","selectorHint":"button"},"value":null}}
[2026-07-23T10:08:24.755Z] {"timestamp":1784801303758,"kind":"scroll","url":"http://localhost:3002/recruiter/applicants","viewport":{"width":820,"height":1180},"payload":{"scrollX":0,"scrollY":0,"documentHeight":1180,"viewportHeight":1180}}
[2026-07-23T10:08:28.750Z] {"timestamp":1784801307574,"kind":"focusin","url":"http://localhost:3002/recruiter/applicants","viewport":{"width":820,"height":1180},"payload":{"target":{"tag":"button","id":null,"name":null,"type":null,"role":null,"ariaLabel":null,"testId":null,"dataLoc":null,"href":null,"text":"","selectorHint":"button"}}}
[2026-07-23T10:08:28.750Z] {"timestamp":1784801307574,"kind":"click","url":"http://localhost:3002/recruiter/applicants","viewport":{"width":820,"height":1180},"payload":{"target":{"tag":"button","id":null,"name":null,"type":null,"role":null,"ariaLabel":null,"testId":null,"dataLoc":null,"href":null,"text":"","selectorHint":"button"},"x":76,"y":31}}
[2026-07-23T10:08:28.750Z] {"timestamp":1784801307576,"kind":"navigate","url":"http://localhost:3002/recruiter/dashboard","viewport":{"width":820,"height":1180},"payload":{"reason":"pushState"}}
[2026-07-23T10:08:28.750Z] {"timestamp":1784801307629,"kind":"focusout","url":"http://localhost:3002/recruiter/dashboard","viewport":{"width":820,"height":1180},"payload":{"target":{"tag":"button","id":null,"name":null,"type":null,"role":null,"ariaLabel":null,"testId":null,"dataLoc":null,"href":null,"text":"","selectorHint":"button"},"value":null}}
[2026-07-23T10:08:28.750Z] {"timestamp":1784801308392,"kind":"scroll","url":"http://localhost:3002/recruiter/dashboard","viewport":{"width":820,"height":1180},"payload":{"scrollX":0,"scrollY":19.200000762939453,"documentHeight":1199,"viewportHeight":1180}}
[2026-07-23T10:08:30.756Z] {"timestamp":1784801308925,"kind":"scroll","url":"http://localhost:3002/recruiter/dashboard","viewport":{"width":820,"height":1180},"payload":{"scrollX":0,"scrollY":0,"documentHeight":1199,"viewportHeight":1180}}
[2026-07-23T10:08:36.749Z] {"timestamp":1784801315226,"kind":"navigate","url":"http://localhost:3002/recruiter/applicants","viewport":{"width":820,"height":1180},"payload":{"reason":"popstate"}}
[2026-07-23T10:08:36.749Z] {"timestamp":1784801316092,"kind":"navigate","url":"http://localhost:3002/recruiter/dashboard","viewport":{"width":820,"height":1180},"payload":{"reason":"popstate"}}
[2026-07-23T10:08:36.749Z] {"timestamp":1784801316349,"kind":"scroll","url":"http://localhost:3002/recruiter/dashboard","viewport":{"width":820,"height":1180},"payload":{"scrollX":0,"scrollY":19.200000762939453,"documentHeight":1199,"viewportHeight":1180}}
[2026-07-23T10:08:45.106Z] {"timestamp":1784801324116,"kind":"scroll","url":"http://localhost:3002/recruiter/dashboard","viewport":{"width":820,"height":1180},"payload":{"scrollX":0,"scrollY":19.200000762939453,"documentHeight":1199,"viewportHeight":1180}}
[2026-07-23T10:08:51.093Z] {"timestamp":1784801330409,"kind":"click","url":"http://localhost:3002/recruiter/dashboard","viewport":{"width":1536,"height":730},"payload":{"target":{"tag":"div","id":null,"name":null,"type":null,"role":null,"ariaLabel":null,"testId":null,"dataLoc":null,"href":null,"text":"Active Jobs 0 Total Applicants 0 Pending Reviews 0 Hired 0 Hiring Trend Jan Feb …","selectorHint":"div"},"x":768,"y":313}}
[2026-07-23T10:09:13.093Z] {"timestamp":1784801352751,"kind":"scroll","url":"http://localhost:3002/recruiter/dashboard","viewport":{"width":412,"height":915},"payload":{"scrollX":0,"scrollY":20,"documentHeight":2703,"viewportHeight":915}}
[2026-07-23T10:09:15.082Z] {"timestamp":1784801353474,"kind":"scroll","url":"http://localhost:3002/recruiter/dashboard","viewport":{"width":412,"height":915},"payload":{"scrollX":0,"scrollY":1676,"documentHeight":2703,"viewportHeight":915}}
[2026-07-24T04:04:44.243Z] {"timestamp":1784865882182,"kind":"click","url":"http://localhost:3000/","viewport":{"width":1536,"height":730},"payload":{"target":{"tag":"html","id":null,"name":null,"type":null,"role":null,"ariaLabel":null,"testId":null,"dataLoc":null,"href":null,"text":"import { injectIntoGlobalHook } from \"/@react-refresh\"; injectIntoGlobalHook(win…","selectorHint":"html"},"x":1268,"y":220}}
[2026-07-24T04:05:34.464Z] {"timestamp":1784865922997,"kind":"click","url":"http://localhost:3000/","viewport":{"width":1536,"height":730},"payload":{"target":{"tag":"html","id":null,"name":null,"type":null,"role":null,"ariaLabel":null,"testId":null,"dataLoc":null,"href":null,"text":"import { injectIntoGlobalHook } from \"/@react-refresh\"; injectIntoGlobalHook(win…","selectorHint":"html"},"x":1215,"y":281}}
[2026-07-24T04:06:31.983Z] {"timestamp":1784865991592,"kind":"focusin","url":"http://localhost:3000/","viewport":{"width":1536,"height":730},"payload":{"target":{"tag":"button","id":null,"name":null,"type":null,"role":null,"ariaLabel":null,"testId":null,"dataLoc":null,"href":null,"text":"Login","selectorHint":"button"}}}
[2026-07-24T04:06:31.984Z] {"timestamp":1784865991803,"kind":"click","url":"http://localhost:3000/","viewport":{"width":1536,"height":730},"payload":{"target":{"tag":"button","id":null,"name":null,"type":null,"role":null,"ariaLabel":null,"testId":null,"dataLoc":null,"href":null,"text":"Login","selectorHint":"button"},"x":1342,"y":29}}
[2026-07-24T04:06:31.984Z] {"timestamp":1784865991806,"kind":"navigate","url":"http://localhost:3000/login","viewport":{"width":1536,"height":730},"payload":{"reason":"pushState"}}
[2026-07-24T04:06:31.984Z] {"timestamp":1784865991841,"kind":"focusout","url":"http://localhost:3000/login","viewport":{"width":1536,"height":730},"payload":{"target":{"tag":"button","id":null,"name":null,"type":null,"role":null,"ariaLabel":null,"testId":null,"dataLoc":null,"href":null,"text":"Login","selectorHint":"button"},"value":null}}
[2026-07-24T04:06:33.807Z] {"timestamp":1784865993656,"kind":"focusin","url":"http://localhost:3000/login","viewport":{"width":1536,"height":730},"payload":{"target":{"tag":"input","id":"email","name":null,"type":"email","role":null,"ariaLabel":null,"testId":null,"dataLoc":null,"href":null,"text":"","selectorHint":"#email"}}}
[2026-07-24T04:06:35.805Z] {"timestamp":1784865993871,"kind":"click","url":"http://localhost:3000/login","viewport":{"width":1536,"height":730},"payload":{"target":{"tag":"input","id":"email","name":null,"type":"email","role":null,"ariaLabel":null,"testId":null,"dataLoc":null,"href":null,"text":"","selectorHint":"#email"},"x":756,"y":336}}
[2026-07-24T04:06:40.318Z] {"timestamp":1784865999322,"kind":"focusout","url":"http://localhost:3000/login","viewport":{"width":1536,"height":730},"payload":{"target":{"tag":"input","id":"email","name":null,"type":"email","role":null,"ariaLabel":null,"testId":null,"dataLoc":null,"href":null,"text":"","selectorHint":"#email"},"value":""}}
[2026-07-24T04:06:40.318Z] {"timestamp":1784865999323,"kind":"focusin","url":"http://localhost:3000/login","viewport":{"width":1536,"height":730},"payload":{"target":{"tag":"button","id":null,"name":null,"type":null,"role":null,"ariaLabel":null,"testId":null,"dataLoc":null,"href":null,"text":"Back to Home","selectorHint":"button"}}}
[2026-07-24T04:06:40.318Z] {"timestamp":1784865999541,"kind":"click","url":"http://localhost:3000/login","viewport":{"width":1536,"height":730},"payload":{"target":{"tag":"svg","id":null,"name":null,"type":null,"role":null,"ariaLabel":null,"testId":null,"dataLoc":null,"href":null,"text":"","selectorHint":"svg"},"x":34,"y":22}}
[2026-07-24T04:06:40.318Z] {"timestamp":1784865999542,"kind":"navigate","url":"http://localhost:3000/","viewport":{"width":1536,"height":730},"payload":{"reason":"pushState"}}
[2026-07-24T04:06:40.318Z] {"timestamp":1784865999582,"kind":"focusout","url":"http://localhost:3000/","viewport":{"width":1536,"height":730},"payload":{"target":{"tag":"button","id":null,"name":null,"type":null,"role":null,"ariaLabel":null,"testId":null,"dataLoc":null,"href":null,"text":"Back to Home","selectorHint":"button"},"value":null}}
[2026-07-24T04:06:42.386Z] {"timestamp":1784866000972,"kind":"focusin","url":"http://localhost:3000/","viewport":{"width":1536,"height":730},"payload":{"target":{"tag":"button","id":null,"name":null,"type":null,"role":null,"ariaLabel":null,"testId":null,"dataLoc":null,"href":null,"text":"Sign Up","selectorHint":"button"}}}
[2026-07-24T04:06:42.386Z] {"timestamp":1784866001188,"kind":"click","url":"http://localhost:3000/","viewport":{"width":1536,"height":730},"payload":{"target":{"tag":"button","id":null,"name":null,"type":null,"role":null,"ariaLabel":null,"testId":null,"dataLoc":null,"href":null,"text":"Sign Up","selectorHint":"button"},"x":1451,"y":27}}
[2026-07-24T04:06:42.386Z] {"timestamp":1784866001189,"kind":"navigate","url":"http://localhost:3000/register","viewport":{"width":1536,"height":730},"payload":{"reason":"pushState"}}
[2026-07-24T04:06:42.386Z] {"timestamp":1784866001207,"kind":"focusout","url":"http://localhost:3000/register","viewport":{"width":1536,"height":730},"payload":{"target":{"tag":"button","id":null,"name":null,"type":null,"role":null,"ariaLabel":null,"testId":null,"dataLoc":null,"href":null,"text":"Sign Up","selectorHint":"button"},"value":null}}
[2026-07-24T04:06:43.804Z] {"timestamp":1784866002500,"kind":"focusin","url":"http://localhost:3000/register","viewport":{"width":1536,"height":730},"payload":{"target":{"tag":"input","id":"fullName","name":"fullName","type":"text","role":null,"ariaLabel":null,"testId":null,"dataLoc":null,"href":null,"text":"","selectorHint":"#fullName"}}}
[2026-07-24T04:06:43.804Z] {"timestamp":1784866002711,"kind":"click","url":"http://localhost:3000/register","viewport":{"width":1536,"height":730},"payload":{"target":{"tag":"input","id":"fullName","name":"fullName","type":"text","role":null,"ariaLabel":null,"testId":null,"dataLoc":null,"href":null,"text":"","selectorHint":"#fullName"},"x":779,"y":345}}
[2026-07-24T04:06:55.825Z] {"timestamp":1784866015640,"kind":"change","url":"http://localhost:3000/register","viewport":{"width":1536,"height":730},"payload":{"target":{"tag":"input","id":"fullName","name":"fullName","type":"text","role":null,"ariaLabel":null,"testId":null,"dataLoc":null,"href":null,"text":"","selectorHint":"#fullName"},"value":"sirisha@gmail.com"}}
[2026-07-24T04:06:55.825Z] {"timestamp":1784866015640,"kind":"focusout","url":"http://localhost:3000/register","viewport":{"width":1536,"height":730},"payload":{"target":{"tag":"input","id":"fullName","name":"fullName","type":"text","role":null,"ariaLabel":null,"testId":null,"dataLoc":null,"href":null,"text":"","selectorHint":"#fullName"},"value":"sirisha@gmail.com"}}
[2026-07-24T04:06:55.825Z] {"timestamp":1784866015641,"kind":"focusin","url":"http://localhost:3000/register","viewport":{"width":1536,"height":730},"payload":{"target":{"tag":"input","id":"email","name":"email","type":"email","role":null,"ariaLabel":null,"testId":null,"dataLoc":null,"href":null,"text":"","selectorHint":"#email"}}}
[2026-07-24T04:06:57.805Z] {"timestamp":1784866015862,"kind":"click","url":"http://localhost:3000/register","viewport":{"width":1536,"height":730},"payload":{"target":{"tag":"input","id":"email","name":"email","type":"email","role":null,"ariaLabel":null,"testId":null,"dataLoc":null,"href":null,"text":"","selectorHint":"#email"},"x":681,"y":428}}
[2026-07-24T04:07:03.805Z] {"timestamp":1784866023605,"kind":"change","url":"http://localhost:3000/register","viewport":{"width":1536,"height":730},"payload":{"target":{"tag":"input","id":"email","name":"email","type":"email","role":null,"ariaLabel":null,"testId":null,"dataLoc":null,"href":null,"text":"","selectorHint":"#email"},"value":"sirisha@gmail.com"}}
[2026-07-24T04:07:03.805Z] {"timestamp":1784866023606,"kind":"focusout","url":"http://localhost:3000/register","viewport":{"width":1536,"height":730},"payload":{"target":{"tag":"input","id":"email","name":"email","type":"email","role":null,"ariaLabel":null,"testId":null,"dataLoc":null,"href":null,"text":"","selectorHint":"#email"},"value":"sirisha@gmail.com"}}
[2026-07-24T04:07:03.805Z] {"timestamp":1784866023607,"kind":"focusin","url":"http://localhost:3000/register","viewport":{"width":1536,"height":730},"payload":{"target":{"tag":"input","id":"fullName","name":"fullName","type":"text","role":null,"ariaLabel":null,"testId":null,"dataLoc":null,"href":null,"text":"","selectorHint":"#fullName"}}}
[2026-07-24T04:07:05.806Z] {"timestamp":1784866023821,"kind":"click","url":"http://localhost:3000/register","viewport":{"width":1536,"height":730},"payload":{"target":{"tag":"input","id":"fullName","name":"fullName","type":"text","role":null,"ariaLabel":null,"testId":null,"dataLoc":null,"href":null,"text":"","selectorHint":"#fullName"},"x":744,"y":337}}
[2026-07-24T04:07:07.805Z] {"timestamp":1784866026525,"kind":"scroll","url":"http://localhost:3000/register","viewport":{"width":1536,"height":730},"payload":{"scrollX":0,"scrollY":24,"documentHeight":1048,"viewportHeight":730}}
[2026-07-24T04:07:07.805Z] {"timestamp":1784866027589,"kind":"change","url":"http://localhost:3000/register","viewport":{"width":1536,"height":730},"payload":{"target":{"tag":"input","id":"fullName","name":"fullName","type":"text","role":null,"ariaLabel":null,"testId":null,"dataLoc":null,"href":null,"text":"","selectorHint":"#fullName"},"value":"sirisha"}}
[2026-07-24T04:07:07.805Z] {"timestamp":1784866027589,"kind":"focusout","url":"http://localhost:3000/register","viewport":{"width":1536,"height":730},"payload":{"target":{"tag":"input","id":"fullName","name":"fullName","type":"text","role":null,"ariaLabel":null,"testId":null,"dataLoc":null,"href":null,"text":"","selectorHint":"#fullName"},"value":"sirisha"}}
[2026-07-24T04:07:07.805Z] {"timestamp":1784866027590,"kind":"focusin","url":"http://localhost:3000/register","viewport":{"width":1536,"height":730},"payload":{"target":{"tag":"input","id":"mobile","name":"mobile","type":"tel","role":null,"ariaLabel":null,"testId":null,"dataLoc":null,"href":null,"text":"","selectorHint":"#mobile"}}}
[2026-07-24T04:07:09.811Z] {"timestamp":1784866027810,"kind":"click","url":"http://localhost:3000/register","viewport":{"width":1536,"height":730},"payload":{"target":{"tag":"input","id":"mobile","name":"mobile","type":"tel","role":null,"ariaLabel":null,"testId":null,"dataLoc":null,"href":null,"text":"","selectorHint":"#mobile"},"x":712,"y":232}}
[2026-07-24T04:07:13.805Z] {"timestamp":1784866032123,"kind":"change","url":"http://localhost:3000/register","viewport":{"width":1536,"height":730},"payload":{"target":{"tag":"input","id":"mobile","name":"mobile","type":"tel","role":null,"ariaLabel":null,"testId":null,"dataLoc":null,"href":null,"text":"","selectorHint":"#mobile"},"value":"0987654321"}}
[2026-07-24T04:07:13.805Z] {"timestamp":1784866032123,"kind":"focusout","url":"http://localhost:3000/register","viewport":{"width":1536,"height":730},"payload":{"target":{"tag":"input","id":"mobile","name":"mobile","type":"tel","role":null,"ariaLabel":null,"testId":null,"dataLoc":null,"href":null,"text":"","selectorHint":"#mobile"},"value":"0987654321"}}
[2026-07-24T04:07:13.805Z] {"timestamp":1784866032124,"kind":"focusin","url":"http://localhost:3000/register","viewport":{"width":1536,"height":730},"payload":{"target":{"tag":"input","id":"password","name":"password","type":"password","role":null,"ariaLabel":null,"testId":null,"dataLoc":null,"href":null,"text":"","selectorHint":"#password"}}}
[2026-07-24T04:07:13.805Z] {"timestamp":1784866032338,"kind":"click","url":"http://localhost:3000/register","viewport":{"width":1536,"height":730},"payload":{"target":{"tag":"input","id":"password","name":"password","type":"password","role":null,"ariaLabel":null,"testId":null,"dataLoc":null,"href":null,"text":"","selectorHint":"#password"},"x":693,"y":297}}
[2026-07-24T04:07:19.822Z] {"timestamp":1784866037821,"kind":"change","url":"http://localhost:3000/register","viewport":{"width":1536,"height":730},"payload":{"target":{"tag":"input","id":"password","name":"password","type":"password","role":null,"ariaLabel":null,"testId":null,"dataLoc":null,"href":null,"text":"","selectorHint":"#password"},"value":{"masked":true,"length":7}}}
[2026-07-24T04:07:19.822Z] {"timestamp":1784866037822,"kind":"focusout","url":"http://localhost:3000/register","viewport":{"width":1536,"height":730},"payload":{"target":{"tag":"input","id":"password","name":"password","type":"password","role":null,"ariaLabel":null,"testId":null,"dataLoc":null,"href":null,"text":"","selectorHint":"#password"},"value":{"masked":true,"length":7}}}
[2026-07-24T04:07:19.822Z] {"timestamp":1784866037822,"kind":"focusin","url":"http://localhost:3000/register","viewport":{"width":1536,"height":730},"payload":{"target":{"tag":"button","id":null,"name":null,"type":null,"role":null,"ariaLabel":null,"testId":null,"dataLoc":null,"href":null,"text":"","selectorHint":"button"}}}
[2026-07-24T04:07:19.822Z] {"timestamp":1784866038035,"kind":"click","url":"http://localhost:3000/register","viewport":{"width":1536,"height":730},"payload":{"target":{"tag":"path","id":null,"name":null,"type":null,"role":null,"ariaLabel":null,"testId":null,"dataLoc":null,"href":null,"text":"","selectorHint":"path"},"x":915,"y":295}}
[2026-07-24T04:07:19.822Z] {"timestamp":1784866039055,"kind":"focusout","url":"http://localhost:3000/register","viewport":{"width":1536,"height":730},"payload":{"target":{"tag":"button","id":null,"name":null,"type":null,"role":null,"ariaLabel":null,"testId":null,"dataLoc":null,"href":null,"text":"","selectorHint":"button"},"value":null}}
[2026-07-24T04:07:19.822Z] {"timestamp":1784866039056,"kind":"focusin","url":"http://localhost:3000/register","viewport":{"width":1536,"height":730},"payload":{"target":{"tag":"input","id":"password","name":"password","type":"text","role":null,"ariaLabel":null,"testId":null,"dataLoc":null,"href":null,"text":"","selectorHint":"#password"}}}
[2026-07-24T04:07:19.822Z] {"timestamp":1784866039272,"kind":"click","url":"http://localhost:3000/register","viewport":{"width":1536,"height":730},"payload":{"target":{"tag":"input","id":"password","name":"password","type":"text","role":null,"ariaLabel":null,"testId":null,"dataLoc":null,"href":null,"text":"","selectorHint":"#password"},"x":688,"y":304}}
[2026-07-24T04:07:23.803Z] {"timestamp":1784866043255,"kind":"change","url":"http://localhost:3000/register","viewport":{"width":1536,"height":730},"payload":{"target":{"tag":"input","id":"password","name":"password","type":"text","role":null,"ariaLabel":null,"testId":null,"dataLoc":null,"href":null,"text":"","selectorHint":"#password"},"value":{"masked":true,"length":11}}}
[2026-07-24T04:07:23.803Z] {"timestamp":1784866043256,"kind":"focusout","url":"http://localhost:3000/register","viewport":{"width":1536,"height":730},"payload":{"target":{"tag":"input","id":"password","name":"password","type":"text","role":null,"ariaLabel":null,"testId":null,"dataLoc":null,"href":null,"text":"","selectorHint":"#password"},"value":{"masked":true,"length":11}}}
[2026-07-24T04:07:23.803Z] {"timestamp":1784866043256,"kind":"focusin","url":"http://localhost:3000/register","viewport":{"width":1536,"height":730},"payload":{"target":{"tag":"input","id":"confirmPassword","name":"confirmPassword","type":"password","role":null,"ariaLabel":null,"testId":null,"dataLoc":null,"href":null,"text":"","selectorHint":"#confirmPassword"}}}
[2026-07-24T04:07:23.803Z] {"timestamp":1784866043476,"kind":"click","url":"http://localhost:3000/register","viewport":{"width":1536,"height":730},"payload":{"target":{"tag":"input","id":"confirmPassword","name":"confirmPassword","type":"password","role":null,"ariaLabel":null,"testId":null,"dataLoc":null,"href":null,"text":"","selectorHint":"#confirmPassword"},"x":672,"y":405}}
[2026-07-24T04:07:29.819Z] {"timestamp":1784866047931,"kind":"change","url":"http://localhost:3000/register","viewport":{"width":1536,"height":730},"payload":{"target":{"tag":"input","id":"confirmPassword","name":"confirmPassword","type":"password","role":null,"ariaLabel":null,"testId":null,"dataLoc":null,"href":null,"text":"","selectorHint":"#confirmPassword"},"value":{"masked":true,"length":11}}}
[2026-07-24T04:07:29.819Z] {"timestamp":1784866047931,"kind":"focusout","url":"http://localhost:3000/register","viewport":{"width":1536,"height":730},"payload":{"target":{"tag":"input","id":"confirmPassword","name":"confirmPassword","type":"password","role":null,"ariaLabel":null,"testId":null,"dataLoc":null,"href":null,"text":"","selectorHint":"#confirmPassword"},"value":{"masked":true,"length":11}}}
[2026-07-24T04:07:29.819Z] {"timestamp":1784866047932,"kind":"focusin","url":"http://localhost:3000/register","viewport":{"width":1536,"height":730},"payload":{"target":{"tag":"button","id":null,"name":null,"type":null,"role":null,"ariaLabel":null,"testId":null,"dataLoc":null,"href":null,"text":"","selectorHint":"button"}}}
[2026-07-24T04:07:29.819Z] {"timestamp":1784866048145,"kind":"click","url":"http://localhost:3000/register","viewport":{"width":1536,"height":730},"payload":{"target":{"tag":"svg","id":null,"name":null,"type":null,"role":null,"ariaLabel":null,"testId":null,"dataLoc":null,"href":null,"text":"","selectorHint":"svg"},"x":913,"y":400}}
[2026-07-24T04:07:33.313Z] {"timestamp":1784866049830,"kind":"focusout","url":"http://localhost:3000/register","viewport":{"width":1536,"height":730},"payload":{"target":{"tag":"button","id":null,"name":null,"type":null,"role":null,"ariaLabel":null,"testId":null,"dataLoc":null,"href":null,"text":"","selectorHint":"button"},"value":null}}
[2026-07-24T04:07:33.313Z] {"timestamp":1784866049830,"kind":"focusin","url":"http://localhost:3000/register","viewport":{"width":1536,"height":730},"payload":{"target":{"tag":"button","id":null,"name":null,"type":null,"role":"checkbox","ariaLabel":null,"testId":null,"dataLoc":null,"href":null,"text":"","selectorHint":"button"}}}
[2026-07-24T04:07:33.313Z] {"timestamp":1784866050044,"kind":"click","url":"http://localhost:3000/register","viewport":{"width":1536,"height":730},"payload":{"target":{"tag":"button","id":null,"name":null,"type":null,"role":"checkbox","ariaLabel":null,"testId":null,"dataLoc":null,"href":null,"text":"","selectorHint":"button"},"x":589,"y":444}}
[2026-07-24T04:07:33.313Z] {"timestamp":1784866050052,"kind":"click","url":"http://localhost:3000/register","viewport":{"width":1536,"height":730},"payload":{"target":{"tag":"input","id":null,"name":"agreeTerms","type":"checkbox","role":null,"ariaLabel":null,"testId":null,"dataLoc":null,"href":null,"text":"","selectorHint":"input"}}}
[2026-07-24T04:07:33.313Z] {"timestamp":1784866051187,"kind":"focusout","url":"http://localhost:3000/register","viewport":{"width":1536,"height":730},"payload":{"target":{"tag":"button","id":null,"name":null,"type":null,"role":"checkbox","ariaLabel":null,"testId":null,"dataLoc":null,"href":null,"text":"","selectorHint":"button"},"value":null}}
[2026-07-24T04:07:33.313Z] {"timestamp":1784866051187,"kind":"focusin","url":"http://localhost:3000/register","viewport":{"width":1536,"height":730},"payload":{"target":{"tag":"button","id":null,"name":null,"type":null,"role":null,"ariaLabel":null,"testId":null,"dataLoc":null,"href":null,"text":"Create Account","selectorHint":"button"}}}
[2026-07-24T04:07:33.313Z] {"timestamp":1784866051410,"kind":"click","url":"http://localhost:3000/register","viewport":{"width":1536,"height":730},"payload":{"target":{"tag":"button","id":null,"name":null,"type":null,"role":null,"ariaLabel":null,"testId":null,"dataLoc":null,"href":null,"text":"Create Account","selectorHint":"button"},"x":684,"y":471}}
[2026-07-24T04:07:33.313Z] {"timestamp":1784866051414,"kind":"submit","url":"http://localhost:3000/register","viewport":{"width":1536,"height":730},"payload":{"target":{"tag":"form","id":null,"name":null,"type":null,"role":null,"ariaLabel":null,"testId":null,"dataLoc":null,"href":null,"text":"Full Name Email Address Mobile Number Password Strength: strong Confirm Password…","selectorHint":"form"}}}
[2026-07-24T04:07:33.313Z] {"timestamp":1784866053265,"kind":"navigate","url":"http://localhost:3000/login","viewport":{"width":1536,"height":730},"payload":{"reason":"pushState"}}
[2026-07-24T04:07:33.313Z] {"timestamp":1784866053279,"kind":"focusout","url":"http://localhost:3000/login","viewport":{"width":1536,"height":730},"payload":{"target":{"tag":"button","id":null,"name":null,"type":null,"role":null,"ariaLabel":null,"testId":null,"dataLoc":null,"href":null,"text":"Create Account","selectorHint":"button"},"value":null}}
[2026-07-24T04:07:33.313Z] {"timestamp":1784866053294,"kind":"scroll","url":"http://localhost:3000/login","viewport":{"width":1536,"height":730},"payload":{"scrollX":0,"scrollY":194.39999389648438,"documentHeight":924,"viewportHeight":730}}
[2026-07-24T04:07:39.806Z] {"timestamp":1784866058274,"kind":"focusin","url":"http://localhost:3000/login","viewport":{"width":1536,"height":730},"payload":{"target":{"tag":"input","id":"email","name":null,"type":"email","role":null,"ariaLabel":null,"testId":null,"dataLoc":null,"href":null,"text":"","selectorHint":"#email"}}}
[2026-07-24T04:07:39.806Z] {"timestamp":1784866058490,"kind":"click","url":"http://localhost:3000/login","viewport":{"width":1536,"height":730},"payload":{"target":{"tag":"input","id":"email","name":null,"type":"email","role":null,"ariaLabel":null,"testId":null,"dataLoc":null,"href":null,"text":"","selectorHint":"#email"},"x":688,"y":143}}
[2026-07-24T04:07:43.806Z] {"timestamp":1784866063456,"kind":"change","url":"http://localhost:3000/login","viewport":{"width":1536,"height":730},"payload":{"target":{"tag":"input","id":"email","name":null,"type":"email","role":null,"ariaLabel":null,"testId":null,"dataLoc":null,"href":null,"text":"","selectorHint":"#email"},"value":"sirisha@gmail.com"}}
[2026-07-24T04:07:45.810Z] {"timestamp":1784866064192,"kind":"focusout","url":"http://localhost:3000/login","viewport":{"width":1536,"height":730},"payload":{"target":{"tag":"input","id":"email","name":null,"type":"email","role":null,"ariaLabel":null,"testId":null,"dataLoc":null,"href":null,"text":"","selectorHint":"#email"},"value":"sirisha@gmail.com"}}
[2026-07-24T04:07:45.810Z] {"timestamp":1784866064192,"kind":"focusin","url":"http://localhost:3000/login","viewport":{"width":1536,"height":730},"payload":{"target":{"tag":"input","id":"password","name":null,"type":"password","role":null,"ariaLabel":null,"testId":null,"dataLoc":null,"href":null,"text":"","selectorHint":"#password"}}}
[2026-07-24T04:07:45.810Z] {"timestamp":1784866064413,"kind":"click","url":"http://localhost:3000/login","viewport":{"width":1536,"height":730},"payload":{"target":{"tag":"input","id":"password","name":null,"type":"password","role":null,"ariaLabel":null,"testId":null,"dataLoc":null,"href":null,"text":"","selectorHint":"#password"},"x":690,"y":225}}
[2026-07-24T04:07:49.821Z] {"timestamp":1784866069441,"kind":"change","url":"http://localhost:3000/login","viewport":{"width":1536,"height":730},"payload":{"target":{"tag":"input","id":"password","name":null,"type":"password","role":null,"ariaLabel":null,"testId":null,"dataLoc":null,"href":null,"text":"","selectorHint":"#password"},"value":{"masked":true,"length":11}}}
[2026-07-24T04:07:49.821Z] {"timestamp":1784866069442,"kind":"focusout","url":"http://localhost:3000/login","viewport":{"width":1536,"height":730},"payload":{"target":{"tag":"input","id":"password","name":null,"type":"password","role":null,"ariaLabel":null,"testId":null,"dataLoc":null,"href":null,"text":"","selectorHint":"#password"},"value":{"masked":true,"length":11}}}
[2026-07-24T04:07:49.821Z] {"timestamp":1784866069442,"kind":"focusin","url":"http://localhost:3000/login","viewport":{"width":1536,"height":730},"payload":{"target":{"tag":"button","id":null,"name":null,"type":null,"role":null,"ariaLabel":null,"testId":null,"dataLoc":null,"href":null,"text":"","selectorHint":"button"}}}
[2026-07-24T04:07:49.821Z] {"timestamp":1784866069669,"kind":"click","url":"http://localhost:3000/login","viewport":{"width":1536,"height":730},"payload":{"target":{"tag":"svg","id":null,"name":null,"type":null,"role":null,"ariaLabel":null,"testId":null,"dataLoc":null,"href":null,"text":"","selectorHint":"svg"},"x":908,"y":225}}
[2026-07-24T04:07:51.962Z] {"timestamp":1784866071221,"kind":"focusout","url":"http://localhost:3000/login","viewport":{"width":1536,"height":730},"payload":{"target":{"tag":"button","id":null,"name":null,"type":null,"role":null,"ariaLabel":null,"testId":null,"dataLoc":null,"href":null,"text":"","selectorHint":"button"},"value":null}}
[2026-07-24T04:07:51.962Z] {"timestamp":1784866071222,"kind":"focusin","url":"http://localhost:3000/login","viewport":{"width":1536,"height":730},"payload":{"target":{"tag":"button","id":null,"name":null,"type":null,"role":null,"ariaLabel":null,"testId":null,"dataLoc":null,"href":null,"text":"Sign In","selectorHint":"button"}}}
[2026-07-24T04:07:51.962Z] {"timestamp":1784866071436,"kind":"click","url":"http://localhost:3000/login","viewport":{"width":1536,"height":730},"payload":{"target":{"tag":"button","id":null,"name":null,"type":null,"role":null,"ariaLabel":null,"testId":null,"dataLoc":null,"href":null,"text":"Sign In","selectorHint":"button"},"x":731,"y":299}}
[2026-07-24T04:07:51.962Z] {"timestamp":1784866071438,"kind":"submit","url":"http://localhost:3000/login","viewport":{"width":1536,"height":730},"payload":{"target":{"tag":"form","id":null,"name":null,"type":null,"role":null,"ariaLabel":null,"testId":null,"dataLoc":null,"href":null,"text":"Email Address Password Remember me Forgot password? Sign In","selectorHint":"form"}}}
[2026-07-24T04:07:51.962Z] {"timestamp":1784866071443,"kind":"navigate","url":"http://localhost:3000/user/dashboard","viewport":{"width":1536,"height":730},"payload":{"reason":"pushState"}}
[2026-07-24T04:07:51.962Z] {"timestamp":1784866071474,"kind":"focusout","url":"http://localhost:3000/user/dashboard","viewport":{"width":1536,"height":730},"payload":{"target":{"tag":"button","id":null,"name":null,"type":null,"role":null,"ariaLabel":null,"testId":null,"dataLoc":null,"href":null,"text":"Sign In","selectorHint":"button"},"value":null}}
[2026-07-24T04:07:57.811Z] {"timestamp":1784866077043,"kind":"scroll","url":"http://localhost:3000/user/dashboard","viewport":{"width":1536,"height":730},"payload":{"scrollX":0,"scrollY":188.8000030517578,"documentHeight":1219,"viewportHeight":730}}
[2026-07-24T04:07:57.811Z] {"timestamp":1784866077786,"kind":"scroll","url":"http://localhost:3000/user/dashboard","viewport":{"width":1536,"height":730},"payload":{"scrollX":0,"scrollY":46.400001525878906,"documentHeight":1219,"viewportHeight":730}}
[2026-07-24T04:07:59.804Z] {"timestamp":1784866078823,"kind":"scroll","url":"http://localhost:3000/user/dashboard","viewport":{"width":1536,"height":730},"payload":{"scrollX":0,"scrollY":474.3999938964844,"documentHeight":1219,"viewportHeight":730}}
[2026-07-24T04:07:59.804Z] {"timestamp":1784866079323,"kind":"scroll","url":"http://localhost:3000/user/dashboard","viewport":{"width":1536,"height":730},"payload":{"scrollX":0,"scrollY":84,"documentHeight":1219,"viewportHeight":730}}
[2026-07-24T04:08:01.810Z] {"timestamp":1784866081778,"kind":"scroll","url":"http://localhost:3000/user/dashboard","viewport":{"width":1536,"height":730},"payload":{"scrollX":0,"scrollY":15.199999809265137,"documentHeight":1219,"viewportHeight":730}}
[2026-07-24T04:08:03.804Z] {"timestamp":1784866083603,"kind":"focusin","url":"http://localhost:3000/user/dashboard","viewport":{"width":1536,"height":730},"payload":{"target":{"tag":"button","id":null,"name":null,"type":null,"role":null,"ariaLabel":null,"testId":null,"dataLoc":null,"href":null,"text":"Browse Jobs","selectorHint":"button"}}}
[2026-07-24T04:08:05.804Z] {"timestamp":1784866083827,"kind":"click","url":"http://localhost:3000/user/dashboard","viewport":{"width":1536,"height":730},"payload":{"target":{"tag":"button","id":null,"name":null,"type":null,"role":null,"ariaLabel":null,"testId":null,"dataLoc":null,"href":null,"text":"Browse Jobs","selectorHint":"button"},"x":1372,"y":38}}
[2026-07-24T04:08:05.804Z] {"timestamp":1784866083828,"kind":"navigate","url":"http://localhost:3000/user/browse-jobs","viewport":{"width":1536,"height":730},"payload":{"reason":"pushState"}}
[2026-07-24T04:08:05.804Z] {"timestamp":1784866083866,"kind":"focusout","url":"http://localhost:3000/user/browse-jobs","viewport":{"width":1536,"height":730},"payload":{"target":{"tag":"button","id":null,"name":null,"type":null,"role":null,"ariaLabel":null,"testId":null,"dataLoc":null,"href":null,"text":"Browse Jobs","selectorHint":"button"},"value":null}}
[2026-07-24T04:08:05.804Z] {"timestamp":1784866083888,"kind":"scroll","url":"http://localhost:3000/user/browse-jobs","viewport":{"width":1536,"height":730},"payload":{"scrollX":0,"scrollY":86.4000015258789,"documentHeight":816,"viewportHeight":730}}
[2026-07-24T04:08:05.804Z] {"timestamp":1784866084873,"kind":"scroll","url":"http://localhost:3000/user/browse-jobs","viewport":{"width":1536,"height":730},"payload":{"scrollX":0,"scrollY":35.20000076293945,"documentHeight":816,"viewportHeight":730}}
[2026-07-24T04:08:09.914Z] {"timestamp":1784866089342,"kind":"focusin","url":"http://localhost:3000/user/browse-jobs","viewport":{"width":1536,"height":730},"payload":{"target":{"tag":"button","id":null,"name":null,"type":null,"role":null,"ariaLabel":null,"testId":null,"dataLoc":null,"href":null,"text":"Back to Dashboard","selectorHint":"button"}}}
[2026-07-24T04:08:09.914Z] {"timestamp":1784866089566,"kind":"click","url":"http://localhost:3000/user/browse-jobs","viewport":{"width":1536,"height":730},"payload":{"target":{"tag":"svg","id":null,"name":null,"type":null,"role":null,"ariaLabel":null,"testId":null,"dataLoc":null,"href":null,"text":"","selectorHint":"svg"},"x":37,"y":24}}
[2026-07-24T04:08:09.914Z] {"timestamp":1784866089569,"kind":"navigate","url":"http://localhost:3000/user/dashboard","viewport":{"width":1536,"height":730},"payload":{"reason":"pushState"}}
[2026-07-24T04:08:09.914Z] {"timestamp":1784866089574,"kind":"focusout","url":"http://localhost:3000/user/dashboard","viewport":{"width":1536,"height":730},"payload":{"target":{"tag":"button","id":null,"name":null,"type":null,"role":null,"ariaLabel":null,"testId":null,"dataLoc":null,"href":null,"text":"Back to Dashboard","selectorHint":"button"},"value":null}}
[2026-07-24T04:08:11.804Z] {"timestamp":1784866090626,"kind":"scroll","url":"http://localhost:3000/user/dashboard","viewport":{"width":1536,"height":730},"payload":{"scrollX":0,"scrollY":134.39999389648438,"documentHeight":1219,"viewportHeight":730}}
[2026-07-24T04:08:11.804Z] {"timestamp":1784866091406,"kind":"scroll","url":"http://localhost:3000/user/dashboard","viewport":{"width":1536,"height":730},"payload":{"scrollX":0,"scrollY":457.6000061035156,"documentHeight":1219,"viewportHeight":730}}
[2026-07-24T04:08:13.809Z] {"timestamp":1784866092071,"kind":"scroll","url":"http://localhost:3000/user/dashboard","viewport":{"width":1536,"height":730},"payload":{"scrollX":0,"scrollY":79.19999694824219,"documentHeight":1219,"viewportHeight":730}}
[2026-07-24T04:08:15.809Z] {"timestamp":1784866094306,"kind":"navigate","url":"http://localhost:3000/user/browse-jobs","viewport":{"width":1536,"height":730},"payload":{"reason":"popstate"}}
[2026-07-24T04:08:15.809Z] {"timestamp":1784866094346,"kind":"scroll","url":"http://localhost:3000/user/browse-jobs","viewport":{"width":1536,"height":730},"payload":{"scrollX":0,"scrollY":86.4000015258789,"documentHeight":816,"viewportHeight":730}}
[2026-07-24T04:08:17.805Z] {"timestamp":1784866096140,"kind":"focusin","url":"http://localhost:3000/user/browse-jobs","viewport":{"width":1536,"height":730},"payload":{"target":{"tag":"button","id":null,"name":null,"type":null,"role":null,"ariaLabel":null,"testId":null,"dataLoc":null,"href":null,"text":"Back to Dashboard","selectorHint":"button"}}}
[2026-07-24T04:08:17.805Z] {"timestamp":1784866096359,"kind":"click","url":"http://localhost:3000/user/browse-jobs","viewport":{"width":1536,"height":730},"payload":{"target":{"tag":"svg","id":null,"name":null,"type":null,"role":null,"ariaLabel":null,"testId":null,"dataLoc":null,"href":null,"text":"","selectorHint":"svg"},"x":44,"y":25}}
[2026-07-24T04:08:17.805Z] {"timestamp":1784866096360,"kind":"navigate","url":"http://localhost:3000/user/dashboard","viewport":{"width":1536,"height":730},"payload":{"reason":"pushState"}}
[2026-07-24T04:08:17.805Z] {"timestamp":1784866096366,"kind":"focusout","url":"http://localhost:3000/user/dashboard","viewport":{"width":1536,"height":730},"payload":{"target":{"tag":"button","id":null,"name":null,"type":null,"role":null,"ariaLabel":null,"testId":null,"dataLoc":null,"href":null,"text":"Back to Dashboard","selectorHint":"button"},"value":null}}
[2026-07-24T04:08:17.805Z] {"timestamp":1784866097731,"kind":"navigate","url":"http://localhost:3000/user/browse-jobs","viewport":{"width":1536,"height":730},"payload":{"reason":"popstate"}}
[2026-07-24T04:08:19.927Z] {"timestamp":1784866098597,"kind":"navigate","url":"http://localhost:3000/user/dashboard","viewport":{"width":1536,"height":730},"payload":{"reason":"popstate"}}
[2026-07-24T04:08:19.927Z] {"timestamp":1784866098674,"kind":"scroll","url":"http://localhost:3000/user/dashboard","viewport":{"width":1536,"height":730},"payload":{"scrollX":0,"scrollY":2.4000000953674316,"documentHeight":1219,"viewportHeight":730}}
[2026-07-24T04:08:19.927Z] {"timestamp":1784866099514,"kind":"navigate","url":"http://localhost:3000/login","viewport":{"width":1536,"height":730},"payload":{"reason":"popstate"}}
[2026-07-24T04:08:19.927Z] {"timestamp":1784866099539,"kind":"scroll","url":"http://localhost:3000/login","viewport":{"width":1536,"height":730},"payload":{"scrollX":0,"scrollY":194.39999389648438,"documentHeight":924,"viewportHeight":730}}
[2026-07-24T04:08:21.804Z] {"timestamp":1784866100904,"kind":"focusin","url":"http://localhost:3000/login","viewport":{"width":1536,"height":730},"payload":{"target":{"tag":"input","id":"email","name":null,"type":"email","role":null,"ariaLabel":null,"testId":null,"dataLoc":null,"href":null,"text":"","selectorHint":"#email"}}}
[2026-07-24T04:08:21.804Z] {"timestamp":1784866101127,"kind":"click","url":"http://localhost:3000/login","viewport":{"width":1536,"height":730},"payload":{"target":{"tag":"input","id":"email","name":null,"type":"email","role":null,"ariaLabel":null,"testId":null,"dataLoc":null,"href":null,"text":"","selectorHint":"#email"},"x":751,"y":141}}
[2026-07-24T04:08:27.802Z] {"timestamp":1784866106055,"kind":"change","url":"http://localhost:3000/login","viewport":{"width":1536,"height":730},"payload":{"target":{"tag":"input","id":"email","name":null,"type":"email","role":null,"ariaLabel":null,"testId":null,"dataLoc":null,"href":null,"text":"","selectorHint":"#email"},"value":"recruiter@jobportal.com"}}
[2026-07-24T04:08:27.802Z] {"timestamp":1784866106756,"kind":"focusout","url":"http://localhost:3000/login","viewport":{"width":1536,"height":730},"payload":{"target":{"tag":"input","id":"email","name":null,"type":"email","role":null,"ariaLabel":null,"testId":null,"dataLoc":null,"href":null,"text":"","selectorHint":"#email"},"value":"recruiter@jobportal.com"}}
[2026-07-24T04:08:27.802Z] {"timestamp":1784866106756,"kind":"focusin","url":"http://localhost:3000/login","viewport":{"width":1536,"height":730},"payload":{"target":{"tag":"input","id":"password","name":null,"type":"password","role":null,"ariaLabel":null,"testId":null,"dataLoc":null,"href":null,"text":"","selectorHint":"#password"}}}
[2026-07-24T04:08:27.802Z] {"timestamp":1784866106981,"kind":"click","url":"http://localhost:3000/login","viewport":{"width":1536,"height":730},"payload":{"target":{"tag":"input","id":"password","name":null,"type":"password","role":null,"ariaLabel":null,"testId":null,"dataLoc":null,"href":null,"text":"","selectorHint":"#password"},"x":709,"y":229}}
[2026-07-24T04:08:33.807Z] {"timestamp":1784866111856,"kind":"change","url":"http://localhost:3000/login","viewport":{"width":1536,"height":730},"payload":{"target":{"tag":"input","id":"password","name":null,"type":"password","role":null,"ariaLabel":null,"testId":null,"dataLoc":null,"href":null,"text":"","selectorHint":"#password"},"value":{"masked":true,"length":12}}}
[2026-07-24T04:08:33.807Z] {"timestamp":1784866111856,"kind":"focusout","url":"http://localhost:3000/login","viewport":{"width":1536,"height":730},"payload":{"target":{"tag":"input","id":"password","name":null,"type":"password","role":null,"ariaLabel":null,"testId":null,"dataLoc":null,"href":null,"text":"","selectorHint":"#password"},"value":{"masked":true,"length":12}}}
[2026-07-24T04:08:33.807Z] {"timestamp":1784866111857,"kind":"focusin","url":"http://localhost:3000/login","viewport":{"width":1536,"height":730},"payload":{"target":{"tag":"button","id":null,"name":null,"type":null,"role":null,"ariaLabel":null,"testId":null,"dataLoc":null,"href":null,"text":"Sign In","selectorHint":"button"}}}
[2026-07-24T04:08:33.807Z] {"timestamp":1784866112082,"kind":"click","url":"http://localhost:3000/login","viewport":{"width":1536,"height":730},"payload":{"target":{"tag":"button","id":null,"name":null,"type":null,"role":null,"ariaLabel":null,"testId":null,"dataLoc":null,"href":null,"text":"Sign In","selectorHint":"button"},"x":684,"y":304}}
[2026-07-24T04:08:33.807Z] {"timestamp":1784866112082,"kind":"submit","url":"http://localhost:3000/login","viewport":{"width":1536,"height":730},"payload":{"target":{"tag":"form","id":null,"name":null,"type":null,"role":null,"ariaLabel":null,"testId":null,"dataLoc":null,"href":null,"text":"Email Address Password Remember me Forgot password? Sign In","selectorHint":"form"}}}
[2026-07-24T04:08:33.807Z] {"timestamp":1784866112087,"kind":"navigate","url":"http://localhost:3000/recruiter/dashboard","viewport":{"width":1536,"height":730},"payload":{"reason":"pushState"}}
[2026-07-24T04:08:33.807Z] {"timestamp":1784866112114,"kind":"focusout","url":"http://localhost:3000/recruiter/dashboard","viewport":{"width":1536,"height":730},"payload":{"target":{"tag":"button","id":null,"name":null,"type":null,"role":null,"ariaLabel":null,"testId":null,"dataLoc":null,"href":null,"text":"Sign In","selectorHint":"button"},"value":null}}
[2026-07-24T04:08:37.806Z] {"timestamp":1784866116176,"kind":"scroll","url":"http://localhost:3000/recruiter/dashboard","viewport":{"width":1536,"height":730},"payload":{"scrollX":0,"scrollY":180.8000030517578,"documentHeight":1503,"viewportHeight":730}}
[2026-07-24T04:08:37.806Z] {"timestamp":1784866117425,"kind":"scroll","url":"http://localhost:3000/recruiter/dashboard","viewport":{"width":1536,"height":730},"payload":{"scrollX":0,"scrollY":34.400001525878906,"documentHeight":1503,"viewportHeight":730}}
[2026-07-24T04:08:41.846Z] {"timestamp":1784866121385,"kind":"focusin","url":"http://localhost:3000/recruiter/dashboard","viewport":{"width":1536,"height":730},"payload":{"target":{"tag":"button","id":null,"name":null,"type":null,"role":null,"ariaLabel":null,"testId":null,"dataLoc":null,"href":null,"text":"Post New Job","selectorHint":"button"}}}
[2026-07-24T04:08:41.846Z] {"timestamp":1784866121607,"kind":"click","url":"http://localhost:3000/recruiter/dashboard","viewport":{"width":1536,"height":730},"payload":{"target":{"tag":"button","id":null,"name":null,"type":null,"role":null,"ariaLabel":null,"testId":null,"dataLoc":null,"href":null,"text":"Post New Job","selectorHint":"button"},"x":464,"y":648}}
[2026-07-24T04:08:41.846Z] {"timestamp":1784866121607,"kind":"navigate","url":"http://localhost:3000/recruiter/post-job","viewport":{"width":1536,"height":730},"payload":{"reason":"pushState"}}
[2026-07-24T04:08:41.846Z] {"timestamp":1784866121653,"kind":"focusout","url":"http://localhost:3000/recruiter/post-job","viewport":{"width":1536,"height":730},"payload":{"target":{"tag":"button","id":null,"name":null,"type":null,"role":null,"ariaLabel":null,"testId":null,"dataLoc":null,"href":null,"text":"Post New Job","selectorHint":"button"},"value":null}}
[2026-07-24T04:08:43.803Z] {"timestamp":1784866122626,"kind":"scroll","url":"http://localhost:3000/recruiter/post-job","viewport":{"width":1536,"height":730},"payload":{"scrollX":0,"scrollY":786.4000244140625,"documentHeight":2372,"viewportHeight":730}}
[2026-07-24T04:08:43.803Z] {"timestamp":1784866123140,"kind":"scroll","url":"http://localhost:3000/recruiter/post-job","viewport":{"width":1536,"height":730},"payload":{"scrollX":0,"scrollY":372,"documentHeight":2372,"viewportHeight":730}}
[2026-07-24T04:08:49.806Z] {"timestamp":1784866128677,"kind":"click","url":"http://localhost:3000/recruiter/post-job","viewport":{"width":1536,"height":730},"payload":{"target":{"tag":"div","id":null,"name":null,"type":null,"role":null,"ariaLabel":null,"testId":null,"dataLoc":null,"href":null,"text":"Job Title Company Location Salary Experience Employment Type Category Applicatio…","selectorHint":"div"},"x":716,"y":467}}
[2026-07-24T04:08:59.812Z] {"timestamp":1784866138704,"kind":"scroll","url":"http://localhost:3000/recruiter/post-job","viewport":{"width":400,"height":846},"payload":{"scrollX":0,"scrollY":2.4000000953674316,"documentHeight":3162,"viewportHeight":846}}
[2026-07-24T04:08:59.812Z] {"timestamp":1784866139252,"kind":"scroll","url":"http://localhost:3000/recruiter/post-job","viewport":{"width":400,"height":846},"payload":{"scrollX":0,"scrollY":208,"documentHeight":3162,"viewportHeight":846}}
[2026-07-24T04:08:59.812Z] {"timestamp":1784866139759,"kind":"scroll","url":"http://localhost:3000/recruiter/post-job","viewport":{"width":400,"height":846},"payload":{"scrollX":0,"scrollY":727.2000122070312,"documentHeight":3162,"viewportHeight":846}}
[2026-07-24T04:09:01.807Z] {"timestamp":1784866140687,"kind":"scroll","url":"http://localhost:3000/recruiter/post-job","viewport":{"width":400,"height":846},"payload":{"scrollX":0,"scrollY":695.2000122070312,"documentHeight":3162,"viewportHeight":846}}
[2026-07-24T04:09:01.807Z] {"timestamp":1784866141745,"kind":"scroll","url":"http://localhost:3000/recruiter/post-job","viewport":{"width":400,"height":846},"payload":{"scrollX":0,"scrollY":22.399999618530273,"documentHeight":3162,"viewportHeight":846}}
[2026-07-24T04:09:03.807Z] {"timestamp":1784866142252,"kind":"scroll","url":"http://localhost:3000/recruiter/post-job","viewport":{"width":400,"height":846},"payload":{"scrollX":0,"scrollY":1502.4000244140625,"documentHeight":3162,"viewportHeight":846}}
[2026-07-24T04:09:06.173Z] {"timestamp":1784866144365,"kind":"focusin","url":"http://localhost:3000/recruiter/post-job","viewport":{"width":400,"height":846},"payload":{"target":{"tag":"button","id":null,"name":null,"type":null,"role":null,"ariaLabel":null,"testId":null,"dataLoc":null,"href":null,"text":"","selectorHint":"button"}}}
[2026-07-24T04:09:06.173Z] {"timestamp":1784866144366,"kind":"click","url":"http://localhost:3000/recruiter/post-job","viewport":{"width":400,"height":846},"payload":{"target":{"tag":"button","id":null,"name":null,"type":null,"role":null,"ariaLabel":null,"testId":null,"dataLoc":null,"href":null,"text":"","selectorHint":"button"},"x":32,"y":39}}
[2026-07-24T04:09:06.173Z] {"timestamp":1784866144369,"kind":"navigate","url":"http://localhost:3000/recruiter/dashboard","viewport":{"width":400,"height":846},"payload":{"reason":"pushState"}}
[2026-07-24T04:09:06.173Z] {"timestamp":1784866144394,"kind":"focusout","url":"http://localhost:3000/recruiter/dashboard","viewport":{"width":400,"height":846},"payload":{"target":{"tag":"button","id":null,"name":null,"type":null,"role":null,"ariaLabel":null,"testId":null,"dataLoc":null,"href":null,"text":"","selectorHint":"button"},"value":null}}
[2026-07-24T04:09:06.173Z] {"timestamp":1784866144404,"kind":"scroll","url":"http://localhost:3000/recruiter/dashboard","viewport":{"width":400,"height":846},"payload":{"scrollX":0,"scrollY":1857.5999755859375,"documentHeight":2703,"viewportHeight":846}}
[2026-07-24T04:09:06.173Z] {"timestamp":1784866145337,"kind":"scroll","url":"http://localhost:3000/recruiter/dashboard","viewport":{"width":400,"height":846},"payload":{"scrollX":0,"scrollY":1948.800048828125,"documentHeight":3015,"viewportHeight":846}}
[2026-07-24T04:09:07.810Z] {"timestamp":1784866145953,"kind":"scroll","url":"http://localhost:3000/recruiter/dashboard","viewport":{"width":400,"height":846},"payload":{"scrollX":0,"scrollY":374.3999938964844,"documentHeight":3015,"viewportHeight":846}}
[2026-07-24T04:09:07.810Z] {"timestamp":1784866146636,"kind":"scroll","url":"http://localhost:3000/recruiter/dashboard","viewport":{"width":400,"height":846},"payload":{"scrollX":0,"scrollY":138.39999389648438,"documentHeight":3015,"viewportHeight":846}}
[2026-07-24T04:09:07.810Z] {"timestamp":1784866147503,"kind":"scroll","url":"http://localhost:3000/recruiter/dashboard","viewport":{"width":400,"height":846},"payload":{"scrollX":0,"scrollY":1992.800048828125,"documentHeight":3015,"viewportHeight":846}}
[2026-07-24T04:09:09.816Z] {"timestamp":1784866148005,"kind":"scroll","url":"http://localhost:3000/recruiter/dashboard","viewport":{"width":400,"height":846},"payload":{"scrollX":0,"scrollY":40.79999923706055,"documentHeight":3015,"viewportHeight":846}}
[2026-07-24T04:12:47.942Z] {"timestamp":1784866367230,"kind":"scroll","url":"http://localhost:3000/recruiter/dashboard","viewport":{"width":400,"height":846},"payload":{"scrollX":0,"scrollY":12,"documentHeight":3015,"viewportHeight":846}}
[2026-07-24T04:12:47.946Z] {"timestamp":1784866367738,"kind":"scroll","url":"http://localhost:3000/recruiter/dashboard","viewport":{"width":400,"height":846},"payload":{"scrollX":0,"scrollY":776,"documentHeight":3015,"viewportHeight":846}}
[2026-07-24T04:12:49.808Z] {"timestamp":1784866368242,"kind":"scroll","url":"http://localhost:3000/recruiter/dashboard","viewport":{"width":400,"height":846},"payload":{"scrollX":0,"scrollY":1388.800048828125,"documentHeight":3015,"viewportHeight":846}}
[2026-07-24T04:12:49.808Z] {"timestamp":1784866369106,"kind":"scroll","url":"http://localhost:3000/recruiter/dashboard","viewport":{"width":400,"height":846},"payload":{"scrollX":0,"scrollY":2058.39990234375,"documentHeight":3015,"viewportHeight":846}}
[2026-07-24T04:59:13.381Z] {"timestamp":1784869150610,"kind":"scroll","url":"http://localhost:3000/recruiter/dashboard","viewport":{"width":400,"height":846},"payload":{"scrollX":0,"scrollY":7.199999809265137,"documentHeight":3015,"viewportHeight":846}}
[2026-07-24T04:59:13.384Z] {"timestamp":1784869151179,"kind":"scroll","url":"http://localhost:3000/recruiter/dashboard","viewport":{"width":400,"height":846},"payload":{"scrollX":0,"scrollY":200,"documentHeight":3015,"viewportHeight":846}}
[2026-07-24T04:59:13.384Z] {"timestamp":1784869151689,"kind":"scroll","url":"http://localhost:3000/recruiter/dashboard","viewport":{"width":400,"height":846},"payload":{"scrollX":0,"scrollY":830.4000244140625,"documentHeight":3015,"viewportHeight":846}}
[2026-07-24T04:59:13.805Z] {"timestamp":1784869152208,"kind":"scroll","url":"http://localhost:3000/recruiter/dashboard","viewport":{"width":400,"height":846},"payload":{"scrollX":0,"scrollY":1415.199951171875,"documentHeight":3015,"viewportHeight":846}}
[2026-07-24T04:59:13.805Z] {"timestamp":1784869152719,"kind":"scroll","url":"http://localhost:3000/recruiter/dashboard","viewport":{"width":400,"height":846},"payload":{"scrollX":0,"scrollY":1688.800048828125,"documentHeight":3015,"viewportHeight":846}}
[2026-07-24T04:59:13.805Z] {"timestamp":1784869153219,"kind":"scroll","url":"http://localhost:3000/recruiter/dashboard","viewport":{"width":400,"height":846},"payload":{"scrollX":0,"scrollY":2096,"documentHeight":3015,"viewportHeight":846}}
[2026-07-24T04:59:16.440Z] {"timestamp":1784869155253,"kind":"focusin","url":"http://localhost:3000/recruiter/dashboard","viewport":{"width":400,"height":846},"payload":{"target":{"tag":"button","id":null,"name":null,"type":null,"role":null,"ariaLabel":null,"testId":null,"dataLoc":null,"href":null,"text":"Post New Job","selectorHint":"button"}}}
[2026-07-24T04:59:16.440Z] {"timestamp":1784869155254,"kind":"click","url":"http://localhost:3000/recruiter/dashboard","viewport":{"width":400,"height":846},"payload":{"target":{"tag":"button","id":null,"name":null,"type":null,"role":null,"ariaLabel":null,"testId":null,"dataLoc":null,"href":null,"text":"Post New Job","selectorHint":"button"},"x":177,"y":642}}
[2026-07-24T04:59:16.440Z] {"timestamp":1784869155265,"kind":"navigate","url":"http://localhost:3000/recruiter/post-job","viewport":{"width":400,"height":846},"payload":{"reason":"pushState"}}
[2026-07-24T04:59:16.440Z] {"timestamp":1784869155352,"kind":"focusout","url":"http://localhost:3000/recruiter/post-job","viewport":{"width":400,"height":846},"payload":{"target":{"tag":"button","id":null,"name":null,"type":null,"role":null,"ariaLabel":null,"testId":null,"dataLoc":null,"href":null,"text":"Post New Job","selectorHint":"button"},"value":null}}
[2026-07-24T04:59:19.181Z] {"timestamp":1784869156560,"kind":"scroll","url":"http://localhost:3000/recruiter/post-job","viewport":{"width":400,"height":846},"payload":{"scrollX":0,"scrollY":2190.39990234375,"documentHeight":3162,"viewportHeight":846}}
[2026-07-24T04:59:19.181Z] {"timestamp":1784869157152,"kind":"scroll","url":"http://localhost:3000/recruiter/post-job","viewport":{"width":400,"height":846},"payload":{"scrollX":0,"scrollY":1568,"documentHeight":3162,"viewportHeight":846}}
[2026-07-24T04:59:19.181Z] {"timestamp":1784869157652,"kind":"scroll","url":"http://localhost:3000/recruiter/post-job","viewport":{"width":400,"height":846},"payload":{"scrollX":0,"scrollY":938.4000244140625,"documentHeight":3162,"viewportHeight":846}}
[2026-07-24T04:59:20.753Z] {"timestamp":1784869158155,"kind":"scroll","url":"http://localhost:3000/recruiter/post-job","viewport":{"width":400,"height":846},"payload":{"scrollX":0,"scrollY":284,"documentHeight":3162,"viewportHeight":846}}
[2026-07-24T04:59:21.813Z] {"timestamp":1784869160152,"kind":"focusin","url":"http://localhost:3000/recruiter/post-job","viewport":{"width":400,"height":846},"payload":{"target":{"tag":"input","id":null,"name":"title","type":"text","role":null,"ariaLabel":null,"testId":null,"dataLoc":null,"href":null,"text":"","selectorHint":"input"}}}
[2026-07-24T04:59:21.813Z] {"timestamp":1784869160160,"kind":"click","url":"http://localhost:3000/recruiter/post-job","viewport":{"width":400,"height":846},"payload":{"target":{"tag":"input","id":null,"name":"title","type":"text","role":null,"ariaLabel":null,"testId":null,"dataLoc":null,"href":null,"text":"","selectorHint":"input"},"x":164,"y":274}}
[2026-07-24T04:59:27.817Z] {"timestamp":1784869167421,"kind":"focusout","url":"http://localhost:3000/recruiter/post-job","viewport":{"width":400,"height":846},"payload":{"target":{"tag":"input","id":null,"name":"title","type":"text","role":null,"ariaLabel":null,"testId":null,"dataLoc":null,"href":null,"text":"","selectorHint":"input"},"value":""}}
[2026-07-24T04:59:41.804Z] {"timestamp":1784869181176,"kind":"focusin","url":"http://localhost:3000/recruiter/post-job","viewport":{"width":360,"height":740},"payload":{"target":{"tag":"input","id":null,"name":"title","type":"text","role":null,"ariaLabel":null,"testId":null,"dataLoc":null,"href":null,"text":"","selectorHint":"input"}}}
[2026-07-24T04:59:41.804Z] {"timestamp":1784869181380,"kind":"click","url":"http://localhost:3000/recruiter/post-job","viewport":{"width":360,"height":740},"payload":{"target":{"tag":"input","id":null,"name":"title","type":"text","role":null,"ariaLabel":null,"testId":null,"dataLoc":null,"href":null,"text":"","selectorHint":"input"},"x":112,"y":297}}
[2026-07-24T04:59:45.808Z] {"timestamp":1784869185061,"kind":"scroll","url":"http://localhost:3000/recruiter/post-job","viewport":{"width":360,"height":740},"payload":{"scrollX":0,"scrollY":10.399999618530273,"documentHeight":3226,"viewportHeight":740}}
[2026-07-24T04:59:47.834Z] {"timestamp":1784869186132,"kind":"scroll","url":"http://localhost:3000/recruiter/post-job","viewport":{"width":360,"height":740},"payload":{"scrollX":0,"scrollY":136,"documentHeight":3226,"viewportHeight":740}}
[2026-07-24T04:59:47.834Z] {"timestamp":1784869186739,"kind":"scroll","url":"http://localhost:3000/recruiter/post-job","viewport":{"width":360,"height":740},"payload":{"scrollX":0,"scrollY":334.3999938964844,"documentHeight":3226,"viewportHeight":740}}
[2026-07-24T04:59:54.459Z] {"timestamp":1784869193641,"kind":"focusout","url":"http://localhost:3000/recruiter/post-job","viewport":{"width":360,"height":740},"payload":{"target":{"tag":"input","id":null,"name":"title","type":"text","role":null,"ariaLabel":null,"testId":null,"dataLoc":null,"href":null,"text":"","selectorHint":"input"},"value":""}}
[2026-07-24T05:00:01.817Z] {"timestamp":1784869199850,"kind":"focusin","url":"http://localhost:3000/recruiter/post-job","viewport":{"width":360,"height":740},"payload":{"target":{"tag":"input","id":null,"name":"title","type":"text","role":null,"ariaLabel":null,"testId":null,"dataLoc":null,"href":null,"text":"","selectorHint":"input"}}}
[2026-07-24T05:00:03.808Z] {"timestamp":1784869202290,"kind":"focusout","url":"http://localhost:3000/recruiter/post-job","viewport":{"width":360,"height":740},"payload":{"target":{"tag":"input","id":null,"name":"title","type":"text","role":null,"ariaLabel":null,"testId":null,"dataLoc":null,"href":null,"text":"","selectorHint":"input"},"value":""}}
[2026-07-24T05:00:03.808Z] {"timestamp":1784869202635,"kind":"focusin","url":"http://localhost:3000/recruiter/post-job","viewport":{"width":306,"height":630},"payload":{"target":{"tag":"input","id":null,"name":"title","type":"text","role":null,"ariaLabel":null,"testId":null,"dataLoc":null,"href":null,"text":"","selectorHint":"input"}}}
[2026-07-24T05:00:05.809Z] {"timestamp":1784869204243,"kind":"scroll","url":"http://localhost:3000/recruiter/post-job","viewport":{"width":1536,"height":730},"payload":{"scrollX":0,"scrollY":330.3999938964844,"documentHeight":2372,"viewportHeight":730}}
[2026-07-24T05:00:11.813Z] {"timestamp":1784869210208,"kind":"focusout","url":"http://localhost:3000/recruiter/post-job","viewport":{"width":1536,"height":730},"payload":{"target":{"tag":"input","id":null,"name":"title","type":"text","role":null,"ariaLabel":null,"testId":null,"dataLoc":null,"href":null,"text":"","selectorHint":"input"},"value":""}}
[2026-07-24T05:00:11.813Z] {"timestamp":1784869210209,"kind":"focusin","url":"http://localhost:3000/recruiter/post-job","viewport":{"width":1536,"height":730},"payload":{"target":{"tag":"button","id":null,"name":null,"type":null,"role":null,"ariaLabel":null,"testId":null,"dataLoc":null,"href":null,"text":"","selectorHint":"button"}}}
[2026-07-24T05:00:11.813Z] {"timestamp":1784869210412,"kind":"click","url":"http://localhost:3000/recruiter/post-job","viewport":{"width":1536,"height":730},"payload":{"target":{"tag":"button","id":null,"name":null,"type":null,"role":null,"ariaLabel":null,"testId":null,"dataLoc":null,"href":null,"text":"","selectorHint":"button"},"x":46,"y":43}}
[2026-07-24T05:00:11.813Z] {"timestamp":1784869210413,"kind":"navigate","url":"http://localhost:3000/recruiter/dashboard","viewport":{"width":1536,"height":730},"payload":{"reason":"pushState"}}
[2026-07-24T05:00:11.813Z] {"timestamp":1784869210427,"kind":"focusout","url":"http://localhost:3000/recruiter/dashboard","viewport":{"width":1536,"height":730},"payload":{"target":{"tag":"button","id":null,"name":null,"type":null,"role":null,"ariaLabel":null,"testId":null,"dataLoc":null,"href":null,"text":"","selectorHint":"button"},"value":null}}
[2026-07-24T07:13:28.429Z] {"timestamp":1784877208384,"kind":"focusin","url":"http://localhost:3000/","viewport":{"width":1536,"height":730},"payload":{"target":{"tag":"button","id":null,"name":null,"type":null,"role":null,"ariaLabel":null,"testId":null,"dataLoc":null,"href":null,"text":"Login","selectorHint":"button"}}}
[2026-07-24T07:13:30.446Z] {"timestamp":1784877208590,"kind":"click","url":"http://localhost:3000/","viewport":{"width":1536,"height":730},"payload":{"target":{"tag":"button","id":null,"name":null,"type":null,"role":null,"ariaLabel":null,"testId":null,"dataLoc":null,"href":null,"text":"Login","selectorHint":"button"},"x":1352,"y":24}}
[2026-07-24T07:13:30.446Z] {"timestamp":1784877208593,"kind":"navigate","url":"http://localhost:3000/login","viewport":{"width":1536,"height":730},"payload":{"reason":"pushState"}}
[2026-07-24T07:13:30.446Z] {"timestamp":1784877208614,"kind":"focusout","url":"http://localhost:3000/login","viewport":{"width":1536,"height":730},"payload":{"target":{"tag":"button","id":null,"name":null,"type":null,"role":null,"ariaLabel":null,"testId":null,"dataLoc":null,"href":null,"text":"Login","selectorHint":"button"},"value":null}}
[2026-07-24T07:13:30.446Z] {"timestamp":1784877210149,"kind":"focusin","url":"http://localhost:3000/login","viewport":{"width":1536,"height":730},"payload":{"target":{"tag":"button","id":null,"name":null,"type":null,"role":null,"ariaLabel":null,"testId":null,"dataLoc":null,"href":null,"text":"Back to Home","selectorHint":"button"}}}
[2026-07-24T07:13:30.446Z] {"timestamp":1784877210378,"kind":"click","url":"http://localhost:3000/login","viewport":{"width":1536,"height":730},"payload":{"target":{"tag":"svg","id":null,"name":null,"type":null,"role":null,"ariaLabel":null,"testId":null,"dataLoc":null,"href":null,"text":"","selectorHint":"svg"},"x":40,"y":31}}
[2026-07-24T07:13:30.446Z] {"timestamp":1784877210379,"kind":"navigate","url":"http://localhost:3000/","viewport":{"width":1536,"height":730},"payload":{"reason":"pushState"}}
[2026-07-24T07:13:30.446Z] {"timestamp":1784877210400,"kind":"focusout","url":"http://localhost:3000/","viewport":{"width":1536,"height":730},"payload":{"target":{"tag":"button","id":null,"name":null,"type":null,"role":null,"ariaLabel":null,"testId":null,"dataLoc":null,"href":null,"text":"Back to Home","selectorHint":"button"},"value":null}}
[2026-07-24T07:13:32.429Z] {"timestamp":1784877212125,"kind":"focusin","url":"http://localhost:3000/","viewport":{"width":1536,"height":730},"payload":{"target":{"tag":"button","id":null,"name":null,"type":null,"role":null,"ariaLabel":null,"testId":null,"dataLoc":null,"href":null,"text":"Sign Up","selectorHint":"button"}}}
[2026-07-24T07:13:32.429Z] {"timestamp":1784877212342,"kind":"click","url":"http://localhost:3000/","viewport":{"width":1536,"height":730},"payload":{"target":{"tag":"button","id":null,"name":null,"type":null,"role":null,"ariaLabel":null,"testId":null,"dataLoc":null,"href":null,"text":"Sign Up","selectorHint":"button"},"x":1430,"y":24}}
[2026-07-24T07:13:32.429Z] {"timestamp":1784877212345,"kind":"navigate","url":"http://localhost:3000/register","viewport":{"width":1536,"height":730},"payload":{"reason":"pushState"}}
[2026-07-24T07:13:32.429Z] {"timestamp":1784877212358,"kind":"focusout","url":"http://localhost:3000/register","viewport":{"width":1536,"height":730},"payload":{"target":{"tag":"button","id":null,"name":null,"type":null,"role":null,"ariaLabel":null,"testId":null,"dataLoc":null,"href":null,"text":"Sign Up","selectorHint":"button"},"value":null}}
[2026-07-24T07:13:34.427Z] {"timestamp":1784877213739,"kind":"focusin","url":"http://localhost:3000/register","viewport":{"width":1536,"height":730},"payload":{"target":{"tag":"input","id":"fullName","name":"fullName","type":"text","role":null,"ariaLabel":null,"testId":null,"dataLoc":null,"href":null,"text":"","selectorHint":"#fullName"}}}
[2026-07-24T07:13:34.428Z] {"timestamp":1784877213949,"kind":"click","url":"http://localhost:3000/register","viewport":{"width":1536,"height":730},"payload":{"target":{"tag":"input","id":"fullName","name":"fullName","type":"text","role":null,"ariaLabel":null,"testId":null,"dataLoc":null,"href":null,"text":"","selectorHint":"#fullName"},"x":717,"y":339}}
[2026-07-24T07:13:44.425Z] {"timestamp":1784877222858,"kind":"change","url":"http://localhost:3000/register","viewport":{"width":1536,"height":730},"payload":{"target":{"tag":"input","id":"fullName","name":"fullName","type":"text","role":null,"ariaLabel":null,"testId":null,"dataLoc":null,"href":null,"text":"","selectorHint":"#fullName"},"value":"seetha"}}
[2026-07-24T07:13:44.425Z] {"timestamp":1784877222859,"kind":"focusout","url":"http://localhost:3000/register","viewport":{"width":1536,"height":730},"payload":{"target":{"tag":"input","id":"fullName","name":"fullName","type":"text","role":null,"ariaLabel":null,"testId":null,"dataLoc":null,"href":null,"text":"","selectorHint":"#fullName"},"value":"seetha"}}
[2026-07-24T07:13:44.425Z] {"timestamp":1784877222859,"kind":"focusin","url":"http://localhost:3000/register","viewport":{"width":1536,"height":730},"payload":{"target":{"tag":"input","id":"email","name":"email","type":"email","role":null,"ariaLabel":null,"testId":null,"dataLoc":null,"href":null,"text":"","selectorHint":"#email"}}}
[2026-07-24T07:13:44.425Z] {"timestamp":1784877223081,"kind":"click","url":"http://localhost:3000/register","viewport":{"width":1536,"height":730},"payload":{"target":{"tag":"input","id":"email","name":"email","type":"email","role":null,"ariaLabel":null,"testId":null,"dataLoc":null,"href":null,"text":"","selectorHint":"#email"},"x":676,"y":425}}
[2026-07-24T07:13:50.422Z] {"timestamp":1784877229282,"kind":"change","url":"http://localhost:3000/register","viewport":{"width":1536,"height":730},"payload":{"target":{"tag":"input","id":"email","name":"email","type":"email","role":null,"ariaLabel":null,"testId":null,"dataLoc":null,"href":null,"text":"","selectorHint":"#email"},"value":"seetha@gmail.com"}}
[2026-07-24T07:13:50.422Z] {"timestamp":1784877229282,"kind":"focusout","url":"http://localhost:3000/register","viewport":{"width":1536,"height":730},"payload":{"target":{"tag":"input","id":"email","name":"email","type":"email","role":null,"ariaLabel":null,"testId":null,"dataLoc":null,"href":null,"text":"","selectorHint":"#email"},"value":"seetha@gmail.com"}}
[2026-07-24T07:13:50.422Z] {"timestamp":1784877229283,"kind":"focusin","url":"http://localhost:3000/register","viewport":{"width":1536,"height":730},"payload":{"target":{"tag":"input","id":"mobile","name":"mobile","type":"tel","role":null,"ariaLabel":null,"testId":null,"dataLoc":null,"href":null,"text":"","selectorHint":"#mobile"}}}
[2026-07-24T07:13:50.422Z] {"timestamp":1784877229498,"kind":"click","url":"http://localhost:3000/register","viewport":{"width":1536,"height":730},"payload":{"target":{"tag":"input","id":"mobile","name":"mobile","type":"tel","role":null,"ariaLabel":null,"testId":null,"dataLoc":null,"href":null,"text":"","selectorHint":"#mobile"},"x":653,"y":493}}
[2026-07-24T07:13:54.437Z] {"timestamp":1784877232998,"kind":"scroll","url":"http://localhost:3000/register","viewport":{"width":1536,"height":730},"payload":{"scrollX":0,"scrollY":22.399999618530273,"documentHeight":1048,"viewportHeight":730}}
[2026-07-24T07:13:54.438Z] {"timestamp":1784877234068,"kind":"change","url":"http://localhost:3000/register","viewport":{"width":1536,"height":730},"payload":{"target":{"tag":"input","id":"mobile","name":"mobile","type":"tel","role":null,"ariaLabel":null,"testId":null,"dataLoc":null,"href":null,"text":"","selectorHint":"#mobile"},"value":"0987654321"}}
[2026-07-24T07:13:54.438Z] {"timestamp":1784877234068,"kind":"focusout","url":"http://localhost:3000/register","viewport":{"width":1536,"height":730},"payload":{"target":{"tag":"input","id":"mobile","name":"mobile","type":"tel","role":null,"ariaLabel":null,"testId":null,"dataLoc":null,"href":null,"text":"","selectorHint":"#mobile"},"value":"0987654321"}}
[2026-07-24T07:13:54.438Z] {"timestamp":1784877234069,"kind":"focusin","url":"http://localhost:3000/register","viewport":{"width":1536,"height":730},"payload":{"target":{"tag":"input","id":"password","name":"password","type":"password","role":null,"ariaLabel":null,"testId":null,"dataLoc":null,"href":null,"text":"","selectorHint":"#password"}}}
[2026-07-24T07:13:54.438Z] {"timestamp":1784877234280,"kind":"click","url":"http://localhost:3000/register","viewport":{"width":1536,"height":730},"payload":{"target":{"tag":"input","id":"password","name":"password","type":"password","role":null,"ariaLabel":null,"testId":null,"dataLoc":null,"href":null,"text":"","selectorHint":"#password"},"x":665,"y":460}}
[2026-07-24T07:14:00.431Z] {"timestamp":1784877239397,"kind":"change","url":"http://localhost:3000/register","viewport":{"width":1536,"height":730},"payload":{"target":{"tag":"input","id":"password","name":"password","type":"password","role":null,"ariaLabel":null,"testId":null,"dataLoc":null,"href":null,"text":"","selectorHint":"#password"},"value":{"masked":true,"length":10}}}
[2026-07-24T07:14:00.431Z] {"timestamp":1784877239397,"kind":"focusout","url":"http://localhost:3000/register","viewport":{"width":1536,"height":730},"payload":{"target":{"tag":"input","id":"password","name":"password","type":"password","role":null,"ariaLabel":null,"testId":null,"dataLoc":null,"href":null,"text":"","selectorHint":"#password"},"value":{"masked":true,"length":10}}}
[2026-07-24T07:14:00.431Z] {"timestamp":1784877239398,"kind":"focusin","url":"http://localhost:3000/register","viewport":{"width":1536,"height":730},"payload":{"target":{"tag":"button","id":null,"name":null,"type":null,"role":null,"ariaLabel":null,"testId":null,"dataLoc":null,"href":null,"text":"","selectorHint":"button"}}}
[2026-07-24T07:14:00.431Z] {"timestamp":1784877239613,"kind":"click","url":"http://localhost:3000/register","viewport":{"width":1536,"height":730},"payload":{"target":{"tag":"svg","id":null,"name":null,"type":null,"role":null,"ariaLabel":null,"testId":null,"dataLoc":null,"href":null,"text":"","selectorHint":"svg"},"x":918,"y":450}}
[2026-07-24T07:14:02.435Z] {"timestamp":1784877240702,"kind":"focusout","url":"http://localhost:3000/register","viewport":{"width":1536,"height":730},"payload":{"target":{"tag":"button","id":null,"name":null,"type":null,"role":null,"ariaLabel":null,"testId":null,"dataLoc":null,"href":null,"text":"","selectorHint":"button"},"value":null}}
[2026-07-24T07:14:02.436Z] {"timestamp":1784877240703,"kind":"focusin","url":"http://localhost:3000/register","viewport":{"width":1536,"height":730},"payload":{"target":{"tag":"input","id":"confirmPassword","name":"confirmPassword","type":"password","role":null,"ariaLabel":null,"testId":null,"dataLoc":null,"href":null,"text":"","selectorHint":"#confirmPassword"}}}
[2026-07-24T07:14:02.436Z] {"timestamp":1784877240929,"kind":"click","url":"http://localhost:3000/register","viewport":{"width":1536,"height":730},"payload":{"target":{"tag":"input","id":"confirmPassword","name":"confirmPassword","type":"password","role":null,"ariaLabel":null,"testId":null,"dataLoc":null,"href":null,"text":"","selectorHint":"#confirmPassword"},"x":689,"y":549}}
[2026-07-24T07:14:08.054Z] {"timestamp":1784877244609,"kind":"change","url":"http://localhost:3000/register","viewport":{"width":1536,"height":730},"payload":{"target":{"tag":"input","id":"confirmPassword","name":"confirmPassword","type":"password","role":null,"ariaLabel":null,"testId":null,"dataLoc":null,"href":null,"text":"","selectorHint":"#confirmPassword"},"value":{"masked":true,"length":10}}}
[2026-07-24T07:14:08.054Z] {"timestamp":1784877244609,"kind":"focusout","url":"http://localhost:3000/register","viewport":{"width":1536,"height":730},"payload":{"target":{"tag":"input","id":"confirmPassword","name":"confirmPassword","type":"password","role":null,"ariaLabel":null,"testId":null,"dataLoc":null,"href":null,"text":"","selectorHint":"#confirmPassword"},"value":{"masked":true,"length":10}}}
[2026-07-24T07:14:08.054Z] {"timestamp":1784877244609,"kind":"focusin","url":"http://localhost:3000/register","viewport":{"width":1536,"height":730},"payload":{"target":{"tag":"button","id":null,"name":null,"type":null,"role":"checkbox","ariaLabel":null,"testId":null,"dataLoc":null,"href":null,"text":"","selectorHint":"button"}}}
[2026-07-24T07:14:08.054Z] {"timestamp":1784877244831,"kind":"click","url":"http://localhost:3000/register","viewport":{"width":1536,"height":730},"payload":{"target":{"tag":"button","id":null,"name":null,"type":null,"role":"checkbox","ariaLabel":null,"testId":null,"dataLoc":null,"href":null,"text":"","selectorHint":"button"},"x":596,"y":591}}
[2026-07-24T07:14:08.054Z] {"timestamp":1784877244835,"kind":"click","url":"http://localhost:3000/register","viewport":{"width":1536,"height":730},"payload":{"target":{"tag":"input","id":null,"name":"agreeTerms","type":"checkbox","role":null,"ariaLabel":null,"testId":null,"dataLoc":null,"href":null,"text":"","selectorHint":"input"}}}
[2026-07-24T07:14:08.054Z] {"timestamp":1784877245654,"kind":"focusout","url":"http://localhost:3000/register","viewport":{"width":1536,"height":730},"payload":{"target":{"tag":"button","id":null,"name":null,"type":null,"role":"checkbox","ariaLabel":null,"testId":null,"dataLoc":null,"href":null,"text":"","selectorHint":"button"},"value":null}}
[2026-07-24T07:14:08.054Z] {"timestamp":1784877245655,"kind":"focusin","url":"http://localhost:3000/register","viewport":{"width":1536,"height":730},"payload":{"target":{"tag":"button","id":null,"name":null,"type":null,"role":null,"ariaLabel":null,"testId":null,"dataLoc":null,"href":null,"text":"Create Account","selectorHint":"button"}}}
[2026-07-24T07:14:08.054Z] {"timestamp":1784877245881,"kind":"click","url":"http://localhost:3000/register","viewport":{"width":1536,"height":730},"payload":{"target":{"tag":"button","id":null,"name":null,"type":null,"role":null,"ariaLabel":null,"testId":null,"dataLoc":null,"href":null,"text":"Create Account","selectorHint":"button"},"x":698,"y":627}}
[2026-07-24T07:14:08.054Z] {"timestamp":1784877245884,"kind":"submit","url":"http://localhost:3000/register","viewport":{"width":1536,"height":730},"payload":{"target":{"tag":"form","id":null,"name":null,"type":null,"role":null,"ariaLabel":null,"testId":null,"dataLoc":null,"href":null,"text":"Full Name Email Address Mobile Number Password Strength: strong Confirm Password…","selectorHint":"form"}}}
[2026-07-24T07:14:08.054Z] {"timestamp":1784877247954,"kind":"navigate","url":"http://localhost:3000/login","viewport":{"width":1536,"height":730},"payload":{"reason":"pushState"}}
[2026-07-24T07:14:08.054Z] {"timestamp":1784877247958,"kind":"focusout","url":"http://localhost:3000/login","viewport":{"width":1536,"height":730},"payload":{"target":{"tag":"button","id":null,"name":null,"type":null,"role":null,"ariaLabel":null,"testId":null,"dataLoc":null,"href":null,"text":"Create Account","selectorHint":"button"},"value":null}}
[2026-07-24T07:14:30.438Z] {"timestamp":1784877268555,"kind":"focusin","url":"http://localhost:3000/login","viewport":{"width":1536,"height":730},"payload":{"target":{"tag":"input","id":"email","name":null,"type":"email","role":null,"ariaLabel":null,"testId":null,"dataLoc":null,"href":null,"text":"","selectorHint":"#email"}}}
[2026-07-24T07:14:30.439Z] {"timestamp":1784877268766,"kind":"click","url":"http://localhost:3000/login","viewport":{"width":1536,"height":730},"payload":{"target":{"tag":"input","id":"email","name":null,"type":"email","role":null,"ariaLabel":null,"testId":null,"dataLoc":null,"href":null,"text":"","selectorHint":"#email"},"x":636,"y":233}}
[2026-07-24T07:14:32.432Z] {"timestamp":1784877271417,"kind":"change","url":"http://localhost:3000/login","viewport":{"width":1536,"height":730},"payload":{"target":{"tag":"input","id":"email","name":null,"type":"email","role":null,"ariaLabel":null,"testId":null,"dataLoc":null,"href":null,"text":"","selectorHint":"#email"},"value":"seetha@gmail.com"}}
[2026-07-24T07:14:32.432Z] {"timestamp":1784877272141,"kind":"focusout","url":"http://localhost:3000/login","viewport":{"width":1536,"height":730},"payload":{"target":{"tag":"input","id":"email","name":null,"type":"email","role":null,"ariaLabel":null,"testId":null,"dataLoc":null,"href":null,"text":"","selectorHint":"#email"},"value":"seetha@gmail.com"}}
[2026-07-24T07:14:32.432Z] {"timestamp":1784877272142,"kind":"focusin","url":"http://localhost:3000/login","viewport":{"width":1536,"height":730},"payload":{"target":{"tag":"input","id":"password","name":null,"type":"password","role":null,"ariaLabel":null,"testId":null,"dataLoc":null,"href":null,"text":"","selectorHint":"#password"}}}
[2026-07-24T07:14:32.432Z] {"timestamp":1784877272362,"kind":"click","url":"http://localhost:3000/login","viewport":{"width":1536,"height":730},"payload":{"target":{"tag":"input","id":"password","name":null,"type":"password","role":null,"ariaLabel":null,"testId":null,"dataLoc":null,"href":null,"text":"","selectorHint":"#password"},"x":662,"y":317}}
[2026-07-24T07:14:38.430Z] {"timestamp":1784877277381,"kind":"change","url":"http://localhost:3000/login","viewport":{"width":1536,"height":730},"payload":{"target":{"tag":"input","id":"password","name":null,"type":"password","role":null,"ariaLabel":null,"testId":null,"dataLoc":null,"href":null,"text":"","selectorHint":"#password"},"value":{"masked":true,"length":10}}}
[2026-07-24T07:14:38.430Z] {"timestamp":1784877277381,"kind":"focusout","url":"http://localhost:3000/login","viewport":{"width":1536,"height":730},"payload":{"target":{"tag":"input","id":"password","name":null,"type":"password","role":null,"ariaLabel":null,"testId":null,"dataLoc":null,"href":null,"text":"","selectorHint":"#password"},"value":{"masked":true,"length":10}}}
[2026-07-24T07:14:38.430Z] {"timestamp":1784877277381,"kind":"focusin","url":"http://localhost:3000/login","viewport":{"width":1536,"height":730},"payload":{"target":{"tag":"button","id":null,"name":null,"type":null,"role":null,"ariaLabel":null,"testId":null,"dataLoc":null,"href":null,"text":"","selectorHint":"button"}}}
[2026-07-24T07:14:38.430Z] {"timestamp":1784877277597,"kind":"click","url":"http://localhost:3000/login","viewport":{"width":1536,"height":730},"payload":{"target":{"tag":"svg","id":null,"name":null,"type":null,"role":null,"ariaLabel":null,"testId":null,"dataLoc":null,"href":null,"text":"","selectorHint":"svg"},"x":920,"y":302}}
[2026-07-24T07:14:40.429Z] {"timestamp":1784877278699,"kind":"focusout","url":"http://localhost:3000/login","viewport":{"width":1536,"height":730},"payload":{"target":{"tag":"button","id":null,"name":null,"type":null,"role":null,"ariaLabel":null,"testId":null,"dataLoc":null,"href":null,"text":"","selectorHint":"button"},"value":null}}
[2026-07-24T07:14:40.429Z] {"timestamp":1784877278700,"kind":"focusin","url":"http://localhost:3000/login","viewport":{"width":1536,"height":730},"payload":{"target":{"tag":"input","id":"password","name":null,"type":"text","role":null,"ariaLabel":null,"testId":null,"dataLoc":null,"href":null,"text":"","selectorHint":"#password"}}}
[2026-07-24T07:14:40.429Z] {"timestamp":1784877278901,"kind":"click","url":"http://localhost:3000/login","viewport":{"width":1536,"height":730},"payload":{"target":{"tag":"input","id":"password","name":null,"type":"text","role":null,"ariaLabel":null,"testId":null,"dataLoc":null,"href":null,"text":"","selectorHint":"#password"},"x":703,"y":309}}
[2026-07-24T07:14:42.883Z] {"timestamp":1784877281041,"kind":"change","url":"http://localhost:3000/login","viewport":{"width":1536,"height":730},"payload":{"target":{"tag":"input","id":"password","name":null,"type":"text","role":null,"ariaLabel":null,"testId":null,"dataLoc":null,"href":null,"text":"","selectorHint":"#password"},"value":{"masked":true,"length":10}}}
[2026-07-24T07:14:42.883Z] {"timestamp":1784877281041,"kind":"focusout","url":"http://localhost:3000/login","viewport":{"width":1536,"height":730},"payload":{"target":{"tag":"input","id":"password","name":null,"type":"text","role":null,"ariaLabel":null,"testId":null,"dataLoc":null,"href":null,"text":"","selectorHint":"#password"},"value":{"masked":true,"length":10}}}
[2026-07-24T07:14:42.883Z] {"timestamp":1784877281041,"kind":"focusin","url":"http://localhost:3000/login","viewport":{"width":1536,"height":730},"payload":{"target":{"tag":"button","id":null,"name":null,"type":null,"role":null,"ariaLabel":null,"testId":null,"dataLoc":null,"href":null,"text":"Sign In","selectorHint":"button"}}}
[2026-07-24T07:14:42.883Z] {"timestamp":1784877281250,"kind":"click","url":"http://localhost:3000/login","viewport":{"width":1536,"height":730},"payload":{"target":{"tag":"button","id":null,"name":null,"type":null,"role":null,"ariaLabel":null,"testId":null,"dataLoc":null,"href":null,"text":"Sign In","selectorHint":"button"},"x":680,"y":377}}
[2026-07-24T07:14:42.883Z] {"timestamp":1784877281251,"kind":"submit","url":"http://localhost:3000/login","viewport":{"width":1536,"height":730},"payload":{"target":{"tag":"form","id":null,"name":null,"type":null,"role":null,"ariaLabel":null,"testId":null,"dataLoc":null,"href":null,"text":"Email Address Password Remember me Forgot password? Sign In","selectorHint":"form"}}}
[2026-07-24T07:14:42.883Z] {"timestamp":1784877282864,"kind":"focusout","url":"http://localhost:3000/login","viewport":{"width":1536,"height":730},"payload":{"target":{"tag":"button","id":null,"name":null,"type":null,"role":null,"ariaLabel":null,"testId":null,"dataLoc":null,"href":null,"text":"Sign In","selectorHint":"button"},"value":null}}
[2026-07-24T07:14:42.883Z] {"timestamp":1784877282864,"kind":"focusin","url":"http://localhost:3000/login","viewport":{"width":1536,"height":730},"payload":{"target":{"tag":"button","id":null,"name":null,"type":null,"role":null,"ariaLabel":null,"testId":null,"dataLoc":null,"href":null,"text":"Sign In","selectorHint":"button"}}}
[2026-07-24T07:14:44.422Z] {"timestamp":1784877283869,"kind":"scroll","url":"http://localhost:3000/login","viewport":{"width":1536,"height":730},"payload":{"scrollX":0,"scrollY":114.4000015258789,"documentHeight":924,"viewportHeight":730}}
[2026-07-24T07:14:59.418Z] {"timestamp":1784877284431,"kind":"scroll","url":"http://localhost:3000/login","viewport":{"width":1536,"height":730},"payload":{"scrollX":0,"scrollY":87.19999694824219,"documentHeight":924,"viewportHeight":730}}
[2026-07-24T07:14:59.418Z] {"timestamp":1784877286014,"kind":"click","url":"http://localhost:3000/login","viewport":{"width":1536,"height":730},"payload":{"target":{"tag":"button","id":null,"name":null,"type":null,"role":null,"ariaLabel":null,"testId":null,"dataLoc":null,"href":null,"text":"Sign In","selectorHint":"button"},"x":692,"y":417}}
[2026-07-24T07:14:59.418Z] {"timestamp":1784877286015,"kind":"submit","url":"http://localhost:3000/login","viewport":{"width":1536,"height":730},"payload":{"target":{"tag":"form","id":null,"name":null,"type":null,"role":null,"ariaLabel":null,"testId":null,"dataLoc":null,"href":null,"text":"Email Address Password Remember me Forgot password? Sign In","selectorHint":"form"}}}
[2026-07-24T07:14:59.418Z] {"timestamp":1784877299354,"kind":"focusout","url":"http://localhost:3000/login","viewport":{"width":1536,"height":730},"payload":{"target":{"tag":"button","id":null,"name":null,"type":null,"role":null,"ariaLabel":null,"testId":null,"dataLoc":null,"href":null,"text":"Sign In","selectorHint":"button"},"value":null}}
[2026-07-24T07:18:26.431Z] {"timestamp":1784877505627,"kind":"focusin","url":"http://localhost:3000/login","viewport":{"width":1536,"height":730},"payload":{"target":{"tag":"button","id":null,"name":null,"type":null,"role":null,"ariaLabel":null,"testId":null,"dataLoc":null,"href":null,"text":"Sign In","selectorHint":"button"}}}
[2026-07-24T07:18:29.375Z] {"timestamp":1784877507215,"kind":"click","url":"http://localhost:3000/login","viewport":{"width":1536,"height":730},"payload":{"target":{"tag":"button","id":null,"name":null,"type":null,"role":null,"ariaLabel":null,"testId":null,"dataLoc":null,"href":null,"text":"Sign In","selectorHint":"button"},"x":732,"y":409}}
[2026-07-24T07:18:29.375Z] {"timestamp":1784877507219,"kind":"submit","url":"http://localhost:3000/login","viewport":{"width":1536,"height":730},"payload":{"target":{"tag":"form","id":null,"name":null,"type":null,"role":null,"ariaLabel":null,"testId":null,"dataLoc":null,"href":null,"text":"Email Address Password Remember me Forgot password? Sign In","selectorHint":"form"}}}
[2026-07-24T07:18:29.375Z] {"timestamp":1784877509146,"kind":"navigate","url":"http://localhost:3000/user/dashboard","viewport":{"width":1536,"height":730},"payload":{"reason":"pushState"}}
[2026-07-24T07:18:29.375Z] {"timestamp":1784877509166,"kind":"focusout","url":"http://localhost:3000/user/dashboard","viewport":{"width":1536,"height":730},"payload":{"target":{"tag":"button","id":null,"name":null,"type":null,"role":null,"ariaLabel":null,"testId":null,"dataLoc":null,"href":null,"text":"Sign In","selectorHint":"button"},"value":null}}
[2026-07-24T07:18:34.427Z] {"timestamp":1784877513579,"kind":"scroll","url":"http://localhost:3000/user/dashboard","viewport":{"width":1536,"height":730},"payload":{"scrollX":0,"scrollY":43.20000076293945,"documentHeight":1587,"viewportHeight":730}}
[2026-07-24T07:18:34.427Z] {"timestamp":1784877514158,"kind":"scroll","url":"http://localhost:3000/user/dashboard","viewport":{"width":1536,"height":730},"payload":{"scrollX":0,"scrollY":499.20001220703125,"documentHeight":1587,"viewportHeight":730}}
[2026-07-24T07:18:36.428Z] {"timestamp":1784877515346,"kind":"scroll","url":"http://localhost:3000/user/dashboard","viewport":{"width":1536,"height":730},"payload":{"scrollX":0,"scrollY":828.7999877929688,"documentHeight":1587,"viewportHeight":730}}
[2026-07-24T07:18:36.429Z] {"timestamp":1784877515858,"kind":"scroll","url":"http://localhost:3000/user/dashboard","viewport":{"width":1536,"height":730},"payload":{"scrollX":0,"scrollY":544.7999877929688,"documentHeight":1587,"viewportHeight":730}}
[2026-07-24T07:18:38.428Z] {"timestamp":1784877518264,"kind":"scroll","url":"http://localhost:3000/user/dashboard","viewport":{"width":1536,"height":730},"payload":{"scrollX":0,"scrollY":558.4000244140625,"documentHeight":1587,"viewportHeight":730}}
[2026-07-24T07:18:40.425Z] {"timestamp":1784877519009,"kind":"scroll","url":"http://localhost:3000/user/dashboard","viewport":{"width":1536,"height":730},"payload":{"scrollX":0,"scrollY":828.7999877929688,"documentHeight":1587,"viewportHeight":730}}
[2026-07-24T07:18:40.426Z] {"timestamp":1784877519524,"kind":"scroll","url":"http://localhost:3000/user/dashboard","viewport":{"width":1536,"height":730},"payload":{"scrollX":0,"scrollY":594.4000244140625,"documentHeight":1587,"viewportHeight":730}}
[2026-07-24T07:18:42.424Z] {"timestamp":1784877520508,"kind":"scroll","url":"http://localhost:3000/user/dashboard","viewport":{"width":1536,"height":730},"payload":{"scrollX":0,"scrollY":568.7999877929688,"documentHeight":1587,"viewportHeight":730}}
[2026-07-24T07:18:42.424Z] {"timestamp":1784877521008,"kind":"scroll","url":"http://localhost:3000/user/dashboard","viewport":{"width":1536,"height":730},"payload":{"scrollX":0,"scrollY":102.4000015258789,"documentHeight":1587,"viewportHeight":730}}
[2026-07-24T07:18:42.424Z] {"timestamp":1784877521508,"kind":"scroll","url":"http://localhost:3000/user/dashboard","viewport":{"width":1536,"height":730},"payload":{"scrollX":0,"scrollY":98.4000015258789,"documentHeight":1587,"viewportHeight":730}}
[2026-07-24T07:18:42.424Z] {"timestamp":1784877522008,"kind":"scroll","url":"http://localhost:3000/user/dashboard","viewport":{"width":1536,"height":730},"payload":{"scrollX":0,"scrollY":600,"documentHeight":1587,"viewportHeight":730}}
[2026-07-24T07:18:44.422Z] {"timestamp":1784877522592,"kind":"scroll","url":"http://localhost:3000/user/dashboard","viewport":{"width":1536,"height":730},"payload":{"scrollX":0,"scrollY":649.5999755859375,"documentHeight":1587,"viewportHeight":730}}
[2026-07-24T07:18:50.433Z] {"timestamp":1784877529016,"kind":"focusin","url":"http://localhost:3000/user/dashboard","viewport":{"width":1536,"height":730},"payload":{"target":{"tag":"button","id":null,"name":null,"type":null,"role":null,"ariaLabel":null,"testId":null,"dataLoc":null,"href":null,"text":"Browse Jobs","selectorHint":"button"}}}
[2026-07-24T07:18:50.433Z] {"timestamp":1784877529240,"kind":"click","url":"http://localhost:3000/user/dashboard","viewport":{"width":1536,"height":730},"payload":{"target":{"tag":"button","id":null,"name":null,"type":null,"role":null,"ariaLabel":null,"testId":null,"dataLoc":null,"href":null,"text":"Browse Jobs","selectorHint":"button"},"x":1428,"y":45}}
[2026-07-24T07:18:50.433Z] {"timestamp":1784877529241,"kind":"navigate","url":"http://localhost:3000/user/browse-jobs","viewport":{"width":1536,"height":730},"payload":{"reason":"pushState"}}
[2026-07-24T07:18:50.433Z] {"timestamp":1784877529274,"kind":"focusout","url":"http://localhost:3000/user/browse-jobs","viewport":{"width":1536,"height":730},"payload":{"target":{"tag":"button","id":null,"name":null,"type":null,"role":null,"ariaLabel":null,"testId":null,"dataLoc":null,"href":null,"text":"Browse Jobs","selectorHint":"button"},"value":null}}
[2026-07-24T07:18:52.429Z] {"timestamp":1784877530531,"kind":"scroll","url":"http://localhost:3000/user/browse-jobs","viewport":{"width":1536,"height":730},"payload":{"scrollX":0,"scrollY":1053.5999755859375,"documentHeight":2326,"viewportHeight":730}}
[2026-07-24T07:18:52.429Z] {"timestamp":1784877531193,"kind":"scroll","url":"http://localhost:3000/user/browse-jobs","viewport":{"width":1536,"height":730},"payload":{"scrollX":0,"scrollY":1552,"documentHeight":2326,"viewportHeight":730}}
[2026-07-24T07:18:52.429Z] {"timestamp":1784877531693,"kind":"scroll","url":"http://localhost:3000/user/browse-jobs","viewport":{"width":1536,"height":730},"payload":{"scrollX":0,"scrollY":52.79999923706055,"documentHeight":2326,"viewportHeight":730}}
[2026-07-24T07:18:52.429Z] {"timestamp":1784877532310,"kind":"scroll","url":"http://localhost:3000/user/browse-jobs","viewport":{"width":1536,"height":730},"payload":{"scrollX":0,"scrollY":71.19999694824219,"documentHeight":2326,"viewportHeight":730}}
[2026-07-24T07:18:54.430Z] {"timestamp":1784877533518,"kind":"scroll","url":"http://localhost:3000/user/browse-jobs","viewport":{"width":1536,"height":730},"payload":{"scrollX":0,"scrollY":1588.800048828125,"documentHeight":2326,"viewportHeight":730}}
[2026-07-24T07:18:54.430Z] {"timestamp":1784877534063,"kind":"scroll","url":"http://localhost:3000/user/browse-jobs","viewport":{"width":1536,"height":730},"payload":{"scrollX":0,"scrollY":1567.199951171875,"documentHeight":2326,"viewportHeight":730}}
[2026-07-24T07:18:56.449Z] {"timestamp":1784877536075,"kind":"focusin","url":"http://localhost:3000/user/browse-jobs","viewport":{"width":1536,"height":730},"payload":{"target":{"tag":"button","id":null,"name":null,"type":null,"role":null,"ariaLabel":null,"testId":null,"dataLoc":null,"href":null,"text":"Back to Dashboard","selectorHint":"button"}}}
[2026-07-24T07:18:56.449Z] {"timestamp":1784877536295,"kind":"click","url":"http://localhost:3000/user/browse-jobs","viewport":{"width":1536,"height":730},"payload":{"target":{"tag":"svg","id":null,"name":null,"type":null,"role":null,"ariaLabel":null,"testId":null,"dataLoc":null,"href":null,"text":"","selectorHint":"svg"},"x":42,"y":19}}
[2026-07-24T07:18:56.449Z] {"timestamp":1784877536296,"kind":"navigate","url":"http://localhost:3000/user/dashboard","viewport":{"width":1536,"height":730},"payload":{"reason":"pushState"}}
[2026-07-24T07:18:56.449Z] {"timestamp":1784877536300,"kind":"focusout","url":"http://localhost:3000/user/dashboard","viewport":{"width":1536,"height":730},"payload":{"target":{"tag":"button","id":null,"name":null,"type":null,"role":null,"ariaLabel":null,"testId":null,"dataLoc":null,"href":null,"text":"Back to Dashboard","selectorHint":"button"},"value":null}}
[2026-07-24T07:19:10.427Z] {"timestamp":1784877549731,"kind":"navigate","url":"http://localhost:3000/user/browse-jobs","viewport":{"width":1536,"height":730},"payload":{"reason":"popstate"}}
[2026-07-24T07:19:12.423Z] {"timestamp":1784877552054,"kind":"focusin","url":"http://localhost:3000/user/browse-jobs","viewport":{"width":1536,"height":730},"payload":{"target":{"tag":"button","id":null,"name":null,"type":null,"role":null,"ariaLabel":null,"testId":null,"dataLoc":null,"href":null,"text":"Back to Dashboard","selectorHint":"button"}}}
[2026-07-24T07:19:12.423Z] {"timestamp":1784877552276,"kind":"click","url":"http://localhost:3000/user/browse-jobs","viewport":{"width":1536,"height":730},"payload":{"target":{"tag":"svg","id":null,"name":null,"type":null,"role":null,"ariaLabel":null,"testId":null,"dataLoc":null,"href":null,"text":"","selectorHint":"svg"},"x":36,"y":24}}
[2026-07-24T07:19:12.423Z] {"timestamp":1784877552277,"kind":"navigate","url":"http://localhost:3000/user/dashboard","viewport":{"width":1536,"height":730},"payload":{"reason":"pushState"}}
[2026-07-24T07:19:12.423Z] {"timestamp":1784877552286,"kind":"focusout","url":"http://localhost:3000/user/dashboard","viewport":{"width":1536,"height":730},"payload":{"target":{"tag":"button","id":null,"name":null,"type":null,"role":null,"ariaLabel":null,"testId":null,"dataLoc":null,"href":null,"text":"Back to Dashboard","selectorHint":"button"},"value":null}}
[2026-07-24T07:19:14.426Z] {"timestamp":1784877554077,"kind":"navigate","url":"http://localhost:3000/user/browse-jobs","viewport":{"width":1536,"height":730},"payload":{"reason":"popstate"}}
[2026-07-24T07:19:16.422Z] {"timestamp":1784877554950,"kind":"navigate","url":"http://localhost:3000/user/dashboard","viewport":{"width":1536,"height":730},"payload":{"reason":"popstate"}}
[2026-07-24T07:19:16.422Z] {"timestamp":1784877555011,"kind":"scroll","url":"http://localhost:3000/user/dashboard","viewport":{"width":1536,"height":730},"payload":{"scrollX":0,"scrollY":1.600000023841858,"documentHeight":1587,"viewportHeight":730}}
[2026-07-24T07:19:16.422Z] {"timestamp":1784877555525,"kind":"scroll","url":"http://localhost:3000/user/dashboard","viewport":{"width":1536,"height":730},"payload":{"scrollX":0,"scrollY":857.5999755859375,"documentHeight":1587,"viewportHeight":730}}
[2026-07-24T07:19:16.422Z] {"timestamp":1784877555863,"kind":"navigate","url":"http://localhost:3000/login","viewport":{"width":1536,"height":730},"payload":{"reason":"popstate"}}
[2026-07-24T07:19:16.422Z] {"timestamp":1784877556041,"kind":"scroll","url":"http://localhost:3000/login","viewport":{"width":1536,"height":730},"payload":{"scrollX":0,"scrollY":88,"documentHeight":924,"viewportHeight":730}}
[2026-07-24T07:19:22.427Z] {"timestamp":1784877560618,"kind":"focusin","url":"http://localhost:3000/login","viewport":{"width":1536,"height":730},"payload":{"target":{"tag":"button","id":null,"name":null,"type":null,"role":null,"ariaLabel":null,"testId":null,"dataLoc":null,"href":null,"text":"Sign up","selectorHint":"button"}}}
[2026-07-24T07:19:22.427Z] {"timestamp":1784877560833,"kind":"click","url":"http://localhost:3000/login","viewport":{"width":1536,"height":730},"payload":{"target":{"tag":"button","id":null,"name":null,"type":null,"role":null,"ariaLabel":null,"testId":null,"dataLoc":null,"href":null,"text":"Sign up","selectorHint":"button"},"x":829,"y":649}}
[2026-07-24T07:19:22.427Z] {"timestamp":1784877560834,"kind":"navigate","url":"http://localhost:3000/register","viewport":{"width":1536,"height":730},"payload":{"reason":"pushState"}}
[2026-07-24T07:19:22.427Z] {"timestamp":1784877560843,"kind":"focusout","url":"http://localhost:3000/register","viewport":{"width":1536,"height":730},"payload":{"target":{"tag":"button","id":null,"name":null,"type":null,"role":null,"ariaLabel":null,"testId":null,"dataLoc":null,"href":null,"text":"Sign up","selectorHint":"button"},"value":null}}
[2026-07-24T07:19:22.427Z] {"timestamp":1784877562325,"kind":"focusin","url":"http://localhost:3000/register","viewport":{"width":1536,"height":730},"payload":{"target":{"tag":"input","id":"fullName","name":"fullName","type":"text","role":null,"ariaLabel":null,"testId":null,"dataLoc":null,"href":null,"text":"","selectorHint":"#fullName"}}}
[2026-07-24T07:19:24.427Z] {"timestamp":1784877562542,"kind":"click","url":"http://localhost:3000/register","viewport":{"width":1536,"height":730},"payload":{"target":{"tag":"input","id":"fullName","name":"fullName","type":"text","role":null,"ariaLabel":null,"testId":null,"dataLoc":null,"href":null,"text":"","selectorHint":"#fullName"},"x":771,"y":262}}
[2026-07-24T07:19:30.428Z] {"timestamp":1784877569562,"kind":"change","url":"http://localhost:3000/register","viewport":{"width":1536,"height":730},"payload":{"target":{"tag":"input","id":"fullName","name":"fullName","type":"text","role":null,"ariaLabel":null,"testId":null,"dataLoc":null,"href":null,"text":"","selectorHint":"#fullName"},"value":"sirishaa"}}
[2026-07-24T07:19:30.428Z] {"timestamp":1784877569562,"kind":"focusout","url":"http://localhost:3000/register","viewport":{"width":1536,"height":730},"payload":{"target":{"tag":"input","id":"fullName","name":"fullName","type":"text","role":null,"ariaLabel":null,"testId":null,"dataLoc":null,"href":null,"text":"","selectorHint":"#fullName"},"value":"sirishaa"}}
[2026-07-24T07:19:30.428Z] {"timestamp":1784877569563,"kind":"focusin","url":"http://localhost:3000/register","viewport":{"width":1536,"height":730},"payload":{"target":{"tag":"input","id":"email","name":"email","type":"email","role":null,"ariaLabel":null,"testId":null,"dataLoc":null,"href":null,"text":"","selectorHint":"#email"}}}
[2026-07-24T07:19:30.428Z] {"timestamp":1784877569784,"kind":"click","url":"http://localhost:3000/register","viewport":{"width":1536,"height":730},"payload":{"target":{"tag":"input","id":"email","name":"email","type":"email","role":null,"ariaLabel":null,"testId":null,"dataLoc":null,"href":null,"text":"","selectorHint":"#email"},"x":725,"y":325}}
[2026-07-24T07:19:38.435Z] {"timestamp":1784877577282,"kind":"change","url":"http://localhost:3000/register","viewport":{"width":1536,"height":730},"payload":{"target":{"tag":"input","id":"email","name":"email","type":"email","role":null,"ariaLabel":null,"testId":null,"dataLoc":null,"href":null,"text":"","selectorHint":"#email"},"value":"sirishaa@gmail.com"}}
[2026-07-24T07:19:38.435Z] {"timestamp":1784877577282,"kind":"focusout","url":"http://localhost:3000/register","viewport":{"width":1536,"height":730},"payload":{"target":{"tag":"input","id":"email","name":"email","type":"email","role":null,"ariaLabel":null,"testId":null,"dataLoc":null,"href":null,"text":"","selectorHint":"#email"},"value":"sirishaa@gmail.com"}}
[2026-07-24T07:19:38.435Z] {"timestamp":1784877577283,"kind":"focusin","url":"http://localhost:3000/register","viewport":{"width":1536,"height":730},"payload":{"target":{"tag":"input","id":"mobile","name":"mobile","type":"tel","role":null,"ariaLabel":null,"testId":null,"dataLoc":null,"href":null,"text":"","selectorHint":"#mobile"}}}
[2026-07-24T07:19:38.435Z] {"timestamp":1784877577511,"kind":"click","url":"http://localhost:3000/register","viewport":{"width":1536,"height":730},"payload":{"target":{"tag":"input","id":"mobile","name":"mobile","type":"tel","role":null,"ariaLabel":null,"testId":null,"dataLoc":null,"href":null,"text":"","selectorHint":"#mobile"},"x":697,"y":413}}
[2026-07-24T07:19:46.429Z] {"timestamp":1784877584497,"kind":"change","url":"http://localhost:3000/register","viewport":{"width":1536,"height":730},"payload":{"target":{"tag":"input","id":"mobile","name":"mobile","type":"tel","role":null,"ariaLabel":null,"testId":null,"dataLoc":null,"href":null,"text":"","selectorHint":"#mobile"},"value":"0987656789"}}
[2026-07-24T07:19:46.429Z] {"timestamp":1784877584497,"kind":"focusout","url":"http://localhost:3000/register","viewport":{"width":1536,"height":730},"payload":{"target":{"tag":"input","id":"mobile","name":"mobile","type":"tel","role":null,"ariaLabel":null,"testId":null,"dataLoc":null,"href":null,"text":"","selectorHint":"#mobile"},"value":"0987656789"}}
[2026-07-24T07:19:46.429Z] {"timestamp":1784877584498,"kind":"focusin","url":"http://localhost:3000/register","viewport":{"width":1536,"height":730},"payload":{"target":{"tag":"input","id":"password","name":"password","type":"password","role":null,"ariaLabel":null,"testId":null,"dataLoc":null,"href":null,"text":"","selectorHint":"#password"}}}
[2026-07-24T07:19:46.429Z] {"timestamp":1784877584710,"kind":"click","url":"http://localhost:3000/register","viewport":{"width":1536,"height":730},"payload":{"target":{"tag":"input","id":"password","name":"password","type":"password","role":null,"ariaLabel":null,"testId":null,"dataLoc":null,"href":null,"text":"","selectorHint":"#password"},"x":672,"y":483}}
[2026-07-24T07:19:52.441Z] {"timestamp":1784877590893,"kind":"change","url":"http://localhost:3000/register","viewport":{"width":1536,"height":730},"payload":{"target":{"tag":"input","id":"password","name":"password","type":"password","role":null,"ariaLabel":null,"testId":null,"dataLoc":null,"href":null,"text":"","selectorHint":"#password"},"value":{"masked":true,"length":12}}}
[2026-07-24T07:19:52.441Z] {"timestamp":1784877590893,"kind":"focusout","url":"http://localhost:3000/register","viewport":{"width":1536,"height":730},"payload":{"target":{"tag":"input","id":"password","name":"password","type":"password","role":null,"ariaLabel":null,"testId":null,"dataLoc":null,"href":null,"text":"","selectorHint":"#password"},"value":{"masked":true,"length":12}}}
[2026-07-24T07:19:52.441Z] {"timestamp":1784877590893,"kind":"focusin","url":"http://localhost:3000/register","viewport":{"width":1536,"height":730},"payload":{"target":{"tag":"button","id":null,"name":null,"type":null,"role":null,"ariaLabel":null,"testId":null,"dataLoc":null,"href":null,"text":"","selectorHint":"button"}}}
[2026-07-24T07:19:52.441Z] {"timestamp":1784877591108,"kind":"click","url":"http://localhost:3000/register","viewport":{"width":1536,"height":730},"payload":{"target":{"tag":"path","id":null,"name":null,"type":null,"role":null,"ariaLabel":null,"testId":null,"dataLoc":null,"href":null,"text":"","selectorHint":"path"},"x":916,"y":475}}
[2026-07-24T07:19:54.426Z] {"timestamp":1784877592531,"kind":"focusout","url":"http://localhost:3000/register","viewport":{"width":1536,"height":730},"payload":{"target":{"tag":"button","id":null,"name":null,"type":null,"role":null,"ariaLabel":null,"testId":null,"dataLoc":null,"href":null,"text":"","selectorHint":"button"},"value":null}}
[2026-07-24T07:19:54.426Z] {"timestamp":1784877592533,"kind":"focusin","url":"http://localhost:3000/register","viewport":{"width":1536,"height":730},"payload":{"target":{"tag":"input","id":"confirmPassword","name":"confirmPassword","type":"password","role":null,"ariaLabel":null,"testId":null,"dataLoc":null,"href":null,"text":"","selectorHint":"#confirmPassword"}}}
[2026-07-24T07:19:54.426Z] {"timestamp":1784877592751,"kind":"click","url":"http://localhost:3000/register","viewport":{"width":1536,"height":730},"payload":{"target":{"tag":"input","id":"confirmPassword","name":"confirmPassword","type":"password","role":null,"ariaLabel":null,"testId":null,"dataLoc":null,"href":null,"text":"","selectorHint":"#confirmPassword"},"x":650,"y":570}}
[2026-07-24T07:19:58.429Z] {"timestamp":1784877597737,"kind":"change","url":"http://localhost:3000/register","viewport":{"width":1536,"height":730},"payload":{"target":{"tag":"input","id":"confirmPassword","name":"confirmPassword","type":"password","role":null,"ariaLabel":null,"testId":null,"dataLoc":null,"href":null,"text":"","selectorHint":"#confirmPassword"},"value":{"masked":true,"length":12}}}
[2026-07-24T07:19:58.429Z] {"timestamp":1784877597737,"kind":"focusout","url":"http://localhost:3000/register","viewport":{"width":1536,"height":730},"payload":{"target":{"tag":"input","id":"confirmPassword","name":"confirmPassword","type":"password","role":null,"ariaLabel":null,"testId":null,"dataLoc":null,"href":null,"text":"","selectorHint":"#confirmPassword"},"value":{"masked":true,"length":12}}}
[2026-07-24T07:19:58.429Z] {"timestamp":1784877597737,"kind":"focusin","url":"http://localhost:3000/register","viewport":{"width":1536,"height":730},"payload":{"target":{"tag":"button","id":null,"name":null,"type":null,"role":"checkbox","ariaLabel":null,"testId":null,"dataLoc":null,"href":null,"text":"","selectorHint":"button"}}}
[2026-07-24T07:19:58.429Z] {"timestamp":1784877597960,"kind":"click","url":"http://localhost:3000/register","viewport":{"width":1536,"height":730},"payload":{"target":{"tag":"button","id":null,"name":null,"type":null,"role":"checkbox","ariaLabel":null,"testId":null,"dataLoc":null,"href":null,"text":"","selectorHint":"button"},"x":588,"y":622}}
[2026-07-24T07:19:58.429Z] {"timestamp":1784877597965,"kind":"click","url":"http://localhost:3000/register","viewport":{"width":1536,"height":730},"payload":{"target":{"tag":"input","id":null,"name":"agreeTerms","type":"checkbox","role":null,"ariaLabel":null,"testId":null,"dataLoc":null,"href":null,"text":"","selectorHint":"input"}}}
[2026-07-24T07:20:00.855Z] {"timestamp":1784877598846,"kind":"focusout","url":"http://localhost:3000/register","viewport":{"width":1536,"height":730},"payload":{"target":{"tag":"button","id":null,"name":null,"type":null,"role":"checkbox","ariaLabel":null,"testId":null,"dataLoc":null,"href":null,"text":"","selectorHint":"button"},"value":null}}
[2026-07-24T07:20:00.855Z] {"timestamp":1784877598846,"kind":"focusin","url":"http://localhost:3000/register","viewport":{"width":1536,"height":730},"payload":{"target":{"tag":"button","id":null,"name":null,"type":null,"role":null,"ariaLabel":null,"testId":null,"dataLoc":null,"href":null,"text":"Create Account","selectorHint":"button"}}}
[2026-07-24T07:20:00.855Z] {"timestamp":1784877599062,"kind":"click","url":"http://localhost:3000/register","viewport":{"width":1536,"height":730},"payload":{"target":{"tag":"button","id":null,"name":null,"type":null,"role":null,"ariaLabel":null,"testId":null,"dataLoc":null,"href":null,"text":"Create Account","selectorHint":"button"},"x":690,"y":658}}
[2026-07-24T07:20:00.855Z] {"timestamp":1784877599063,"kind":"submit","url":"http://localhost:3000/register","viewport":{"width":1536,"height":730},"payload":{"target":{"tag":"form","id":null,"name":null,"type":null,"role":null,"ariaLabel":null,"testId":null,"dataLoc":null,"href":null,"text":"Full Name Email Address Mobile Number Password Strength: strong Confirm Password…","selectorHint":"form"}}}
[2026-07-24T07:20:00.855Z] {"timestamp":1784877600728,"kind":"navigate","url":"http://localhost:3000/login","viewport":{"width":1536,"height":730},"payload":{"reason":"pushState"}}
[2026-07-24T07:20:00.855Z] {"timestamp":1784877600732,"kind":"focusout","url":"http://localhost:3000/login","viewport":{"width":1536,"height":730},"payload":{"target":{"tag":"button","id":null,"name":null,"type":null,"role":null,"ariaLabel":null,"testId":null,"dataLoc":null,"href":null,"text":"Create Account","selectorHint":"button"},"value":null}}
[2026-07-24T07:20:02.430Z] {"timestamp":1784877602259,"kind":"focusin","url":"http://localhost:3000/login","viewport":{"width":1536,"height":730},"payload":{"target":{"tag":"input","id":"email","name":null,"type":"email","role":null,"ariaLabel":null,"testId":null,"dataLoc":null,"href":null,"text":"","selectorHint":"#email"}}}
[2026-07-24T07:20:04.434Z] {"timestamp":1784877602478,"kind":"click","url":"http://localhost:3000/login","viewport":{"width":1536,"height":730},"payload":{"target":{"tag":"input","id":"email","name":null,"type":"email","role":null,"ariaLabel":null,"testId":null,"dataLoc":null,"href":null,"text":"","selectorHint":"#email"},"x":756,"y":258}}
[2026-07-24T07:20:06.421Z] {"timestamp":1784877606096,"kind":"change","url":"http://localhost:3000/login","viewport":{"width":1536,"height":730},"payload":{"target":{"tag":"input","id":"email","name":null,"type":"email","role":null,"ariaLabel":null,"testId":null,"dataLoc":null,"href":null,"text":"","selectorHint":"#email"},"value":"sirishaa@gmail.com"}}
[2026-07-24T07:20:08.449Z] {"timestamp":1784877606858,"kind":"focusout","url":"http://localhost:3000/login","viewport":{"width":1536,"height":730},"payload":{"target":{"tag":"input","id":"email","name":null,"type":"email","role":null,"ariaLabel":null,"testId":null,"dataLoc":null,"href":null,"text":"","selectorHint":"#email"},"value":"sirishaa@gmail.com"}}
[2026-07-24T07:20:08.449Z] {"timestamp":1784877606859,"kind":"focusin","url":"http://localhost:3000/login","viewport":{"width":1536,"height":730},"payload":{"target":{"tag":"input","id":"password","name":null,"type":"password","role":null,"ariaLabel":null,"testId":null,"dataLoc":null,"href":null,"text":"","selectorHint":"#password"}}}
[2026-07-24T07:20:08.449Z] {"timestamp":1784877607079,"kind":"click","url":"http://localhost:3000/login","viewport":{"width":1536,"height":730},"payload":{"target":{"tag":"input","id":"password","name":null,"type":"password","role":null,"ariaLabel":null,"testId":null,"dataLoc":null,"href":null,"text":"","selectorHint":"#password"},"x":741,"y":327}}
[2026-07-24T07:20:14.434Z] {"timestamp":1784877613728,"kind":"change","url":"http://localhost:3000/login","viewport":{"width":1536,"height":730},"payload":{"target":{"tag":"input","id":"password","name":null,"type":"password","role":null,"ariaLabel":null,"testId":null,"dataLoc":null,"href":null,"text":"","selectorHint":"#password"},"value":{"masked":true,"length":12}}}
[2026-07-24T07:20:14.434Z] {"timestamp":1784877613729,"kind":"focusout","url":"http://localhost:3000/login","viewport":{"width":1536,"height":730},"payload":{"target":{"tag":"input","id":"password","name":null,"type":"password","role":null,"ariaLabel":null,"testId":null,"dataLoc":null,"href":null,"text":"","selectorHint":"#password"},"value":{"masked":true,"length":12}}}
[2026-07-24T07:20:14.434Z] {"timestamp":1784877613729,"kind":"focusin","url":"http://localhost:3000/login","viewport":{"width":1536,"height":730},"payload":{"target":{"tag":"button","id":null,"name":null,"type":null,"role":null,"ariaLabel":null,"testId":null,"dataLoc":null,"href":null,"text":"","selectorHint":"button"}}}
[2026-07-24T07:20:14.434Z] {"timestamp":1784877613942,"kind":"click","url":"http://localhost:3000/login","viewport":{"width":1536,"height":730},"payload":{"target":{"tag":"svg","id":null,"name":null,"type":null,"role":null,"ariaLabel":null,"testId":null,"dataLoc":null,"href":null,"text":"","selectorHint":"svg"},"x":916,"y":326}}
[2026-07-24T07:20:17.178Z] {"timestamp":1784877615122,"kind":"focusout","url":"http://localhost:3000/login","viewport":{"width":1536,"height":730},"payload":{"target":{"tag":"button","id":null,"name":null,"type":null,"role":null,"ariaLabel":null,"testId":null,"dataLoc":null,"href":null,"text":"","selectorHint":"button"},"value":null}}
[2026-07-24T07:20:17.178Z] {"timestamp":1784877615122,"kind":"focusin","url":"http://localhost:3000/login","viewport":{"width":1536,"height":730},"payload":{"target":{"tag":"button","id":null,"name":null,"type":null,"role":null,"ariaLabel":null,"testId":null,"dataLoc":null,"href":null,"text":"Sign In","selectorHint":"button"}}}
[2026-07-24T07:20:17.178Z] {"timestamp":1784877615342,"kind":"click","url":"http://localhost:3000/login","viewport":{"width":1536,"height":730},"payload":{"target":{"tag":"button","id":null,"name":null,"type":null,"role":null,"ariaLabel":null,"testId":null,"dataLoc":null,"href":null,"text":"Sign In","selectorHint":"button"},"x":696,"y":414}}
[2026-07-24T07:20:17.178Z] {"timestamp":1784877615342,"kind":"submit","url":"http://localhost:3000/login","viewport":{"width":1536,"height":730},"payload":{"target":{"tag":"form","id":null,"name":null,"type":null,"role":null,"ariaLabel":null,"testId":null,"dataLoc":null,"href":null,"text":"Email Address Password Remember me Forgot password? Sign In","selectorHint":"form"}}}
[2026-07-24T07:20:17.178Z] {"timestamp":1784877616994,"kind":"navigate","url":"http://localhost:3000/user/dashboard","viewport":{"width":1536,"height":730},"payload":{"reason":"pushState"}}
[2026-07-24T07:20:17.178Z] {"timestamp":1784877617000,"kind":"focusout","url":"http://localhost:3000/user/dashboard","viewport":{"width":1536,"height":730},"payload":{"target":{"tag":"button","id":null,"name":null,"type":null,"role":null,"ariaLabel":null,"testId":null,"dataLoc":null,"href":null,"text":"Sign In","selectorHint":"button"},"value":null}}
[2026-07-24T07:20:40.430Z] {"timestamp":1784877640280,"kind":"scroll","url":"http://localhost:3000/user/dashboard","viewport":{"width":1536,"height":730},"payload":{"scrollX":0,"scrollY":82.4000015258789,"documentHeight":1587,"viewportHeight":730}}
[2026-07-24T07:20:46.421Z] {"timestamp":1784877645411,"kind":"navigate","url":"http://localhost:3000/login","viewport":{"width":1536,"height":730},"payload":{"reason":"popstate"}}
[2026-07-24T07:20:46.421Z] {"timestamp":1784877645451,"kind":"scroll","url":"http://localhost:3000/login","viewport":{"width":1536,"height":730},"payload":{"scrollX":0,"scrollY":2.4000000953674316,"documentHeight":924,"viewportHeight":730}}
[2026-07-24T07:20:50.421Z] {"timestamp":1784877648439,"kind":"focusin","url":"http://localhost:3000/login","viewport":{"width":1536,"height":730},"payload":{"target":{"tag":"input","id":"email","name":null,"type":"email","role":null,"ariaLabel":null,"testId":null,"dataLoc":null,"href":null,"text":"","selectorHint":"#email"}}}
[2026-07-24T07:20:50.421Z] {"timestamp":1784877648661,"kind":"click","url":"http://localhost:3000/login","viewport":{"width":1536,"height":730},"payload":{"target":{"tag":"input","id":"email","name":null,"type":"email","role":null,"ariaLabel":null,"testId":null,"dataLoc":null,"href":null,"text":"","selectorHint":"#email"},"x":649,"y":253}}
[2026-07-24T07:20:52.425Z] {"timestamp":1784877652154,"kind":"change","url":"http://localhost:3000/login","viewport":{"width":1536,"height":730},"payload":{"target":{"tag":"input","id":"email","name":null,"type":"email","role":null,"ariaLabel":null,"testId":null,"dataLoc":null,"href":null,"text":"","selectorHint":"#email"},"value":"recruiter@jobportal.com"}}
[2026-07-24T07:20:54.420Z] {"timestamp":1784877652896,"kind":"focusout","url":"http://localhost:3000/login","viewport":{"width":1536,"height":730},"payload":{"target":{"tag":"input","id":"email","name":null,"type":"email","role":null,"ariaLabel":null,"testId":null,"dataLoc":null,"href":null,"text":"","selectorHint":"#email"},"value":"recruiter@jobportal.com"}}
[2026-07-24T07:20:54.420Z] {"timestamp":1784877652897,"kind":"focusin","url":"http://localhost:3000/login","viewport":{"width":1536,"height":730},"payload":{"target":{"tag":"input","id":"password","name":null,"type":"password","role":null,"ariaLabel":null,"testId":null,"dataLoc":null,"href":null,"text":"","selectorHint":"#password"}}}
[2026-07-24T07:20:54.420Z] {"timestamp":1784877653112,"kind":"click","url":"http://localhost:3000/login","viewport":{"width":1536,"height":730},"payload":{"target":{"tag":"input","id":"password","name":null,"type":"password","role":null,"ariaLabel":null,"testId":null,"dataLoc":null,"href":null,"text":"","selectorHint":"#password"},"x":689,"y":327}}
[2026-07-24T07:20:58.434Z] {"timestamp":1784877657801,"kind":"change","url":"http://localhost:3000/login","viewport":{"width":1536,"height":730},"payload":{"target":{"tag":"input","id":"password","name":null,"type":"password","role":null,"ariaLabel":null,"testId":null,"dataLoc":null,"href":null,"text":"","selectorHint":"#password"},"value":{"masked":true,"length":12}}}
[2026-07-24T07:20:58.434Z] {"timestamp":1784877657802,"kind":"focusout","url":"http://localhost:3000/login","viewport":{"width":1536,"height":730},"payload":{"target":{"tag":"input","id":"password","name":null,"type":"password","role":null,"ariaLabel":null,"testId":null,"dataLoc":null,"href":null,"text":"","selectorHint":"#password"},"value":{"masked":true,"length":12}}}
[2026-07-24T07:20:58.434Z] {"timestamp":1784877657802,"kind":"focusin","url":"http://localhost:3000/login","viewport":{"width":1536,"height":730},"payload":{"target":{"tag":"button","id":null,"name":null,"type":null,"role":null,"ariaLabel":null,"testId":null,"dataLoc":null,"href":null,"text":"","selectorHint":"button"}}}
[2026-07-24T07:20:58.434Z] {"timestamp":1784877658028,"kind":"click","url":"http://localhost:3000/login","viewport":{"width":1536,"height":730},"payload":{"target":{"tag":"svg","id":null,"name":null,"type":null,"role":null,"ariaLabel":null,"testId":null,"dataLoc":null,"href":null,"text":"","selectorHint":"svg"},"x":916,"y":329}}
[2026-07-24T07:21:03.782Z] {"timestamp":1784877659160,"kind":"focusout","url":"http://localhost:3000/login","viewport":{"width":1536,"height":730},"payload":{"target":{"tag":"button","id":null,"name":null,"type":null,"role":null,"ariaLabel":null,"testId":null,"dataLoc":null,"href":null,"text":"","selectorHint":"button"},"value":null}}
[2026-07-24T07:21:03.782Z] {"timestamp":1784877659160,"kind":"focusin","url":"http://localhost:3000/login","viewport":{"width":1536,"height":730},"payload":{"target":{"tag":"button","id":null,"name":null,"type":null,"role":null,"ariaLabel":null,"testId":null,"dataLoc":null,"href":null,"text":"Sign In","selectorHint":"button"}}}
[2026-07-24T07:21:03.782Z] {"timestamp":1784877659378,"kind":"click","url":"http://localhost:3000/login","viewport":{"width":1536,"height":730},"payload":{"target":{"tag":"button","id":null,"name":null,"type":null,"role":null,"ariaLabel":null,"testId":null,"dataLoc":null,"href":null,"text":"Sign In","selectorHint":"button"},"x":749,"y":413}}
[2026-07-24T07:21:03.782Z] {"timestamp":1784877659378,"kind":"submit","url":"http://localhost:3000/login","viewport":{"width":1536,"height":730},"payload":{"target":{"tag":"form","id":null,"name":null,"type":null,"role":null,"ariaLabel":null,"testId":null,"dataLoc":null,"href":null,"text":"Email Address Password Remember me Forgot password? Sign In","selectorHint":"form"}}}
[2026-07-24T07:21:03.782Z] {"timestamp":1784877659555,"kind":"network_error","url":"http://localhost:3000/login","viewport":{"width":1536,"height":730},"payload":{"kind":"fetch","method":"POST","url":"http://localhost:5000/api/auth/login","status":400,"statusText":"Bad Request"}}
[2026-07-24T07:21:03.782Z] {"timestamp":1784877663762,"kind":"focusout","url":"http://localhost:3000/login","viewport":{"width":1536,"height":730},"payload":{"target":{"tag":"button","id":null,"name":null,"type":null,"role":null,"ariaLabel":null,"testId":null,"dataLoc":null,"href":null,"text":"Sign In","selectorHint":"button"},"value":null}}
[2026-07-24T07:21:03.782Z] {"timestamp":1784877663763,"kind":"focusin","url":"http://localhost:3000/login","viewport":{"width":1536,"height":730},"payload":{"target":{"tag":"button","id":null,"name":null,"type":null,"role":null,"ariaLabel":null,"testId":null,"dataLoc":null,"href":null,"text":"Sign In","selectorHint":"button"}}}
[2026-07-24T07:21:08.433Z] {"timestamp":1784877666593,"kind":"click","url":"http://localhost:3000/login","viewport":{"width":1536,"height":730},"payload":{"target":{"tag":"button","id":null,"name":null,"type":null,"role":null,"ariaLabel":null,"testId":null,"dataLoc":null,"href":null,"text":"Sign In","selectorHint":"button"},"x":771,"y":413}}
[2026-07-24T07:21:08.433Z] {"timestamp":1784877666593,"kind":"submit","url":"http://localhost:3000/login","viewport":{"width":1536,"height":730},"payload":{"target":{"tag":"form","id":null,"name":null,"type":null,"role":null,"ariaLabel":null,"testId":null,"dataLoc":null,"href":null,"text":"Email Address Password Remember me Forgot password? Sign In","selectorHint":"form"}}}
[2026-07-24T07:21:08.433Z] {"timestamp":1784877666607,"kind":"network_error","url":"http://localhost:3000/login","viewport":{"width":1536,"height":730},"payload":{"kind":"fetch","method":"POST","url":"http://localhost:5000/api/auth/login","status":400,"statusText":"Bad Request"}}
[2026-07-24T07:21:08.433Z] {"timestamp":1784877668195,"kind":"focusout","url":"http://localhost:3000/login","viewport":{"width":1536,"height":730},"payload":{"target":{"tag":"button","id":null,"name":null,"type":null,"role":null,"ariaLabel":null,"testId":null,"dataLoc":null,"href":null,"text":"Sign In","selectorHint":"button"},"value":null}}
[2026-07-24T07:21:08.433Z] {"timestamp":1784877668199,"kind":"focusin","url":"http://localhost:3000/login","viewport":{"width":1536,"height":730},"payload":{"target":{"tag":"button","id":null,"name":null,"type":null,"role":null,"ariaLabel":null,"testId":null,"dataLoc":null,"href":null,"text":"Sign In","selectorHint":"button"}}}
[2026-07-24T07:21:18.684Z] {"timestamp":1784877670978,"kind":"click","url":"http://localhost:3000/login","viewport":{"width":1536,"height":730},"payload":{"target":{"tag":"button","id":null,"name":null,"type":null,"role":null,"ariaLabel":null,"testId":null,"dataLoc":null,"href":null,"text":"Sign In","selectorHint":"button"},"x":810,"y":417}}
[2026-07-24T07:21:18.684Z] {"timestamp":1784877670978,"kind":"submit","url":"http://localhost:3000/login","viewport":{"width":1536,"height":730},"payload":{"target":{"tag":"form","id":null,"name":null,"type":null,"role":null,"ariaLabel":null,"testId":null,"dataLoc":null,"href":null,"text":"Email Address Password Remember me Forgot password? Sign In","selectorHint":"form"}}}
[2026-07-24T07:21:18.684Z] {"timestamp":1784877670987,"kind":"network_error","url":"http://localhost:3000/login","viewport":{"width":1536,"height":730},"payload":{"kind":"fetch","method":"POST","url":"http://localhost:5000/api/auth/login","status":400,"statusText":"Bad Request"}}
[2026-07-24T07:21:18.684Z] {"timestamp":1784877678653,"kind":"focusout","url":"http://localhost:3000/login","viewport":{"width":1536,"height":730},"payload":{"target":{"tag":"button","id":null,"name":null,"type":null,"role":null,"ariaLabel":null,"testId":null,"dataLoc":null,"href":null,"text":"Sign In","selectorHint":"button"},"value":null}}
[2026-07-24T07:21:18.684Z] {"timestamp":1784877678657,"kind":"focusin","url":"http://localhost:3000/login","viewport":{"width":1536,"height":730},"payload":{"target":{"tag":"button","id":null,"name":null,"type":null,"role":null,"ariaLabel":null,"testId":null,"dataLoc":null,"href":null,"text":"Sign In","selectorHint":"button"}}}
[2026-07-24T07:21:22.433Z] {"timestamp":1784877680843,"kind":"click","url":"http://localhost:3000/login","viewport":{"width":1536,"height":730},"payload":{"target":{"tag":"button","id":null,"name":null,"type":null,"role":null,"ariaLabel":null,"testId":null,"dataLoc":null,"href":null,"text":"Sign In","selectorHint":"button"},"x":721,"y":422}}
[2026-07-24T07:21:22.433Z] {"timestamp":1784877680844,"kind":"submit","url":"http://localhost:3000/login","viewport":{"width":1536,"height":730},"payload":{"target":{"tag":"form","id":null,"name":null,"type":null,"role":null,"ariaLabel":null,"testId":null,"dataLoc":null,"href":null,"text":"Email Address Password Remember me Forgot password? Sign In","selectorHint":"form"}}}
[2026-07-24T07:21:22.433Z] {"timestamp":1784877680855,"kind":"network_error","url":"http://localhost:3000/login","viewport":{"width":1536,"height":730},"payload":{"kind":"fetch","method":"POST","url":"http://localhost:5000/api/auth/login","status":400,"statusText":"Bad Request"}}
[2026-07-24T07:21:22.433Z] {"timestamp":1784877682410,"kind":"focusout","url":"http://localhost:3000/login","viewport":{"width":1536,"height":730},"payload":{"target":{"tag":"button","id":null,"name":null,"type":null,"role":null,"ariaLabel":null,"testId":null,"dataLoc":null,"href":null,"text":"Sign In","selectorHint":"button"},"value":null}}
[2026-07-24T07:21:22.433Z] {"timestamp":1784877682412,"kind":"focusin","url":"http://localhost:3000/login","viewport":{"width":1536,"height":730},"payload":{"target":{"tag":"button","id":null,"name":null,"type":null,"role":null,"ariaLabel":null,"testId":null,"dataLoc":null,"href":null,"text":"Sign In","selectorHint":"button"}}}
[2026-07-24T07:21:27.686Z] {"timestamp":1784877684545,"kind":"focusout","url":"http://localhost:3000/login","viewport":{"width":1536,"height":730},"payload":{"target":{"tag":"button","id":null,"name":null,"type":null,"role":null,"ariaLabel":null,"testId":null,"dataLoc":null,"href":null,"text":"Sign In","selectorHint":"button"},"value":null}}
[2026-07-24T07:21:30.432Z] {"timestamp":1784877690302,"kind":"focusin","url":"http://localhost:3000/login","viewport":{"width":1536,"height":730},"payload":{"target":{"tag":"button","id":null,"name":null,"type":null,"role":null,"ariaLabel":null,"testId":null,"dataLoc":null,"href":null,"text":"Sign In","selectorHint":"button"}}}
[2026-07-24T07:21:32.859Z] {"timestamp":1784877692201,"kind":"focusout","url":"http://localhost:3000/login","viewport":{"width":1536,"height":730},"payload":{"target":{"tag":"button","id":null,"name":null,"type":null,"role":null,"ariaLabel":null,"testId":null,"dataLoc":null,"href":null,"text":"Sign In","selectorHint":"button"},"value":null}}
[2026-07-24T07:22:39.303Z] {"timestamp":1784877759299,"kind":"focusin","url":"http://localhost:3000/login","viewport":{"width":1536,"height":730},"payload":{"target":{"tag":"button","id":null,"name":null,"type":null,"role":null,"ariaLabel":null,"testId":null,"dataLoc":null,"href":null,"text":"Sign In","selectorHint":"button"}}}
[2026-07-24T07:22:51.038Z] {"timestamp":1784877761096,"kind":"click","url":"http://localhost:3000/login","viewport":{"width":1536,"height":730},"payload":{"target":{"tag":"button","id":null,"name":null,"type":null,"role":null,"ariaLabel":null,"testId":null,"dataLoc":null,"href":null,"text":"Sign In","selectorHint":"button"},"x":703,"y":422}}
[2026-07-24T07:22:51.038Z] {"timestamp":1784877761096,"kind":"submit","url":"http://localhost:3000/login","viewport":{"width":1536,"height":730},"payload":{"target":{"tag":"form","id":null,"name":null,"type":null,"role":null,"ariaLabel":null,"testId":null,"dataLoc":null,"href":null,"text":"Email Address Password Remember me Forgot password? Sign In","selectorHint":"form"}}}
[2026-07-24T07:22:51.038Z] {"timestamp":1784877761177,"kind":"network_error","url":"http://localhost:3000/login","viewport":{"width":1536,"height":730},"payload":{"kind":"fetch","method":"POST","url":"http://localhost:5000/api/auth/login","status":400,"statusText":"Bad Request"}}
[2026-07-24T07:22:51.038Z] {"timestamp":1784877770869,"kind":"focusout","url":"http://localhost:3000/login","viewport":{"width":1536,"height":730},"payload":{"target":{"tag":"button","id":null,"name":null,"type":null,"role":null,"ariaLabel":null,"testId":null,"dataLoc":null,"href":null,"text":"Sign In","selectorHint":"button"},"value":null}}
[2026-07-24T07:22:51.038Z] {"timestamp":1784877770869,"kind":"focusin","url":"http://localhost:3000/login","viewport":{"width":1536,"height":730},"payload":{"target":{"tag":"button","id":null,"name":null,"type":null,"role":null,"ariaLabel":null,"testId":null,"dataLoc":null,"href":null,"text":"Sign In","selectorHint":"button"}}}
[2026-07-24T07:22:54.669Z] {"timestamp":1784877773605,"kind":"focusout","url":"http://localhost:3000/login","viewport":{"width":1536,"height":730},"payload":{"target":{"tag":"button","id":null,"name":null,"type":null,"role":null,"ariaLabel":null,"testId":null,"dataLoc":null,"href":null,"text":"Sign In","selectorHint":"button"},"value":null}}
[2026-07-24T07:22:54.669Z] {"timestamp":1784877774667,"kind":"focusin","url":"http://localhost:3000/login","viewport":{"width":1536,"height":730},"payload":{"target":{"tag":"button","id":null,"name":null,"type":null,"role":null,"ariaLabel":null,"testId":null,"dataLoc":null,"href":null,"text":"Sign In","selectorHint":"button"}}}
[2026-07-24T07:22:58.079Z] {"timestamp":1784877775977,"kind":"focusout","url":"http://localhost:3000/login","viewport":{"width":1536,"height":730},"payload":{"target":{"tag":"button","id":null,"name":null,"type":null,"role":null,"ariaLabel":null,"testId":null,"dataLoc":null,"href":null,"text":"Sign In","selectorHint":"button"},"value":null}}
[2026-07-24T07:29:16.354Z] {"timestamp":1784878156104,"kind":"focusin","url":"http://localhost:3000/login","viewport":{"width":1536,"height":730},"payload":{"target":{"tag":"button","id":null,"name":null,"type":null,"role":null,"ariaLabel":null,"testId":null,"dataLoc":null,"href":null,"text":"Sign In","selectorHint":"button"}}}
[2026-07-24T07:29:20.135Z] {"timestamp":1784878158051,"kind":"click","url":"http://localhost:3000/login","viewport":{"width":1536,"height":730},"payload":{"target":{"tag":"button","id":null,"name":null,"type":null,"role":null,"ariaLabel":null,"testId":null,"dataLoc":null,"href":null,"text":"Sign In","selectorHint":"button"},"x":713,"y":407}}
[2026-07-24T07:29:20.136Z] {"timestamp":1784878158056,"kind":"submit","url":"http://localhost:3000/login","viewport":{"width":1536,"height":730},"payload":{"target":{"tag":"form","id":null,"name":null,"type":null,"role":null,"ariaLabel":null,"testId":null,"dataLoc":null,"href":null,"text":"Email Address Password Remember me Forgot password? Sign In","selectorHint":"form"}}}
[2026-07-24T07:29:20.136Z] {"timestamp":1784878158384,"kind":"network_error","url":"http://localhost:3000/login","viewport":{"width":1536,"height":730},"payload":{"kind":"fetch","method":"POST","url":"http://localhost:5000/api/auth/login","status":400,"statusText":"Bad Request"}}
[2026-07-24T07:29:20.136Z] {"timestamp":1784878160121,"kind":"focusout","url":"http://localhost:3000/login","viewport":{"width":1536,"height":730},"payload":{"target":{"tag":"button","id":null,"name":null,"type":null,"role":null,"ariaLabel":null,"testId":null,"dataLoc":null,"href":null,"text":"Sign In","selectorHint":"button"},"value":null}}
[2026-07-24T07:29:20.429Z] {"timestamp":1784878160126,"kind":"focusin","url":"http://localhost:3000/login","viewport":{"width":1536,"height":730},"payload":{"target":{"tag":"button","id":null,"name":null,"type":null,"role":null,"ariaLabel":null,"testId":null,"dataLoc":null,"href":null,"text":"Sign In","selectorHint":"button"}}}
[2026-07-24T07:29:23.260Z] {"timestamp":1784878161800,"kind":"click","url":"http://localhost:3000/login","viewport":{"width":1536,"height":730},"payload":{"target":{"tag":"button","id":null,"name":null,"type":null,"role":null,"ariaLabel":null,"testId":null,"dataLoc":null,"href":null,"text":"Sign In","selectorHint":"button"},"x":688,"y":421}}
[2026-07-24T07:29:23.260Z] {"timestamp":1784878161801,"kind":"submit","url":"http://localhost:3000/login","viewport":{"width":1536,"height":730},"payload":{"target":{"tag":"form","id":null,"name":null,"type":null,"role":null,"ariaLabel":null,"testId":null,"dataLoc":null,"href":null,"text":"Email Address Password Remember me Forgot password? Sign In","selectorHint":"form"}}}
[2026-07-24T07:29:23.260Z] {"timestamp":1784878161814,"kind":"network_error","url":"http://localhost:3000/login","viewport":{"width":1536,"height":730},"payload":{"kind":"fetch","method":"POST","url":"http://localhost:5000/api/auth/login","status":400,"statusText":"Bad Request"}}
[2026-07-24T07:29:23.260Z] {"timestamp":1784878163245,"kind":"focusout","url":"http://localhost:3000/login","viewport":{"width":1536,"height":730},"payload":{"target":{"tag":"button","id":null,"name":null,"type":null,"role":null,"ariaLabel":null,"testId":null,"dataLoc":null,"href":null,"text":"Sign In","selectorHint":"button"},"value":null}}
[2026-07-24T07:29:23.260Z] {"timestamp":1784878163245,"kind":"focusin","url":"http://localhost:3000/login","viewport":{"width":1536,"height":730},"payload":{"target":{"tag":"button","id":null,"name":null,"type":null,"role":null,"ariaLabel":null,"testId":null,"dataLoc":null,"href":null,"text":"Sign In","selectorHint":"button"}}}
[2026-07-24T07:29:26.433Z] {"timestamp":1784878165042,"kind":"focusout","url":"http://localhost:3000/login","viewport":{"width":1536,"height":730},"payload":{"target":{"tag":"button","id":null,"name":null,"type":null,"role":null,"ariaLabel":null,"testId":null,"dataLoc":null,"href":null,"text":"Sign In","selectorHint":"button"},"value":null}}
[2026-07-24T07:29:26.433Z] {"timestamp":1784878165042,"kind":"focusin","url":"http://localhost:3000/login","viewport":{"width":1536,"height":730},"payload":{"target":{"tag":"button","id":null,"name":null,"type":null,"role":"checkbox","ariaLabel":null,"testId":null,"dataLoc":null,"href":null,"text":"","selectorHint":"button"}}}
[2026-07-24T07:29:26.433Z] {"timestamp":1784878165264,"kind":"click","url":"http://localhost:3000/login","viewport":{"width":1536,"height":730},"payload":{"target":{"tag":"button","id":null,"name":null,"type":null,"role":"checkbox","ariaLabel":null,"testId":null,"dataLoc":null,"href":null,"text":"","selectorHint":"button"},"x":594,"y":379}}
[2026-07-24T07:29:26.433Z] {"timestamp":1784878165270,"kind":"click","url":"http://localhost:3000/login","viewport":{"width":1536,"height":730},"payload":{"target":{"tag":"input","id":null,"name":null,"type":"checkbox","role":null,"ariaLabel":null,"testId":null,"dataLoc":null,"href":null,"text":"","selectorHint":"input"}}}
[2026-07-24T07:29:26.433Z] {"timestamp":1784878166288,"kind":"focusout","url":"http://localhost:3000/login","viewport":{"width":1536,"height":730},"payload":{"target":{"tag":"button","id":null,"name":null,"type":null,"role":"checkbox","ariaLabel":null,"testId":null,"dataLoc":null,"href":null,"text":"","selectorHint":"button"},"value":null}}
[2026-07-24T07:29:26.433Z] {"timestamp":1784878166288,"kind":"focusin","url":"http://localhost:3000/login","viewport":{"width":1536,"height":730},"payload":{"target":{"tag":"button","id":null,"name":null,"type":null,"role":null,"ariaLabel":null,"testId":null,"dataLoc":null,"href":null,"text":"Sign In","selectorHint":"button"}}}
[2026-07-24T07:29:28.421Z] {"timestamp":1784878166500,"kind":"click","url":"http://localhost:3000/login","viewport":{"width":1536,"height":730},"payload":{"target":{"tag":"button","id":null,"name":null,"type":null,"role":null,"ariaLabel":null,"testId":null,"dataLoc":null,"href":null,"text":"Sign In","selectorHint":"button"},"x":698,"y":408}}
[2026-07-24T07:29:28.421Z] {"timestamp":1784878166500,"kind":"submit","url":"http://localhost:3000/login","viewport":{"width":1536,"height":730},"payload":{"target":{"tag":"form","id":null,"name":null,"type":null,"role":null,"ariaLabel":null,"testId":null,"dataLoc":null,"href":null,"text":"Email Address Password Remember me Forgot password? Sign In","selectorHint":"form"}}}
[2026-07-24T07:29:28.421Z] {"timestamp":1784878166510,"kind":"network_error","url":"http://localhost:3000/login","viewport":{"width":1536,"height":730},"payload":{"kind":"fetch","method":"POST","url":"http://localhost:5000/api/auth/login","status":400,"statusText":"Bad Request"}}
[2026-07-24T07:29:28.421Z] {"timestamp":1784878168004,"kind":"focusout","url":"http://localhost:3000/login","viewport":{"width":1536,"height":730},"payload":{"target":{"tag":"button","id":null,"name":null,"type":null,"role":null,"ariaLabel":null,"testId":null,"dataLoc":null,"href":null,"text":"Sign In","selectorHint":"button"},"value":null}}
[2026-07-24T07:29:28.421Z] {"timestamp":1784878168005,"kind":"focusin","url":"http://localhost:3000/login","viewport":{"width":1536,"height":730},"payload":{"target":{"tag":"button","id":null,"name":null,"type":null,"role":null,"ariaLabel":null,"testId":null,"dataLoc":null,"href":null,"text":"Sign In","selectorHint":"button"}}}
[2026-07-24T07:29:30.433Z] {"timestamp":1784878169327,"kind":"focusout","url":"http://localhost:3000/login","viewport":{"width":1536,"height":730},"payload":{"target":{"tag":"button","id":null,"name":null,"type":null,"role":null,"ariaLabel":null,"testId":null,"dataLoc":null,"href":null,"text":"Sign In","selectorHint":"button"},"value":null}}
[2026-07-24T07:29:30.433Z] {"timestamp":1784878169327,"kind":"focusin","url":"http://localhost:3000/login","viewport":{"width":1536,"height":730},"payload":{"target":{"tag":"button","id":null,"name":null,"type":null,"role":null,"ariaLabel":null,"testId":null,"dataLoc":null,"href":null,"text":"","selectorHint":"button"}}}
[2026-07-24T07:29:30.433Z] {"timestamp":1784878169544,"kind":"click","url":"http://localhost:3000/login","viewport":{"width":1536,"height":730},"payload":{"target":{"tag":"path","id":null,"name":null,"type":null,"role":null,"ariaLabel":null,"testId":null,"dataLoc":null,"href":null,"text":"","selectorHint":"path"},"x":909,"y":326}}
[2026-07-24T07:29:32.472Z] {"timestamp":1784878170792,"kind":"click","url":"http://localhost:3000/login","viewport":{"width":1536,"height":730},"payload":{"target":{"tag":"svg","id":null,"name":null,"type":null,"role":null,"ariaLabel":null,"testId":null,"dataLoc":null,"href":null,"text":"","selectorHint":"svg"},"x":908,"y":325}}
[2026-07-24T07:29:32.472Z] {"timestamp":1784878172419,"kind":"navigate","url":"http://localhost:3000/register","viewport":{"width":1536,"height":730},"payload":{"reason":"popstate"}}
[2026-07-24T07:29:32.472Z] {"timestamp":1784878172433,"kind":"focusout","url":"http://localhost:3000/register","viewport":{"width":1536,"height":730},"payload":{"target":{"tag":"button","id":null,"name":null,"type":null,"role":null,"ariaLabel":null,"testId":null,"dataLoc":null,"href":null,"text":"","selectorHint":"button"},"value":null}}
[2026-07-24T07:29:38.430Z] {"timestamp":1784878178017,"kind":"navigate","url":"http://localhost:3000/login","viewport":{"width":1536,"height":730},"payload":{"reason":"popstate"}}
[2026-07-24T07:29:40.431Z] {"timestamp":1784878178916,"kind":"navigate","url":"http://localhost:3000/register","viewport":{"width":1536,"height":730},"payload":{"reason":"popstate"}}
[2026-07-24T07:29:40.431Z] {"timestamp":1784878178965,"kind":"scroll","url":"http://localhost:3000/register","viewport":{"width":1536,"height":730},"payload":{"scrollX":0,"scrollY":90.4000015258789,"documentHeight":1048,"viewportHeight":730}}
[2026-07-24T07:29:40.431Z] {"timestamp":1784878179715,"kind":"navigate","url":"http://localhost:3000/","viewport":{"width":1536,"height":730},"payload":{"reason":"popstate"}}
[2026-07-24T07:29:40.431Z] {"timestamp":1784878179850,"kind":"scroll","url":"http://localhost:3000/","viewport":{"width":1536,"height":730},"payload":{"scrollX":0,"scrollY":112.80000305175781,"documentHeight":4243,"viewportHeight":730}}
[2026-07-24T07:29:42.431Z] {"timestamp":1784878181984,"kind":"focusin","url":"http://localhost:3000/","viewport":{"width":1536,"height":730},"payload":{"target":{"tag":"button","id":null,"name":null,"type":null,"role":null,"ariaLabel":null,"testId":null,"dataLoc":null,"href":null,"text":"Sign Up","selectorHint":"button"}}}
[2026-07-24T07:29:42.431Z] {"timestamp":1784878182204,"kind":"click","url":"http://localhost:3000/","viewport":{"width":1536,"height":730},"payload":{"target":{"tag":"button","id":null,"name":null,"type":null,"role":null,"ariaLabel":null,"testId":null,"dataLoc":null,"href":null,"text":"Sign Up","selectorHint":"button"},"x":1440,"y":26}}
[2026-07-24T07:29:42.431Z] {"timestamp":1784878182205,"kind":"navigate","url":"http://localhost:3000/register","viewport":{"width":1536,"height":730},"payload":{"reason":"pushState"}}
[2026-07-24T07:29:42.431Z] {"timestamp":1784878182210,"kind":"focusout","url":"http://localhost:3000/register","viewport":{"width":1536,"height":730},"payload":{"target":{"tag":"button","id":null,"name":null,"type":null,"role":null,"ariaLabel":null,"testId":null,"dataLoc":null,"href":null,"text":"Sign Up","selectorHint":"button"},"value":null}}
[2026-07-24T07:29:44.436Z] {"timestamp":1784878184259,"kind":"focusin","url":"http://localhost:3000/register","viewport":{"width":1536,"height":730},"payload":{"target":{"tag":"input","id":"fullName","name":"fullName","type":"text","role":null,"ariaLabel":null,"testId":null,"dataLoc":null,"href":null,"text":"","selectorHint":"#fullName"}}}
[2026-07-24T07:29:46.432Z] {"timestamp":1784878184484,"kind":"click","url":"http://localhost:3000/register","viewport":{"width":1536,"height":730},"payload":{"target":{"tag":"input","id":"fullName","name":"fullName","type":"text","role":null,"ariaLabel":null,"testId":null,"dataLoc":null,"href":null,"text":"","selectorHint":"#fullName"},"x":779,"y":329}}
[2026-07-24T07:29:50.429Z] {"timestamp":1784878188455,"kind":"scroll","url":"http://localhost:3000/register","viewport":{"width":1536,"height":730},"payload":{"scrollX":0,"scrollY":0.800000011920929,"documentHeight":1048,"viewportHeight":730}}
[2026-07-24T07:29:50.429Z] {"timestamp":1784878189753,"kind":"scroll","url":"http://localhost:3000/register","viewport":{"width":1536,"height":730},"payload":{"scrollX":0,"scrollY":187.1999969482422,"documentHeight":1048,"viewportHeight":730}}
[2026-07-24T07:29:50.429Z] {"timestamp":1784878190266,"kind":"scroll","url":"http://localhost:3000/register","viewport":{"width":1536,"height":730},"payload":{"scrollX":0,"scrollY":18.399999618530273,"documentHeight":1048,"viewportHeight":730}}
[2026-07-24T07:29:52.433Z] {"timestamp":1784878191957,"kind":"focusout","url":"http://localhost:3000/register","viewport":{"width":1536,"height":730},"payload":{"target":{"tag":"input","id":"fullName","name":"fullName","type":"text","role":null,"ariaLabel":null,"testId":null,"dataLoc":null,"href":null,"text":"","selectorHint":"#fullName"},"value":""}}
[2026-07-24T07:29:52.433Z] {"timestamp":1784878191958,"kind":"focusin","url":"http://localhost:3000/register","viewport":{"width":1536,"height":730},"payload":{"target":{"tag":"button","id":null,"name":null,"type":null,"role":null,"ariaLabel":null,"testId":null,"dataLoc":null,"href":null,"text":"Sign in","selectorHint":"button"}}}
[2026-07-24T07:29:52.433Z] {"timestamp":1784878192169,"kind":"click","url":"http://localhost:3000/register","viewport":{"width":1536,"height":730},"payload":{"target":{"tag":"button","id":null,"name":null,"type":null,"role":null,"ariaLabel":null,"testId":null,"dataLoc":null,"href":null,"text":"Sign in","selectorHint":"button"},"x":845,"y":639}}
[2026-07-24T07:29:52.433Z] {"timestamp":1784878192170,"kind":"navigate","url":"http://localhost:3000/login","viewport":{"width":1536,"height":730},"payload":{"reason":"pushState"}}
[2026-07-24T07:29:52.433Z] {"timestamp":1784878192173,"kind":"focusout","url":"http://localhost:3000/login","viewport":{"width":1536,"height":730},"payload":{"target":{"tag":"button","id":null,"name":null,"type":null,"role":null,"ariaLabel":null,"testId":null,"dataLoc":null,"href":null,"text":"Sign in","selectorHint":"button"},"value":null}}
[2026-07-24T07:29:52.433Z] {"timestamp":1784878192188,"kind":"scroll","url":"http://localhost:3000/login","viewport":{"width":1536,"height":730},"payload":{"scrollX":0,"scrollY":194.39999389648438,"documentHeight":924,"viewportHeight":730}}
[2026-07-24T07:29:54.427Z] {"timestamp":1784878193232,"kind":"focusin","url":"http://localhost:3000/login","viewport":{"width":1536,"height":730},"payload":{"target":{"tag":"input","id":"email","name":null,"type":"email","role":null,"ariaLabel":null,"testId":null,"dataLoc":null,"href":null,"text":"","selectorHint":"#email"}}}
[2026-07-24T07:29:54.427Z] {"timestamp":1784878193450,"kind":"click","url":"http://localhost:3000/login","viewport":{"width":1536,"height":730},"payload":{"target":{"tag":"input","id":"email","name":null,"type":"email","role":null,"ariaLabel":null,"testId":null,"dataLoc":null,"href":null,"text":"","selectorHint":"#email"},"x":692,"y":161}}
[2026-07-24T07:29:58.432Z] {"timestamp":1784878197160,"kind":"change","url":"http://localhost:3000/login","viewport":{"width":1536,"height":730},"payload":{"target":{"tag":"input","id":"email","name":null,"type":"email","role":null,"ariaLabel":null,"testId":null,"dataLoc":null,"href":null,"text":"","selectorHint":"#email"},"value":"recruiter@jobportal.com"}}
[2026-07-24T07:29:58.432Z] {"timestamp":1784878197840,"kind":"focusout","url":"http://localhost:3000/login","viewport":{"width":1536,"height":730},"payload":{"target":{"tag":"input","id":"email","name":null,"type":"email","role":null,"ariaLabel":null,"testId":null,"dataLoc":null,"href":null,"text":"","selectorHint":"#email"},"value":"recruiter@jobportal.com"}}
[2026-07-24T07:29:58.432Z] {"timestamp":1784878197841,"kind":"focusin","url":"http://localhost:3000/login","viewport":{"width":1536,"height":730},"payload":{"target":{"tag":"input","id":"password","name":null,"type":"password","role":null,"ariaLabel":null,"testId":null,"dataLoc":null,"href":null,"text":"","selectorHint":"#password"}}}
[2026-07-24T07:29:58.432Z] {"timestamp":1784878198065,"kind":"click","url":"http://localhost:3000/login","viewport":{"width":1536,"height":730},"payload":{"target":{"tag":"input","id":"password","name":null,"type":"password","role":null,"ariaLabel":null,"testId":null,"dataLoc":null,"href":null,"text":"","selectorHint":"#password"},"x":693,"y":229}}
[2026-07-24T07:30:02.432Z] {"timestamp":1784878201708,"kind":"change","url":"http://localhost:3000/login","viewport":{"width":1536,"height":730},"payload":{"target":{"tag":"input","id":"password","name":null,"type":"password","role":null,"ariaLabel":null,"testId":null,"dataLoc":null,"href":null,"text":"","selectorHint":"#password"},"value":{"masked":true,"length":12}}}
[2026-07-24T07:30:02.432Z] {"timestamp":1784878201708,"kind":"focusout","url":"http://localhost:3000/login","viewport":{"width":1536,"height":730},"payload":{"target":{"tag":"input","id":"password","name":null,"type":"password","role":null,"ariaLabel":null,"testId":null,"dataLoc":null,"href":null,"text":"","selectorHint":"#password"},"value":{"masked":true,"length":12}}}
[2026-07-24T07:30:02.432Z] {"timestamp":1784878201709,"kind":"focusin","url":"http://localhost:3000/login","viewport":{"width":1536,"height":730},"payload":{"target":{"tag":"button","id":null,"name":null,"type":null,"role":null,"ariaLabel":null,"testId":null,"dataLoc":null,"href":null,"text":"Sign In","selectorHint":"button"}}}
[2026-07-24T07:30:02.432Z] {"timestamp":1784878201933,"kind":"click","url":"http://localhost:3000/login","viewport":{"width":1536,"height":730},"payload":{"target":{"tag":"form","id":null,"name":null,"type":null,"role":null,"ariaLabel":null,"testId":null,"dataLoc":null,"href":null,"text":"Email Address Password Remember me Forgot password? Sign In","selectorHint":"form"},"x":682,"y":294}}
[2026-07-24T07:30:04.421Z] {"timestamp":1784878203183,"kind":"click","url":"http://localhost:3000/login","viewport":{"width":1536,"height":730},"payload":{"target":{"tag":"form","id":null,"name":null,"type":null,"role":null,"ariaLabel":null,"testId":null,"dataLoc":null,"href":null,"text":"Email Address Password Remember me Forgot password? Sign In","selectorHint":"form"},"x":682,"y":294}}
[2026-07-24T07:30:04.421Z] {"timestamp":1784878203583,"kind":"scroll","url":"http://localhost:3000/login","viewport":{"width":1536,"height":730},"payload":{"scrollX":0,"scrollY":170.39999389648438,"documentHeight":924,"viewportHeight":730}}
[2026-07-24T07:30:04.422Z] {"timestamp":1784878204133,"kind":"scroll","url":"http://localhost:3000/login","viewport":{"width":1536,"height":730},"payload":{"scrollX":0,"scrollY":36.79999923706055,"documentHeight":924,"viewportHeight":730}}
[2026-07-24T07:30:31.057Z] {"timestamp":1784878205448,"kind":"click","url":"http://localhost:3000/login","viewport":{"width":1536,"height":730},"payload":{"target":{"tag":"button","id":null,"name":null,"type":null,"role":null,"ariaLabel":null,"testId":null,"dataLoc":null,"href":null,"text":"Sign In","selectorHint":"button"},"x":684,"y":405}}
[2026-07-24T07:30:31.057Z] {"timestamp":1784878205448,"kind":"submit","url":"http://localhost:3000/login","viewport":{"width":1536,"height":730},"payload":{"target":{"tag":"form","id":null,"name":null,"type":null,"role":null,"ariaLabel":null,"testId":null,"dataLoc":null,"href":null,"text":"Email Address Password Remember me Forgot password? Sign In","selectorHint":"form"}}}
[2026-07-24T07:30:31.057Z] {"timestamp":1784878205539,"kind":"network_error","url":"http://localhost:3000/login","viewport":{"width":1536,"height":730},"payload":{"kind":"fetch","method":"POST","url":"http://localhost:5000/api/auth/login","status":400,"statusText":"Bad Request"}}
[2026-07-24T07:30:31.057Z] {"timestamp":1784878230938,"kind":"focusout","url":"http://localhost:3000/login","viewport":{"width":1536,"height":730},"payload":{"target":{"tag":"button","id":null,"name":null,"type":null,"role":null,"ariaLabel":null,"testId":null,"dataLoc":null,"href":null,"text":"Sign In","selectorHint":"button"},"value":null}}
[2026-07-24T07:31:45.903Z] {"timestamp":1784878304356,"kind":"scroll","url":"http://localhost:3000/recruiter/dashboard","viewport":{"width":1536,"height":730},"payload":{"scrollX":0,"scrollY":34.400001525878906,"documentHeight":1503,"viewportHeight":730}}
[2026-07-24T07:31:45.903Z] {"timestamp":1784878304986,"kind":"scroll","url":"http://localhost:3000/recruiter/dashboard","viewport":{"width":1536,"height":730},"payload":{"scrollX":0,"scrollY":736.7999877929688,"documentHeight":1503,"viewportHeight":730}}
[2026-07-24T07:33:55.156Z] {"timestamp":1784878432907,"kind":"focusin","url":"http://localhost:3000/login","viewport":{"width":1536,"height":730},"payload":{"target":{"tag":"button","id":null,"name":null,"type":null,"role":null,"ariaLabel":null,"testId":null,"dataLoc":null,"href":null,"text":"Sign In","selectorHint":"button"}}}
[2026-07-24T07:33:55.156Z] {"timestamp":1784878433979,"kind":"focusout","url":"http://localhost:3000/login","viewport":{"width":1536,"height":730},"payload":{"target":{"tag":"button","id":null,"name":null,"type":null,"role":null,"ariaLabel":null,"testId":null,"dataLoc":null,"href":null,"text":"Sign In","selectorHint":"button"},"value":null}}
[2026-07-24T07:34:24.429Z] {"timestamp":1784878463812,"kind":"focusin","url":"http://localhost:3000/login","viewport":{"width":1536,"height":730},"payload":{"target":{"tag":"button","id":null,"name":null,"type":null,"role":null,"ariaLabel":null,"testId":null,"dataLoc":null,"href":null,"text":"Sign In","selectorHint":"button"}}}
[2026-07-24T07:34:26.861Z] {"timestamp":1784878466099,"kind":"focusout","url":"http://localhost:3000/login","viewport":{"width":1536,"height":730},"payload":{"target":{"tag":"button","id":null,"name":null,"type":null,"role":null,"ariaLabel":null,"testId":null,"dataLoc":null,"href":null,"text":"Sign In","selectorHint":"button"},"value":null}}
[2026-07-24T07:35:34.678Z] {"timestamp":1784878534622,"kind":"focusin","url":"http://localhost:3000/login","viewport":{"width":1536,"height":730},"payload":{"target":{"tag":"button","id":null,"name":null,"type":null,"role":null,"ariaLabel":null,"testId":null,"dataLoc":null,"href":null,"text":"Sign In","selectorHint":"button"}}}
[2026-07-24T07:35:39.614Z] {"timestamp":1784878536519,"kind":"click","url":"http://localhost:3000/login","viewport":{"width":1536,"height":730},"payload":{"target":{"tag":"button","id":null,"name":null,"type":null,"role":null,"ariaLabel":null,"testId":null,"dataLoc":null,"href":null,"text":"Sign In","selectorHint":"button"},"x":662,"y":392}}
[2026-07-24T07:35:39.614Z] {"timestamp":1784878536547,"kind":"submit","url":"http://localhost:3000/login","viewport":{"width":1536,"height":730},"payload":{"target":{"tag":"form","id":null,"name":null,"type":null,"role":null,"ariaLabel":null,"testId":null,"dataLoc":null,"href":null,"text":"Email Address Password Remember me Forgot password? Sign In","selectorHint":"form"}}}
[2026-07-24T07:35:39.614Z] {"timestamp":1784878537557,"kind":"click","url":"http://localhost:3000/login","viewport":{"width":1536,"height":730},"payload":{"target":{"tag":"button","id":null,"name":null,"type":null,"role":null,"ariaLabel":null,"testId":null,"dataLoc":null,"href":null,"text":"Sign In","selectorHint":"button"},"x":662,"y":392}}
[2026-07-24T07:35:39.614Z] {"timestamp":1784878537557,"kind":"submit","url":"http://localhost:3000/login","viewport":{"width":1536,"height":730},"payload":{"target":{"tag":"form","id":null,"name":null,"type":null,"role":null,"ariaLabel":null,"testId":null,"dataLoc":null,"href":null,"text":"Email Address Password Remember me Forgot password? Sign In","selectorHint":"form"}}}
[2026-07-24T07:35:39.614Z] {"timestamp":1784878537863,"kind":"scroll","url":"http://localhost:3000/login","viewport":{"width":1536,"height":730},"payload":{"scrollX":0,"scrollY":102.4000015258789,"documentHeight":924,"viewportHeight":730}}
[2026-07-24T07:35:41.563Z] {"timestamp":1784878538979,"kind":"network_error","url":"http://localhost:3000/login","viewport":{"width":1536,"height":730},"payload":{"kind":"fetch","method":"POST","url":"http://localhost:5000/api/auth/login","status":400,"statusText":"Bad Request"}}
[2026-07-24T07:35:41.563Z] {"timestamp":1784878538980,"kind":"network_error","url":"http://localhost:3000/login","viewport":{"width":1536,"height":730},"payload":{"kind":"fetch","method":"POST","url":"http://localhost:5000/api/auth/login","status":400,"statusText":"Bad Request"}}
[2026-07-24T07:35:41.563Z] {"timestamp":1784878540702,"kind":"focusout","url":"http://localhost:3000/login","viewport":{"width":1536,"height":730},"payload":{"target":{"tag":"button","id":null,"name":null,"type":null,"role":null,"ariaLabel":null,"testId":null,"dataLoc":null,"href":null,"text":"Sign In","selectorHint":"button"},"value":null}}
[2026-07-24T07:35:41.563Z] {"timestamp":1784878540702,"kind":"focusin","url":"http://localhost:3000/login","viewport":{"width":1536,"height":730},"payload":{"target":{"tag":"button","id":null,"name":null,"type":null,"role":null,"ariaLabel":null,"testId":null,"dataLoc":null,"href":null,"text":"Sign In","selectorHint":"button"}}}
[2026-07-24T07:35:41.563Z] {"timestamp":1784878541550,"kind":"focusout","url":"http://localhost:3000/login","viewport":{"width":1536,"height":730},"payload":{"target":{"tag":"button","id":null,"name":null,"type":null,"role":null,"ariaLabel":null,"testId":null,"dataLoc":null,"href":null,"text":"Sign In","selectorHint":"button"},"value":null}}
[2026-07-24T07:35:41.563Z] {"timestamp":1784878541551,"kind":"focusin","url":"http://localhost:3000/login","viewport":{"width":1536,"height":730},"payload":{"target":{"tag":"button","id":null,"name":null,"type":null,"role":null,"ariaLabel":null,"testId":null,"dataLoc":null,"href":null,"text":"Sign In","selectorHint":"button"}}}
[2026-07-24T07:35:44.423Z] {"timestamp":1784878543034,"kind":"focusout","url":"http://localhost:3000/login","viewport":{"width":1536,"height":730},"payload":{"target":{"tag":"button","id":null,"name":null,"type":null,"role":null,"ariaLabel":null,"testId":null,"dataLoc":null,"href":null,"text":"Sign In","selectorHint":"button"},"value":null}}
[2026-07-24T07:35:44.423Z] {"timestamp":1784878543034,"kind":"focusin","url":"http://localhost:3000/login","viewport":{"width":1536,"height":730},"payload":{"target":{"tag":"button","id":null,"name":null,"type":null,"role":null,"ariaLabel":null,"testId":null,"dataLoc":null,"href":null,"text":"Back to Home","selectorHint":"button"}}}
[2026-07-24T07:35:44.423Z] {"timestamp":1784878543248,"kind":"click","url":"http://localhost:3000/login","viewport":{"width":1536,"height":730},"payload":{"target":{"tag":"svg","id":null,"name":null,"type":null,"role":null,"ariaLabel":null,"testId":null,"dataLoc":null,"href":null,"text":"","selectorHint":"svg"},"x":40,"y":22}}
[2026-07-24T07:35:44.423Z] {"timestamp":1784878543251,"kind":"navigate","url":"http://localhost:3000/","viewport":{"width":1536,"height":730},"payload":{"reason":"pushState"}}
[2026-07-24T07:35:44.423Z] {"timestamp":1784878543288,"kind":"focusout","url":"http://localhost:3000/","viewport":{"width":1536,"height":730},"payload":{"target":{"tag":"button","id":null,"name":null,"type":null,"role":null,"ariaLabel":null,"testId":null,"dataLoc":null,"href":null,"text":"Back to Home","selectorHint":"button"},"value":null}}
[2026-07-24T07:35:48.436Z] {"timestamp":1784878546969,"kind":"focusin","url":"http://localhost:3000/","viewport":{"width":1536,"height":730},"payload":{"target":{"tag":"button","id":null,"name":null,"type":null,"role":null,"ariaLabel":null,"testId":null,"dataLoc":null,"href":null,"text":"Login","selectorHint":"button"}}}
[2026-07-24T07:35:48.436Z] {"timestamp":1784878547195,"kind":"click","url":"http://localhost:3000/","viewport":{"width":1536,"height":730},"payload":{"target":{"tag":"button","id":null,"name":null,"type":null,"role":null,"ariaLabel":null,"testId":null,"dataLoc":null,"href":null,"text":"Login","selectorHint":"button"},"x":1362,"y":36}}
[2026-07-24T07:35:48.436Z] {"timestamp":1784878547196,"kind":"navigate","url":"http://localhost:3000/login","viewport":{"width":1536,"height":730},"payload":{"reason":"pushState"}}
[2026-07-24T07:35:48.436Z] {"timestamp":1784878547211,"kind":"focusout","url":"http://localhost:3000/login","viewport":{"width":1536,"height":730},"payload":{"target":{"tag":"button","id":null,"name":null,"type":null,"role":null,"ariaLabel":null,"testId":null,"dataLoc":null,"href":null,"text":"Login","selectorHint":"button"},"value":null}}
[2026-07-24T07:35:50.426Z] {"timestamp":1784878549011,"kind":"focusin","url":"http://localhost:3000/login","viewport":{"width":1536,"height":730},"payload":{"target":{"tag":"button","id":null,"name":null,"type":null,"role":null,"ariaLabel":null,"testId":null,"dataLoc":null,"href":null,"text":"Back to Home","selectorHint":"button"}}}
[2026-07-24T07:35:50.426Z] {"timestamp":1784878549236,"kind":"click","url":"http://localhost:3000/login","viewport":{"width":1536,"height":730},"payload":{"target":{"tag":"svg","id":null,"name":null,"type":null,"role":null,"ariaLabel":null,"testId":null,"dataLoc":null,"href":null,"text":"","selectorHint":"svg"},"x":38,"y":22}}
[2026-07-24T07:35:50.426Z] {"timestamp":1784878549236,"kind":"navigate","url":"http://localhost:3000/","viewport":{"width":1536,"height":730},"payload":{"reason":"pushState"}}
[2026-07-24T07:35:50.426Z] {"timestamp":1784878549256,"kind":"focusout","url":"http://localhost:3000/","viewport":{"width":1536,"height":730},"payload":{"target":{"tag":"button","id":null,"name":null,"type":null,"role":null,"ariaLabel":null,"testId":null,"dataLoc":null,"href":null,"text":"Back to Home","selectorHint":"button"},"value":null}}
[2026-07-24T07:35:52.434Z] {"timestamp":1784878551122,"kind":"focusin","url":"http://localhost:3000/","viewport":{"width":1536,"height":730},"payload":{"target":{"tag":"button","id":null,"name":null,"type":null,"role":null,"ariaLabel":null,"testId":null,"dataLoc":null,"href":null,"text":"Sign Up","selectorHint":"button"}}}
[2026-07-24T07:35:52.434Z] {"timestamp":1784878551341,"kind":"click","url":"http://localhost:3000/","viewport":{"width":1536,"height":730},"payload":{"target":{"tag":"button","id":null,"name":null,"type":null,"role":null,"ariaLabel":null,"testId":null,"dataLoc":null,"href":null,"text":"Sign Up","selectorHint":"button"},"x":1442,"y":34}}
[2026-07-24T07:35:52.434Z] {"timestamp":1784878551342,"kind":"navigate","url":"http://localhost:3000/register","viewport":{"width":1536,"height":730},"payload":{"reason":"pushState"}}
[2026-07-24T07:35:52.434Z] {"timestamp":1784878551352,"kind":"focusout","url":"http://localhost:3000/register","viewport":{"width":1536,"height":730},"payload":{"target":{"tag":"button","id":null,"name":null,"type":null,"role":null,"ariaLabel":null,"testId":null,"dataLoc":null,"href":null,"text":"Sign Up","selectorHint":"button"},"value":null}}
[2026-07-24T07:35:54.434Z] {"timestamp":1784878552673,"kind":"focusin","url":"http://localhost:3000/register","viewport":{"width":1536,"height":730},"payload":{"target":{"tag":"input","id":"fullName","name":"fullName","type":"text","role":null,"ariaLabel":null,"testId":null,"dataLoc":null,"href":null,"text":"","selectorHint":"#fullName"}}}
[2026-07-24T07:35:54.434Z] {"timestamp":1784878552896,"kind":"click","url":"http://localhost:3000/register","viewport":{"width":1536,"height":730},"payload":{"target":{"tag":"input","id":"fullName","name":"fullName","type":"text","role":null,"ariaLabel":null,"testId":null,"dataLoc":null,"href":null,"text":"","selectorHint":"#fullName"},"x":744,"y":349}}
[2026-07-24T07:35:58.434Z] {"timestamp":1784878557954,"kind":"change","url":"http://localhost:3000/register","viewport":{"width":1536,"height":730},"payload":{"target":{"tag":"input","id":"fullName","name":"fullName","type":"text","role":null,"ariaLabel":null,"testId":null,"dataLoc":null,"href":null,"text":"","selectorHint":"#fullName"},"value":"sujinii"}}
[2026-07-24T07:35:58.434Z] {"timestamp":1784878557955,"kind":"focusout","url":"http://localhost:3000/register","viewport":{"width":1536,"height":730},"payload":{"target":{"tag":"input","id":"fullName","name":"fullName","type":"text","role":null,"ariaLabel":null,"testId":null,"dataLoc":null,"href":null,"text":"","selectorHint":"#fullName"},"value":"sujinii"}}
[2026-07-24T07:35:58.434Z] {"timestamp":1784878557956,"kind":"focusin","url":"http://localhost:3000/register","viewport":{"width":1536,"height":730},"payload":{"target":{"tag":"input","id":"email","name":"email","type":"email","role":null,"ariaLabel":null,"testId":null,"dataLoc":null,"href":null,"text":"","selectorHint":"#email"}}}
[2026-07-24T07:35:58.434Z] {"timestamp":1784878558183,"kind":"click","url":"http://localhost:3000/register","viewport":{"width":1536,"height":730},"payload":{"target":{"tag":"input","id":"email","name":"email","type":"email","role":null,"ariaLabel":null,"testId":null,"dataLoc":null,"href":null,"text":"","selectorHint":"#email"},"x":710,"y":414}}
[2026-07-24T07:36:06.426Z] {"timestamp":1784878564565,"kind":"change","url":"http://localhost:3000/register","viewport":{"width":1536,"height":730},"payload":{"target":{"tag":"input","id":"email","name":"email","type":"email","role":null,"ariaLabel":null,"testId":null,"dataLoc":null,"href":null,"text":"","selectorHint":"#email"},"value":"sujinii@gmail.com"}}
[2026-07-24T07:36:06.426Z] {"timestamp":1784878564566,"kind":"focusout","url":"http://localhost:3000/register","viewport":{"width":1536,"height":730},"payload":{"target":{"tag":"input","id":"email","name":"email","type":"email","role":null,"ariaLabel":null,"testId":null,"dataLoc":null,"href":null,"text":"","selectorHint":"#email"},"value":"sujinii@gmail.com"}}
[2026-07-24T07:36:06.426Z] {"timestamp":1784878564566,"kind":"focusin","url":"http://localhost:3000/register","viewport":{"width":1536,"height":730},"payload":{"target":{"tag":"input","id":"mobile","name":"mobile","type":"tel","role":null,"ariaLabel":null,"testId":null,"dataLoc":null,"href":null,"text":"","selectorHint":"#mobile"}}}
[2026-07-24T07:36:06.426Z] {"timestamp":1784878564796,"kind":"click","url":"http://localhost:3000/register","viewport":{"width":1536,"height":730},"payload":{"target":{"tag":"input","id":"mobile","name":"mobile","type":"tel","role":null,"ariaLabel":null,"testId":null,"dataLoc":null,"href":null,"text":"","selectorHint":"#mobile"},"x":684,"y":501}}
[2026-07-24T07:36:10.426Z] {"timestamp":1784878570110,"kind":"change","url":"http://localhost:3000/register","viewport":{"width":1536,"height":730},"payload":{"target":{"tag":"input","id":"mobile","name":"mobile","type":"tel","role":null,"ariaLabel":null,"testId":null,"dataLoc":null,"href":null,"text":"","selectorHint":"#mobile"},"value":"0987890654"}}
[2026-07-24T07:36:10.426Z] {"timestamp":1784878570110,"kind":"focusout","url":"http://localhost:3000/register","viewport":{"width":1536,"height":730},"payload":{"target":{"tag":"input","id":"mobile","name":"mobile","type":"tel","role":null,"ariaLabel":null,"testId":null,"dataLoc":null,"href":null,"text":"","selectorHint":"#mobile"},"value":"0987890654"}}
[2026-07-24T07:36:10.426Z] {"timestamp":1784878570111,"kind":"focusin","url":"http://localhost:3000/register","viewport":{"width":1536,"height":730},"payload":{"target":{"tag":"input","id":"password","name":"password","type":"password","role":null,"ariaLabel":null,"testId":null,"dataLoc":null,"href":null,"text":"","selectorHint":"#password"}}}
[2026-07-24T07:36:10.426Z] {"timestamp":1784878570327,"kind":"click","url":"http://localhost:3000/register","viewport":{"width":1536,"height":730},"payload":{"target":{"tag":"input","id":"password","name":"password","type":"password","role":null,"ariaLabel":null,"testId":null,"dataLoc":null,"href":null,"text":"","selectorHint":"#password"},"x":656,"y":579}}
[2026-07-24T07:36:16.435Z] {"timestamp":1784878574993,"kind":"change","url":"http://localhost:3000/register","viewport":{"width":1536,"height":730},"payload":{"target":{"tag":"input","id":"password","name":"password","type":"password","role":null,"ariaLabel":null,"testId":null,"dataLoc":null,"href":null,"text":"","selectorHint":"#password"},"value":{"masked":true,"length":11}}}
[2026-07-24T07:36:16.435Z] {"timestamp":1784878574993,"kind":"focusout","url":"http://localhost:3000/register","viewport":{"width":1536,"height":730},"payload":{"target":{"tag":"input","id":"password","name":"password","type":"password","role":null,"ariaLabel":null,"testId":null,"dataLoc":null,"href":null,"text":"","selectorHint":"#password"},"value":{"masked":true,"length":11}}}
[2026-07-24T07:36:16.435Z] {"timestamp":1784878574994,"kind":"focusin","url":"http://localhost:3000/register","viewport":{"width":1536,"height":730},"payload":{"target":{"tag":"button","id":null,"name":null,"type":null,"role":null,"ariaLabel":null,"testId":null,"dataLoc":null,"href":null,"text":"","selectorHint":"button"}}}
[2026-07-24T07:36:16.435Z] {"timestamp":1784878575211,"kind":"click","url":"http://localhost:3000/register","viewport":{"width":1536,"height":730},"payload":{"target":{"tag":"svg","id":null,"name":null,"type":null,"role":null,"ariaLabel":null,"testId":null,"dataLoc":null,"href":null,"text":"","selectorHint":"svg"},"x":912,"y":565}}
[2026-07-24T07:36:16.435Z] {"timestamp":1784878575464,"kind":"scroll","url":"http://localhost:3000/register","viewport":{"width":1536,"height":730},"payload":{"scrollX":0,"scrollY":22.399999618530273,"documentHeight":1072,"viewportHeight":730}}
[2026-07-24T07:36:18.433Z] {"timestamp":1784878576564,"kind":"focusout","url":"http://localhost:3000/register","viewport":{"width":1536,"height":730},"payload":{"target":{"tag":"button","id":null,"name":null,"type":null,"role":null,"ariaLabel":null,"testId":null,"dataLoc":null,"href":null,"text":"","selectorHint":"button"},"value":null}}
[2026-07-24T07:36:18.433Z] {"timestamp":1784878576565,"kind":"focusin","url":"http://localhost:3000/register","viewport":{"width":1536,"height":730},"payload":{"target":{"tag":"input","id":"confirmPassword","name":"confirmPassword","type":"password","role":null,"ariaLabel":null,"testId":null,"dataLoc":null,"href":null,"text":"","selectorHint":"#confirmPassword"}}}
[2026-07-24T07:36:18.433Z] {"timestamp":1784878576777,"kind":"click","url":"http://localhost:3000/register","viewport":{"width":1536,"height":730},"payload":{"target":{"tag":"input","id":"confirmPassword","name":"confirmPassword","type":"password","role":null,"ariaLabel":null,"testId":null,"dataLoc":null,"href":null,"text":"","selectorHint":"#confirmPassword"},"x":704,"y":489}}
[2026-07-24T07:36:22.438Z] {"timestamp":1784878581410,"kind":"change","url":"http://localhost:3000/register","viewport":{"width":1536,"height":730},"payload":{"target":{"tag":"input","id":"confirmPassword","name":"confirmPassword","type":"password","role":null,"ariaLabel":null,"testId":null,"dataLoc":null,"href":null,"text":"","selectorHint":"#confirmPassword"},"value":{"masked":true,"length":11}}}
[2026-07-24T07:36:22.438Z] {"timestamp":1784878581410,"kind":"focusout","url":"http://localhost:3000/register","viewport":{"width":1536,"height":730},"payload":{"target":{"tag":"input","id":"confirmPassword","name":"confirmPassword","type":"password","role":null,"ariaLabel":null,"testId":null,"dataLoc":null,"href":null,"text":"","selectorHint":"#confirmPassword"},"value":{"masked":true,"length":11}}}
[2026-07-24T07:36:22.438Z] {"timestamp":1784878581410,"kind":"focusin","url":"http://localhost:3000/register","viewport":{"width":1536,"height":730},"payload":{"target":{"tag":"button","id":null,"name":null,"type":null,"role":null,"ariaLabel":null,"testId":null,"dataLoc":null,"href":null,"text":"","selectorHint":"button"}}}
[2026-07-24T07:36:22.438Z] {"timestamp":1784878581629,"kind":"click","url":"http://localhost:3000/register","viewport":{"width":1536,"height":730},"payload":{"target":{"tag":"path","id":null,"name":null,"type":null,"role":null,"ariaLabel":null,"testId":null,"dataLoc":null,"href":null,"text":"","selectorHint":"path"},"x":915,"y":484}}
[2026-07-24T07:36:25.759Z] {"timestamp":1784878582676,"kind":"focusout","url":"http://localhost:3000/register","viewport":{"width":1536,"height":730},"payload":{"target":{"tag":"button","id":null,"name":null,"type":null,"role":null,"ariaLabel":null,"testId":null,"dataLoc":null,"href":null,"text":"","selectorHint":"button"},"value":null}}
[2026-07-24T07:36:25.759Z] {"timestamp":1784878582677,"kind":"focusin","url":"http://localhost:3000/register","viewport":{"width":1536,"height":730},"payload":{"target":{"tag":"button","id":null,"name":null,"type":null,"role":"checkbox","ariaLabel":null,"testId":null,"dataLoc":null,"href":null,"text":"","selectorHint":"button"}}}
[2026-07-24T07:36:25.759Z] {"timestamp":1784878582889,"kind":"click","url":"http://localhost:3000/register","viewport":{"width":1536,"height":730},"payload":{"target":{"tag":"button","id":null,"name":null,"type":null,"role":"checkbox","ariaLabel":null,"testId":null,"dataLoc":null,"href":null,"text":"","selectorHint":"button"},"x":593,"y":529}}
[2026-07-24T07:36:25.759Z] {"timestamp":1784878582896,"kind":"click","url":"http://localhost:3000/register","viewport":{"width":1536,"height":730},"payload":{"target":{"tag":"input","id":null,"name":"agreeTerms","type":"checkbox","role":null,"ariaLabel":null,"testId":null,"dataLoc":null,"href":null,"text":"","selectorHint":"input"}}}
[2026-07-24T07:36:25.759Z] {"timestamp":1784878583668,"kind":"focusout","url":"http://localhost:3000/register","viewport":{"width":1536,"height":730},"payload":{"target":{"tag":"button","id":null,"name":null,"type":null,"role":"checkbox","ariaLabel":null,"testId":null,"dataLoc":null,"href":null,"text":"","selectorHint":"button"},"value":null}}
[2026-07-24T07:36:25.759Z] {"timestamp":1784878583668,"kind":"focusin","url":"http://localhost:3000/register","viewport":{"width":1536,"height":730},"payload":{"target":{"tag":"button","id":null,"name":null,"type":null,"role":null,"ariaLabel":null,"testId":null,"dataLoc":null,"href":null,"text":"Create Account","selectorHint":"button"}}}
[2026-07-24T07:36:25.759Z] {"timestamp":1784878583892,"kind":"click","url":"http://localhost:3000/register","viewport":{"width":1536,"height":730},"payload":{"target":{"tag":"button","id":null,"name":null,"type":null,"role":null,"ariaLabel":null,"testId":null,"dataLoc":null,"href":null,"text":"Create Account","selectorHint":"button"},"x":720,"y":565}}
[2026-07-24T07:36:25.759Z] {"timestamp":1784878583893,"kind":"submit","url":"http://localhost:3000/register","viewport":{"width":1536,"height":730},"payload":{"target":{"tag":"form","id":null,"name":null,"type":null,"role":null,"ariaLabel":null,"testId":null,"dataLoc":null,"href":null,"text":"Full Name Email Address Mobile Number Password Strength: strong Confirm Password…","selectorHint":"form"}}}
[2026-07-24T07:36:25.759Z] {"timestamp":1784878585686,"kind":"navigate","url":"http://localhost:3000/login","viewport":{"width":1536,"height":730},"payload":{"reason":"pushState"}}
[2026-07-24T07:36:25.759Z] {"timestamp":1784878585698,"kind":"focusout","url":"http://localhost:3000/login","viewport":{"width":1536,"height":730},"payload":{"target":{"tag":"button","id":null,"name":null,"type":null,"role":null,"ariaLabel":null,"testId":null,"dataLoc":null,"href":null,"text":"Create Account","selectorHint":"button"},"value":null}}
[2026-07-24T07:36:28.425Z] {"timestamp":1784878586783,"kind":"focusin","url":"http://localhost:3000/login","viewport":{"width":1536,"height":730},"payload":{"target":{"tag":"input","id":"email","name":null,"type":"email","role":null,"ariaLabel":null,"testId":null,"dataLoc":null,"href":null,"text":"","selectorHint":"#email"}}}
[2026-07-24T07:36:28.425Z] {"timestamp":1784878586996,"kind":"click","url":"http://localhost:3000/login","viewport":{"width":1536,"height":730},"payload":{"target":{"tag":"input","id":"email","name":null,"type":"email","role":null,"ariaLabel":null,"testId":null,"dataLoc":null,"href":null,"text":"","selectorHint":"#email"},"x":750,"y":166}}
[2026-07-24T07:36:30.431Z] {"timestamp":1784878590207,"kind":"change","url":"http://localhost:3000/login","viewport":{"width":1536,"height":730},"payload":{"target":{"tag":"input","id":"email","name":null,"type":"email","role":null,"ariaLabel":null,"testId":null,"dataLoc":null,"href":null,"text":"","selectorHint":"#email"},"value":"sujinii@gmail.com"}}
[2026-07-24T07:36:32.428Z] {"timestamp":1784878590994,"kind":"focusout","url":"http://localhost:3000/login","viewport":{"width":1536,"height":730},"payload":{"target":{"tag":"input","id":"email","name":null,"type":"email","role":null,"ariaLabel":null,"testId":null,"dataLoc":null,"href":null,"text":"","selectorHint":"#email"},"value":"sujinii@gmail.com"}}
[2026-07-24T07:36:32.428Z] {"timestamp":1784878590995,"kind":"focusin","url":"http://localhost:3000/login","viewport":{"width":1536,"height":730},"payload":{"target":{"tag":"input","id":"password","name":null,"type":"password","role":null,"ariaLabel":null,"testId":null,"dataLoc":null,"href":null,"text":"","selectorHint":"#password"}}}
[2026-07-24T07:36:32.428Z] {"timestamp":1784878591212,"kind":"click","url":"http://localhost:3000/login","viewport":{"width":1536,"height":730},"payload":{"target":{"tag":"input","id":"password","name":null,"type":"password","role":null,"ariaLabel":null,"testId":null,"dataLoc":null,"href":null,"text":"","selectorHint":"#password"},"x":704,"y":237}}
[2026-07-24T07:36:36.421Z] {"timestamp":1784878595594,"kind":"change","url":"http://localhost:3000/login","viewport":{"width":1536,"height":730},"payload":{"target":{"tag":"input","id":"password","name":null,"type":"password","role":null,"ariaLabel":null,"testId":null,"dataLoc":null,"href":null,"text":"","selectorHint":"#password"},"value":{"masked":true,"length":11}}}
[2026-07-24T07:36:36.421Z] {"timestamp":1784878595595,"kind":"focusout","url":"http://localhost:3000/login","viewport":{"width":1536,"height":730},"payload":{"target":{"tag":"input","id":"password","name":null,"type":"password","role":null,"ariaLabel":null,"testId":null,"dataLoc":null,"href":null,"text":"","selectorHint":"#password"},"value":{"masked":true,"length":11}}}
[2026-07-24T07:36:36.421Z] {"timestamp":1784878595595,"kind":"focusin","url":"http://localhost:3000/login","viewport":{"width":1536,"height":730},"payload":{"target":{"tag":"button","id":null,"name":null,"type":null,"role":null,"ariaLabel":null,"testId":null,"dataLoc":null,"href":null,"text":"","selectorHint":"button"}}}
[2026-07-24T07:36:36.421Z] {"timestamp":1784878595811,"kind":"click","url":"http://localhost:3000/login","viewport":{"width":1536,"height":730},"payload":{"target":{"tag":"path","id":null,"name":null,"type":null,"role":null,"ariaLabel":null,"testId":null,"dataLoc":null,"href":null,"text":"","selectorHint":"path"},"x":914,"y":238}}
[2026-07-24T07:36:39.179Z] {"timestamp":1784878596935,"kind":"focusout","url":"http://localhost:3000/login","viewport":{"width":1536,"height":730},"payload":{"target":{"tag":"button","id":null,"name":null,"type":null,"role":null,"ariaLabel":null,"testId":null,"dataLoc":null,"href":null,"text":"","selectorHint":"button"},"value":null}}
[2026-07-24T07:36:39.179Z] {"timestamp":1784878596936,"kind":"focusin","url":"http://localhost:3000/login","viewport":{"width":1536,"height":730},"payload":{"target":{"tag":"button","id":null,"name":null,"type":null,"role":null,"ariaLabel":null,"testId":null,"dataLoc":null,"href":null,"text":"Sign In","selectorHint":"button"}}}
[2026-07-24T07:36:39.179Z] {"timestamp":1784878597161,"kind":"click","url":"http://localhost:3000/login","viewport":{"width":1536,"height":730},"payload":{"target":{"tag":"button","id":null,"name":null,"type":null,"role":null,"ariaLabel":null,"testId":null,"dataLoc":null,"href":null,"text":"Sign In","selectorHint":"button"},"x":693,"y":315}}
[2026-07-24T07:36:39.180Z] {"timestamp":1784878597162,"kind":"submit","url":"http://localhost:3000/login","viewport":{"width":1536,"height":730},"payload":{"target":{"tag":"form","id":null,"name":null,"type":null,"role":null,"ariaLabel":null,"testId":null,"dataLoc":null,"href":null,"text":"Email Address Password Remember me Forgot password? Sign In","selectorHint":"form"}}}
[2026-07-24T07:36:39.180Z] {"timestamp":1784878599015,"kind":"navigate","url":"http://localhost:3000/user/dashboard","viewport":{"width":1536,"height":730},"payload":{"reason":"pushState"}}
[2026-07-24T07:36:39.180Z] {"timestamp":1784878599032,"kind":"focusout","url":"http://localhost:3000/user/dashboard","viewport":{"width":1536,"height":730},"payload":{"target":{"tag":"button","id":null,"name":null,"type":null,"role":null,"ariaLabel":null,"testId":null,"dataLoc":null,"href":null,"text":"Sign In","selectorHint":"button"},"value":null}}
[2026-07-24T07:36:44.427Z] {"timestamp":1784878604228,"kind":"scroll","url":"http://localhost:3000/user/dashboard","viewport":{"width":1536,"height":730},"payload":{"scrollX":0,"scrollY":71.19999694824219,"documentHeight":1587,"viewportHeight":730}}
[2026-07-24T07:36:58.435Z] {"timestamp":1784878617028,"kind":"navigate","url":"http://localhost:3000/login","viewport":{"width":1536,"height":730},"payload":{"reason":"popstate"}}
[2026-07-24T07:36:58.435Z] {"timestamp":1784878617071,"kind":"scroll","url":"http://localhost:3000/login","viewport":{"width":1536,"height":730},"payload":{"scrollX":0,"scrollY":2.4000000953674316,"documentHeight":924,"viewportHeight":730}}
[2026-07-24T07:37:00.426Z] {"timestamp":1784878618541,"kind":"focusin","url":"http://localhost:3000/login","viewport":{"width":1536,"height":730},"payload":{"target":{"tag":"input","id":"email","name":null,"type":"email","role":null,"ariaLabel":null,"testId":null,"dataLoc":null,"href":null,"text":"","selectorHint":"#email"}}}
[2026-07-24T07:37:00.426Z] {"timestamp":1784878618763,"kind":"click","url":"http://localhost:3000/login","viewport":{"width":1536,"height":730},"payload":{"target":{"tag":"input","id":"email","name":null,"type":"email","role":null,"ariaLabel":null,"testId":null,"dataLoc":null,"href":null,"text":"","selectorHint":"#email"},"x":667,"y":172}}
[2026-07-24T07:37:04.428Z] {"timestamp":1784878622629,"kind":"change","url":"http://localhost:3000/login","viewport":{"width":1536,"height":730},"payload":{"target":{"tag":"input","id":"email","name":null,"type":"email","role":null,"ariaLabel":null,"testId":null,"dataLoc":null,"href":null,"text":"","selectorHint":"#email"},"value":"recruiter@jobportal.com"}}
[2026-07-24T07:37:04.428Z] {"timestamp":1784878623289,"kind":"focusout","url":"http://localhost:3000/login","viewport":{"width":1536,"height":730},"payload":{"target":{"tag":"input","id":"email","name":null,"type":"email","role":null,"ariaLabel":null,"testId":null,"dataLoc":null,"href":null,"text":"","selectorHint":"#email"},"value":"recruiter@jobportal.com"}}
[2026-07-24T07:37:04.428Z] {"timestamp":1784878623290,"kind":"focusin","url":"http://localhost:3000/login","viewport":{"width":1536,"height":730},"payload":{"target":{"tag":"input","id":"password","name":null,"type":"password","role":null,"ariaLabel":null,"testId":null,"dataLoc":null,"href":null,"text":"","selectorHint":"#password"}}}
[2026-07-24T07:37:04.428Z] {"timestamp":1784878623515,"kind":"click","url":"http://localhost:3000/login","viewport":{"width":1536,"height":730},"payload":{"target":{"tag":"input","id":"password","name":null,"type":"password","role":null,"ariaLabel":null,"testId":null,"dataLoc":null,"href":null,"text":"","selectorHint":"#password"},"x":698,"y":246}}
[2026-07-24T07:37:10.432Z] {"timestamp":1784878628686,"kind":"change","url":"http://localhost:3000/login","viewport":{"width":1536,"height":730},"payload":{"target":{"tag":"input","id":"password","name":null,"type":"password","role":null,"ariaLabel":null,"testId":null,"dataLoc":null,"href":null,"text":"","selectorHint":"#password"},"value":{"masked":true,"length":13}}}
[2026-07-24T07:37:10.433Z] {"timestamp":1784878628686,"kind":"focusout","url":"http://localhost:3000/login","viewport":{"width":1536,"height":730},"payload":{"target":{"tag":"input","id":"password","name":null,"type":"password","role":null,"ariaLabel":null,"testId":null,"dataLoc":null,"href":null,"text":"","selectorHint":"#password"},"value":{"masked":true,"length":13}}}
[2026-07-24T07:37:10.433Z] {"timestamp":1784878628687,"kind":"focusin","url":"http://localhost:3000/login","viewport":{"width":1536,"height":730},"payload":{"target":{"tag":"button","id":null,"name":null,"type":null,"role":null,"ariaLabel":null,"testId":null,"dataLoc":null,"href":null,"text":"","selectorHint":"button"}}}
[2026-07-24T07:37:10.433Z] {"timestamp":1784878628913,"kind":"click","url":"http://localhost:3000/login","viewport":{"width":1536,"height":730},"payload":{"target":{"tag":"svg","id":null,"name":null,"type":null,"role":null,"ariaLabel":null,"testId":null,"dataLoc":null,"href":null,"text":"","selectorHint":"svg"},"x":909,"y":239}}
[2026-07-24T07:37:10.433Z] {"timestamp":1784878630272,"kind":"focusout","url":"http://localhost:3000/login","viewport":{"width":1536,"height":730},"payload":{"target":{"tag":"button","id":null,"name":null,"type":null,"role":null,"ariaLabel":null,"testId":null,"dataLoc":null,"href":null,"text":"","selectorHint":"button"},"value":null}}
[2026-07-24T07:37:10.433Z] {"timestamp":1784878630273,"kind":"focusin","url":"http://localhost:3000/login","viewport":{"width":1536,"height":730},"payload":{"target":{"tag":"input","id":"password","name":null,"type":"text","role":null,"ariaLabel":null,"testId":null,"dataLoc":null,"href":null,"text":"","selectorHint":"#password"}}}
[2026-07-24T07:37:14.015Z] {"timestamp":1784878630480,"kind":"click","url":"http://localhost:3000/login","viewport":{"width":1536,"height":730},"payload":{"target":{"tag":"input","id":"password","name":null,"type":"text","role":null,"ariaLabel":null,"testId":null,"dataLoc":null,"href":null,"text":"","selectorHint":"#password"},"x":668,"y":245}}
[2026-07-24T07:37:14.015Z] {"timestamp":1784878632042,"kind":"change","url":"http://localhost:3000/login","viewport":{"width":1536,"height":730},"payload":{"target":{"tag":"input","id":"password","name":null,"type":"text","role":null,"ariaLabel":null,"testId":null,"dataLoc":null,"href":null,"text":"","selectorHint":"#password"},"value":{"masked":true,"length":12}}}
[2026-07-24T07:37:14.015Z] {"timestamp":1784878632042,"kind":"focusout","url":"http://localhost:3000/login","viewport":{"width":1536,"height":730},"payload":{"target":{"tag":"input","id":"password","name":null,"type":"text","role":null,"ariaLabel":null,"testId":null,"dataLoc":null,"href":null,"text":"","selectorHint":"#password"},"value":{"masked":true,"length":12}}}
[2026-07-24T07:37:14.015Z] {"timestamp":1784878632043,"kind":"focusin","url":"http://localhost:3000/login","viewport":{"width":1536,"height":730},"payload":{"target":{"tag":"button","id":null,"name":null,"type":null,"role":null,"ariaLabel":null,"testId":null,"dataLoc":null,"href":null,"text":"Sign In","selectorHint":"button"}}}
[2026-07-24T07:37:14.015Z] {"timestamp":1784878632262,"kind":"click","url":"http://localhost:3000/login","viewport":{"width":1536,"height":730},"payload":{"target":{"tag":"button","id":null,"name":null,"type":null,"role":null,"ariaLabel":null,"testId":null,"dataLoc":null,"href":null,"text":"Sign In","selectorHint":"button"},"x":718,"y":317}}
[2026-07-24T07:37:14.015Z] {"timestamp":1784878632265,"kind":"submit","url":"http://localhost:3000/login","viewport":{"width":1536,"height":730},"payload":{"target":{"tag":"form","id":null,"name":null,"type":null,"role":null,"ariaLabel":null,"testId":null,"dataLoc":null,"href":null,"text":"Email Address Password Remember me Forgot password? Sign In","selectorHint":"form"}}}
[2026-07-24T07:37:14.015Z] {"timestamp":1784878632370,"kind":"network_error","url":"http://localhost:3000/login","viewport":{"width":1536,"height":730},"payload":{"kind":"fetch","method":"POST","url":"http://localhost:5000/api/auth/login","status":400,"statusText":"Bad Request"}}
[2026-07-24T07:37:14.015Z] {"timestamp":1784878633995,"kind":"focusout","url":"http://localhost:3000/login","viewport":{"width":1536,"height":730},"payload":{"target":{"tag":"button","id":null,"name":null,"type":null,"role":null,"ariaLabel":null,"testId":null,"dataLoc":null,"href":null,"text":"Sign In","selectorHint":"button"},"value":null}}
[2026-07-24T07:37:14.015Z] {"timestamp":1784878633995,"kind":"focusin","url":"http://localhost:3000/login","viewport":{"width":1536,"height":730},"payload":{"target":{"tag":"button","id":null,"name":null,"type":null,"role":null,"ariaLabel":null,"testId":null,"dataLoc":null,"href":null,"text":"Sign In","selectorHint":"button"}}}
[2026-07-24T07:37:14.431Z] {"timestamp":1784878634417,"kind":"scroll","url":"http://localhost:3000/login","viewport":{"width":1536,"height":730},"payload":{"scrollX":0,"scrollY":172.8000030517578,"documentHeight":924,"viewportHeight":730}}
[2026-07-24T07:37:16.448Z] {"timestamp":1784878635300,"kind":"scroll","url":"http://localhost:3000/login","viewport":{"width":1536,"height":730},"payload":{"scrollX":0,"scrollY":12,"documentHeight":924,"viewportHeight":730}}
[2026-07-24T07:37:22.868Z] {"timestamp":1784878641282,"kind":"focusout","url":"http://localhost:3000/login","viewport":{"width":1536,"height":730},"payload":{"target":{"tag":"button","id":null,"name":null,"type":null,"role":null,"ariaLabel":null,"testId":null,"dataLoc":null,"href":null,"text":"Sign In","selectorHint":"button"},"value":null}}
[2026-07-24T07:41:12.432Z] {"timestamp":1784878872026,"kind":"focusin","url":"http://localhost:3000/login","viewport":{"width":1536,"height":730},"payload":{"target":{"tag":"button","id":null,"name":null,"type":null,"role":null,"ariaLabel":null,"testId":null,"dataLoc":null,"href":null,"text":"Sign In","selectorHint":"button"}}}
[2026-07-24T07:41:14.434Z] {"timestamp":1784878873958,"kind":"focusout","url":"http://localhost:3000/login","viewport":{"width":1536,"height":730},"payload":{"target":{"tag":"button","id":null,"name":null,"type":null,"role":null,"ariaLabel":null,"testId":null,"dataLoc":null,"href":null,"text":"Sign In","selectorHint":"button"},"value":null}}
[2026-07-24T07:41:14.434Z] {"timestamp":1784878873962,"kind":"focusin","url":"http://localhost:3000/login","viewport":{"width":1536,"height":730},"payload":{"target":{"tag":"input","id":"password","name":null,"type":"text","role":null,"ariaLabel":null,"testId":null,"dataLoc":null,"href":null,"text":"","selectorHint":"#password"}}}
[2026-07-24T07:41:14.434Z] {"timestamp":1784878874166,"kind":"click","url":"http://localhost:3000/login","viewport":{"width":1536,"height":730},"payload":{"target":{"tag":"input","id":"password","name":null,"type":"text","role":null,"ariaLabel":null,"testId":null,"dataLoc":null,"href":null,"text":"","selectorHint":"#password"},"x":656,"y":413}}
[2026-07-24T07:41:18.433Z] {"timestamp":1784878878066,"kind":"change","url":"http://localhost:3000/login","viewport":{"width":1536,"height":730},"payload":{"target":{"tag":"input","id":"password","name":null,"type":"text","role":null,"ariaLabel":null,"testId":null,"dataLoc":null,"href":null,"text":"","selectorHint":"#password"},"value":{"masked":true,"length":13}}}
[2026-07-24T07:41:18.433Z] {"timestamp":1784878878066,"kind":"focusout","url":"http://localhost:3000/login","viewport":{"width":1536,"height":730},"payload":{"target":{"tag":"input","id":"password","name":null,"type":"text","role":null,"ariaLabel":null,"testId":null,"dataLoc":null,"href":null,"text":"","selectorHint":"#password"},"value":{"masked":true,"length":13}}}
[2026-07-24T07:41:18.433Z] {"timestamp":1784878878067,"kind":"focusin","url":"http://localhost:3000/login","viewport":{"width":1536,"height":730},"payload":{"target":{"tag":"button","id":null,"name":null,"type":null,"role":null,"ariaLabel":null,"testId":null,"dataLoc":null,"href":null,"text":"Sign In","selectorHint":"button"}}}
[2026-07-24T07:41:18.433Z] {"timestamp":1784878878282,"kind":"click","url":"http://localhost:3000/login","viewport":{"width":1536,"height":730},"payload":{"target":{"tag":"button","id":null,"name":null,"type":null,"role":null,"ariaLabel":null,"testId":null,"dataLoc":null,"href":null,"text":"Sign In","selectorHint":"button"},"x":708,"y":492}}
[2026-07-24T07:41:18.433Z] {"timestamp":1784878878282,"kind":"submit","url":"http://localhost:3000/login","viewport":{"width":1536,"height":730},"payload":{"target":{"tag":"form","id":null,"name":null,"type":null,"role":null,"ariaLabel":null,"testId":null,"dataLoc":null,"href":null,"text":"Email Address Password Remember me Forgot password? Sign In","selectorHint":"form"}}}
[2026-07-24T07:41:18.433Z] {"timestamp":1784878878284,"kind":"navigate","url":"http://localhost:3000/recruiter/dashboard","viewport":{"width":1536,"height":730},"payload":{"reason":"pushState"}}
[2026-07-24T07:41:18.433Z] {"timestamp":1784878878302,"kind":"focusout","url":"http://localhost:3000/recruiter/dashboard","viewport":{"width":1536,"height":730},"payload":{"target":{"tag":"button","id":null,"name":null,"type":null,"role":null,"ariaLabel":null,"testId":null,"dataLoc":null,"href":null,"text":"Sign In","selectorHint":"button"},"value":null}}
[2026-07-24T07:41:22.432Z] {"timestamp":1784878881000,"kind":"scroll","url":"http://localhost:3000/recruiter/dashboard","viewport":{"width":1536,"height":730},"payload":{"scrollX":0,"scrollY":39.20000076293945,"documentHeight":1199,"viewportHeight":730}}
[2026-07-24T07:41:22.432Z] {"timestamp":1784878881748,"kind":"scroll","url":"http://localhost:3000/recruiter/dashboard","viewport":{"width":1536,"height":730},"payload":{"scrollX":0,"scrollY":402.3999938964844,"documentHeight":1199,"viewportHeight":730}}
[2026-07-24T07:41:24.428Z] {"timestamp":1784878882764,"kind":"scroll","url":"http://localhost:3000/recruiter/dashboard","viewport":{"width":1536,"height":730},"payload":{"scrollX":0,"scrollY":47.20000076293945,"documentHeight":1199,"viewportHeight":730}}
[2026-07-24T07:41:26.432Z] {"timestamp":1784878884764,"kind":"focusin","url":"http://localhost:3000/recruiter/dashboard","viewport":{"width":1536,"height":730},"payload":{"target":{"tag":"button","id":null,"name":null,"type":null,"role":null,"ariaLabel":null,"testId":null,"dataLoc":null,"href":null,"text":"Post New Job","selectorHint":"button"}}}
[2026-07-24T07:41:26.432Z] {"timestamp":1784878884981,"kind":"click","url":"http://localhost:3000/recruiter/dashboard","viewport":{"width":1536,"height":730},"payload":{"target":{"tag":"button","id":null,"name":null,"type":null,"role":null,"ariaLabel":null,"testId":null,"dataLoc":null,"href":null,"text":"Post New Job","selectorHint":"button"},"x":369,"y":632}}
[2026-07-24T07:41:26.432Z] {"timestamp":1784878884981,"kind":"navigate","url":"http://localhost:3000/recruiter/post-job","viewport":{"width":1536,"height":730},"payload":{"reason":"pushState"}}
[2026-07-24T07:41:26.432Z] {"timestamp":1784878885014,"kind":"focusout","url":"http://localhost:3000/recruiter/post-job","viewport":{"width":1536,"height":730},"payload":{"target":{"tag":"button","id":null,"name":null,"type":null,"role":null,"ariaLabel":null,"testId":null,"dataLoc":null,"href":null,"text":"Post New Job","selectorHint":"button"},"value":null}}
[2026-07-24T07:41:26.432Z] {"timestamp":1784878885937,"kind":"scroll","url":"http://localhost:3000/recruiter/post-job","viewport":{"width":1536,"height":730},"payload":{"scrollX":0,"scrollY":428,"documentHeight":2372,"viewportHeight":730}}
[2026-07-24T07:41:28.433Z] {"timestamp":1784878886515,"kind":"scroll","url":"http://localhost:3000/recruiter/post-job","viewport":{"width":1536,"height":730},"payload":{"scrollX":0,"scrollY":64.80000305175781,"documentHeight":2372,"viewportHeight":730}}
[2026-07-24T07:41:28.433Z] {"timestamp":1784878887017,"kind":"scroll","url":"http://localhost:3000/recruiter/post-job","viewport":{"width":1536,"height":730},"payload":{"scrollX":0,"scrollY":1539.199951171875,"documentHeight":2372,"viewportHeight":730}}
[2026-07-24T07:41:28.433Z] {"timestamp":1784878887597,"kind":"scroll","url":"http://localhost:3000/recruiter/post-job","viewport":{"width":1536,"height":730},"payload":{"scrollX":0,"scrollY":1537.5999755859375,"documentHeight":2372,"viewportHeight":730}}
[2026-07-24T07:41:28.433Z] {"timestamp":1784878888098,"kind":"scroll","url":"http://localhost:3000/recruiter/post-job","viewport":{"width":1536,"height":730},"payload":{"scrollX":0,"scrollY":173.60000610351562,"documentHeight":2372,"viewportHeight":730}}
[2026-07-24T07:41:30.474Z] {"timestamp":1784878888598,"kind":"scroll","url":"http://localhost:3000/recruiter/post-job","viewport":{"width":1536,"height":730},"payload":{"scrollX":0,"scrollY":750.4000244140625,"documentHeight":2372,"viewportHeight":730}}
[2026-07-24T07:41:30.474Z] {"timestamp":1784878890168,"kind":"focusin","url":"http://localhost:3000/recruiter/post-job","viewport":{"width":1536,"height":730},"payload":{"target":{"tag":"button","id":null,"name":null,"type":null,"role":null,"ariaLabel":null,"testId":null,"dataLoc":null,"href":null,"text":"","selectorHint":"button"}}}
[2026-07-24T07:41:30.474Z] {"timestamp":1784878890387,"kind":"click","url":"http://localhost:3000/recruiter/post-job","viewport":{"width":1536,"height":730},"payload":{"target":{"tag":"button","id":null,"name":null,"type":null,"role":null,"ariaLabel":null,"testId":null,"dataLoc":null,"href":null,"text":"","selectorHint":"button"},"x":46,"y":37}}
[2026-07-24T07:41:30.474Z] {"timestamp":1784878890388,"kind":"navigate","url":"http://localhost:3000/recruiter/dashboard","viewport":{"width":1536,"height":730},"payload":{"reason":"pushState"}}
[2026-07-24T07:41:30.474Z] {"timestamp":1784878890402,"kind":"focusout","url":"http://localhost:3000/recruiter/dashboard","viewport":{"width":1536,"height":730},"payload":{"target":{"tag":"button","id":null,"name":null,"type":null,"role":null,"ariaLabel":null,"testId":null,"dataLoc":null,"href":null,"text":"","selectorHint":"button"},"value":null}}
[2026-07-24T07:41:30.474Z] {"timestamp":1784878890416,"kind":"scroll","url":"http://localhost:3000/recruiter/dashboard","viewport":{"width":1536,"height":730},"payload":{"scrollX":0,"scrollY":469.6000061035156,"documentHeight":1199,"viewportHeight":730}}
[2026-07-24T07:41:32.433Z] {"timestamp":1784878891816,"kind":"focusin","url":"http://localhost:3000/recruiter/dashboard","viewport":{"width":1536,"height":730},"payload":{"target":{"tag":"button","id":null,"name":null,"type":null,"role":null,"ariaLabel":null,"testId":null,"dataLoc":null,"href":null,"text":"Review Applicants","selectorHint":"button"}}}
[2026-07-24T07:41:32.433Z] {"timestamp":1784878892020,"kind":"click","url":"http://localhost:3000/recruiter/dashboard","viewport":{"width":1536,"height":730},"payload":{"target":{"tag":"button","id":null,"name":null,"type":null,"role":null,"ariaLabel":null,"testId":null,"dataLoc":null,"href":null,"text":"Review Applicants","selectorHint":"button"},"x":656,"y":661}}
[2026-07-24T07:41:32.433Z] {"timestamp":1784878892020,"kind":"navigate","url":"http://localhost:3000/recruiter/applicants","viewport":{"width":1536,"height":730},"payload":{"reason":"pushState"}}
[2026-07-24T07:41:32.433Z] {"timestamp":1784878892046,"kind":"focusout","url":"http://localhost:3000/recruiter/applicants","viewport":{"width":1536,"height":730},"payload":{"target":{"tag":"button","id":null,"name":null,"type":null,"role":null,"ariaLabel":null,"testId":null,"dataLoc":null,"href":null,"text":"Review Applicants","selectorHint":"button"},"value":null}}
[2026-07-24T07:41:32.433Z] {"timestamp":1784878892060,"kind":"scroll","url":"http://localhost:3000/recruiter/applicants","viewport":{"width":1536,"height":730},"payload":{"scrollX":0,"scrollY":126.4000015258789,"documentHeight":856,"viewportHeight":730}}
[2026-07-24T07:41:34.434Z] {"timestamp":1784878892731,"kind":"scroll","url":"http://localhost:3000/recruiter/applicants","viewport":{"width":1536,"height":730},"payload":{"scrollX":0,"scrollY":123.19999694824219,"documentHeight":856,"viewportHeight":730}}
[2026-07-24T07:41:36.420Z] {"timestamp":1784878894823,"kind":"click","url":"http://localhost:3000/recruiter/applicants","viewport":{"width":1536,"height":730},"payload":{"target":{"tag":"h1","id":null,"name":null,"type":null,"role":null,"ariaLabel":null,"testId":null,"dataLoc":null,"href":null,"text":"Applicants","selectorHint":"h1"},"x":100,"y":16}}
[2026-07-24T07:41:36.420Z] {"timestamp":1784878895779,"kind":"focusin","url":"http://localhost:3000/recruiter/applicants","viewport":{"width":1536,"height":730},"payload":{"target":{"tag":"button","id":null,"name":null,"type":null,"role":null,"ariaLabel":null,"testId":null,"dataLoc":null,"href":null,"text":"","selectorHint":"button"}}}
[2026-07-24T07:41:36.420Z] {"timestamp":1784878896010,"kind":"click","url":"http://localhost:3000/recruiter/applicants","viewport":{"width":1536,"height":730},"payload":{"target":{"tag":"button","id":null,"name":null,"type":null,"role":null,"ariaLabel":null,"testId":null,"dataLoc":null,"href":null,"text":"","selectorHint":"button"},"x":40,"y":29}}
[2026-07-24T07:41:36.420Z] {"timestamp":1784878896010,"kind":"navigate","url":"http://localhost:3000/recruiter/dashboard","viewport":{"width":1536,"height":730},"payload":{"reason":"pushState"}}
[2026-07-24T07:41:36.420Z] {"timestamp":1784878896019,"kind":"focusout","url":"http://localhost:3000/recruiter/dashboard","viewport":{"width":1536,"height":730},"payload":{"target":{"tag":"button","id":null,"name":null,"type":null,"role":null,"ariaLabel":null,"testId":null,"dataLoc":null,"href":null,"text":"","selectorHint":"button"},"value":null}}
[2026-07-24T07:41:38.424Z] {"timestamp":1784878896715,"kind":"scroll","url":"http://localhost:3000/recruiter/dashboard","viewport":{"width":1536,"height":730},"payload":{"scrollX":0,"scrollY":130.39999389648438,"documentHeight":1199,"viewportHeight":730}}
[2026-07-24T07:41:38.424Z] {"timestamp":1784878897836,"kind":"focusin","url":"http://localhost:3000/recruiter/dashboard","viewport":{"width":1536,"height":730},"payload":{"target":{"tag":"button","id":null,"name":null,"type":null,"role":null,"ariaLabel":null,"testId":null,"dataLoc":null,"href":null,"text":"Edit Company Profile","selectorHint":"button"}}}
[2026-07-24T07:41:38.424Z] {"timestamp":1784878898072,"kind":"click","url":"http://localhost:3000/recruiter/dashboard","viewport":{"width":1536,"height":730},"payload":{"target":{"tag":"button","id":null,"name":null,"type":null,"role":null,"ariaLabel":null,"testId":null,"dataLoc":null,"href":null,"text":"Edit Company Profile","selectorHint":"button"},"x":1231,"y":655}}
[2026-07-24T07:41:38.424Z] {"timestamp":1784878898073,"kind":"navigate","url":"http://localhost:3000/recruiter/company-profile","viewport":{"width":1536,"height":730},"payload":{"reason":"pushState"}}
[2026-07-24T07:41:38.424Z] {"timestamp":1784878898098,"kind":"focusout","url":"http://localhost:3000/recruiter/company-profile","viewport":{"width":1536,"height":730},"payload":{"target":{"tag":"button","id":null,"name":null,"type":null,"role":null,"ariaLabel":null,"testId":null,"dataLoc":null,"href":null,"text":"Edit Company Profile","selectorHint":"button"},"value":null}}
[2026-07-24T07:41:40.424Z] {"timestamp":1784878898880,"kind":"scroll","url":"http://localhost:3000/recruiter/company-profile","viewport":{"width":1536,"height":730},"payload":{"scrollX":0,"scrollY":552.7999877929688,"documentHeight":1580,"viewportHeight":730}}
[2026-07-24T07:41:40.424Z] {"timestamp":1784878899448,"kind":"scroll","url":"http://localhost:3000/recruiter/company-profile","viewport":{"width":1536,"height":730},"payload":{"scrollX":0,"scrollY":807.2000122070312,"documentHeight":1580,"viewportHeight":730}}
[2026-07-24T07:41:42.437Z] {"timestamp":1784878901280,"kind":"focusin","url":"http://localhost:3000/recruiter/company-profile","viewport":{"width":1536,"height":730},"payload":{"target":{"tag":"button","id":null,"name":null,"type":null,"role":null,"ariaLabel":null,"testId":null,"dataLoc":null,"href":null,"text":"","selectorHint":"button"}}}
[2026-07-24T07:41:42.437Z] {"timestamp":1784878901499,"kind":"click","url":"http://localhost:3000/recruiter/company-profile","viewport":{"width":1536,"height":730},"payload":{"target":{"tag":"button","id":null,"name":null,"type":null,"role":null,"ariaLabel":null,"testId":null,"dataLoc":null,"href":null,"text":"","selectorHint":"button"},"x":48,"y":47}}
[2026-07-24T07:41:42.437Z] {"timestamp":1784878901500,"kind":"navigate","url":"http://localhost:3000/recruiter/dashboard","viewport":{"width":1536,"height":730},"payload":{"reason":"pushState"}}
[2026-07-24T07:41:42.437Z] {"timestamp":1784878901505,"kind":"focusout","url":"http://localhost:3000/recruiter/dashboard","viewport":{"width":1536,"height":730},"payload":{"target":{"tag":"button","id":null,"name":null,"type":null,"role":null,"ariaLabel":null,"testId":null,"dataLoc":null,"href":null,"text":"","selectorHint":"button"},"value":null}}
[2026-07-24T07:41:44.421Z] {"timestamp":1784878903111,"kind":"navigate","url":"http://localhost:3000/recruiter/company-profile","viewport":{"width":1536,"height":730},"payload":{"reason":"popstate"}}
[2026-07-24T07:41:44.421Z] {"timestamp":1784878904186,"kind":"navigate","url":"http://localhost:3000/recruiter/dashboard","viewport":{"width":1536,"height":730},"payload":{"reason":"popstate"}}
[2026-07-24T07:41:44.421Z] {"timestamp":1784878904237,"kind":"scroll","url":"http://localhost:3000/recruiter/dashboard","viewport":{"width":1536,"height":730},"payload":{"scrollX":0,"scrollY":2.4000000953674316,"documentHeight":1199,"viewportHeight":730}}
[2026-07-24T07:41:46.420Z] {"timestamp":1784878905004,"kind":"navigate","url":"http://localhost:3000/recruiter/applicants","viewport":{"width":1536,"height":730},"payload":{"reason":"popstate"}}
[2026-07-24T07:41:46.420Z] {"timestamp":1784878905031,"kind":"scroll","url":"http://localhost:3000/recruiter/applicants","viewport":{"width":1536,"height":730},"payload":{"scrollX":0,"scrollY":126.4000015258789,"documentHeight":856,"viewportHeight":730}}
[2026-07-24T07:41:46.420Z] {"timestamp":1784878905800,"kind":"navigate","url":"http://localhost:3000/recruiter/dashboard","viewport":{"width":1536,"height":730},"payload":{"reason":"popstate"}}
[2026-07-24T07:41:46.420Z] {"timestamp":1784878905864,"kind":"scroll","url":"http://localhost:3000/recruiter/dashboard","viewport":{"width":1536,"height":730},"payload":{"scrollX":0,"scrollY":1.600000023841858,"documentHeight":1199,"viewportHeight":730}}
[2026-07-24T07:41:48.420Z] {"timestamp":1784878906588,"kind":"navigate","url":"http://localhost:3000/recruiter/post-job","viewport":{"width":1536,"height":730},"payload":{"reason":"popstate"}}
[2026-07-24T07:41:48.420Z] {"timestamp":1784878906632,"kind":"scroll","url":"http://localhost:3000/recruiter/post-job","viewport":{"width":1536,"height":730},"payload":{"scrollX":0,"scrollY":471.20001220703125,"documentHeight":2372,"viewportHeight":730}}
[2026-07-24T07:41:48.420Z] {"timestamp":1784878907148,"kind":"scroll","url":"http://localhost:3000/recruiter/post-job","viewport":{"width":1536,"height":730},"payload":{"scrollX":0,"scrollY":1630.4000244140625,"documentHeight":2372,"viewportHeight":730}}
[2026-07-24T07:41:48.420Z] {"timestamp":1784878907320,"kind":"navigate","url":"http://localhost:3000/recruiter/dashboard","viewport":{"width":1536,"height":730},"payload":{"reason":"popstate"}}
[2026-07-24T07:41:48.420Z] {"timestamp":1784878908074,"kind":"navigate","url":"http://localhost:3000/login","viewport":{"width":1536,"height":730},"payload":{"reason":"popstate"}}
[2026-07-24T07:41:48.420Z] {"timestamp":1784878908100,"kind":"scroll","url":"http://localhost:3000/login","viewport":{"width":1536,"height":730},"payload":{"scrollX":0,"scrollY":194.39999389648438,"documentHeight":924,"viewportHeight":730}}
[2026-07-24T07:41:50.432Z] {"timestamp":1784878909589,"kind":"focusin","url":"http://localhost:3000/login","viewport":{"width":1536,"height":730},"payload":{"target":{"tag":"input","id":"email","name":null,"type":"email","role":null,"ariaLabel":null,"testId":null,"dataLoc":null,"href":null,"text":"","selectorHint":"#email"}}}
[2026-07-24T07:41:50.432Z] {"timestamp":1784878909815,"kind":"click","url":"http://localhost:3000/login","viewport":{"width":1536,"height":730},"payload":{"target":{"tag":"input","id":"email","name":null,"type":"email","role":null,"ariaLabel":null,"testId":null,"dataLoc":null,"href":null,"text":"","selectorHint":"#email"},"x":678,"y":346}}
[2026-07-24T07:41:54.436Z] {"timestamp":1784878914218,"kind":"change","url":"http://localhost:3000/login","viewport":{"width":1536,"height":730},"payload":{"target":{"tag":"input","id":"email","name":null,"type":"email","role":null,"ariaLabel":null,"testId":null,"dataLoc":null,"href":null,"text":"","selectorHint":"#email"},"value":"admin@jobportal.com"}}
[2026-07-24T07:41:56.432Z] {"timestamp":1784878914917,"kind":"focusout","url":"http://localhost:3000/login","viewport":{"width":1536,"height":730},"payload":{"target":{"tag":"input","id":"email","name":null,"type":"email","role":null,"ariaLabel":null,"testId":null,"dataLoc":null,"href":null,"text":"","selectorHint":"#email"},"value":"admin@jobportal.com"}}
[2026-07-24T07:41:56.432Z] {"timestamp":1784878914918,"kind":"focusin","url":"http://localhost:3000/login","viewport":{"width":1536,"height":730},"payload":{"target":{"tag":"input","id":"password","name":null,"type":"password","role":null,"ariaLabel":null,"testId":null,"dataLoc":null,"href":null,"text":"","selectorHint":"#password"}}}
[2026-07-24T07:41:56.432Z] {"timestamp":1784878915132,"kind":"click","url":"http://localhost:3000/login","viewport":{"width":1536,"height":730},"payload":{"target":{"tag":"input","id":"password","name":null,"type":"password","role":null,"ariaLabel":null,"testId":null,"dataLoc":null,"href":null,"text":"","selectorHint":"#password"},"x":664,"y":417}}
[2026-07-24T07:42:00.420Z] {"timestamp":1784878919530,"kind":"change","url":"http://localhost:3000/login","viewport":{"width":1536,"height":730},"payload":{"target":{"tag":"input","id":"password","name":null,"type":"password","role":null,"ariaLabel":null,"testId":null,"dataLoc":null,"href":null,"text":"","selectorHint":"#password"},"value":{"masked":true,"length":9}}}
[2026-07-24T07:42:00.420Z] {"timestamp":1784878919530,"kind":"focusout","url":"http://localhost:3000/login","viewport":{"width":1536,"height":730},"payload":{"target":{"tag":"input","id":"password","name":null,"type":"password","role":null,"ariaLabel":null,"testId":null,"dataLoc":null,"href":null,"text":"","selectorHint":"#password"},"value":{"masked":true,"length":9}}}
[2026-07-24T07:42:00.420Z] {"timestamp":1784878919530,"kind":"focusin","url":"http://localhost:3000/login","viewport":{"width":1536,"height":730},"payload":{"target":{"tag":"button","id":null,"name":null,"type":null,"role":null,"ariaLabel":null,"testId":null,"dataLoc":null,"href":null,"text":"","selectorHint":"button"}}}
[2026-07-24T07:42:00.420Z] {"timestamp":1784878919750,"kind":"click","url":"http://localhost:3000/login","viewport":{"width":1536,"height":730},"payload":{"target":{"tag":"svg","id":null,"name":null,"type":null,"role":null,"ariaLabel":null,"testId":null,"dataLoc":null,"href":null,"text":"","selectorHint":"svg"},"x":919,"y":413}}
[2026-07-24T07:42:02.421Z] {"timestamp":1784878920782,"kind":"focusout","url":"http://localhost:3000/login","viewport":{"width":1536,"height":730},"payload":{"target":{"tag":"button","id":null,"name":null,"type":null,"role":null,"ariaLabel":null,"testId":null,"dataLoc":null,"href":null,"text":"","selectorHint":"button"},"value":null}}
[2026-07-24T07:42:02.421Z] {"timestamp":1784878920782,"kind":"focusin","url":"http://localhost:3000/login","viewport":{"width":1536,"height":730},"payload":{"target":{"tag":"button","id":null,"name":null,"type":null,"role":null,"ariaLabel":null,"testId":null,"dataLoc":null,"href":null,"text":"Sign In","selectorHint":"button"}}}
[2026-07-24T07:42:02.421Z] {"timestamp":1784878920995,"kind":"click","url":"http://localhost:3000/login","viewport":{"width":1536,"height":730},"payload":{"target":{"tag":"button","id":null,"name":null,"type":null,"role":null,"ariaLabel":null,"testId":null,"dataLoc":null,"href":null,"text":"Sign In","selectorHint":"button"},"x":732,"y":499}}
[2026-07-24T07:42:02.421Z] {"timestamp":1784878920995,"kind":"submit","url":"http://localhost:3000/login","viewport":{"width":1536,"height":730},"payload":{"target":{"tag":"form","id":null,"name":null,"type":null,"role":null,"ariaLabel":null,"testId":null,"dataLoc":null,"href":null,"text":"Email Address Password Remember me Forgot password? Sign In","selectorHint":"form"}}}
[2026-07-24T07:42:02.421Z] {"timestamp":1784878921002,"kind":"navigate","url":"http://localhost:3000/admin/dashboard","viewport":{"width":1536,"height":730},"payload":{"reason":"pushState"}}
[2026-07-24T07:42:02.421Z] {"timestamp":1784878921020,"kind":"focusout","url":"http://localhost:3000/admin/dashboard","viewport":{"width":1536,"height":730},"payload":{"target":{"tag":"button","id":null,"name":null,"type":null,"role":null,"ariaLabel":null,"testId":null,"dataLoc":null,"href":null,"text":"Sign In","selectorHint":"button"},"value":null}}
[2026-07-24T07:42:02.421Z] {"timestamp":1784878921850,"kind":"scroll","url":"http://localhost:3000/admin/dashboard","viewport":{"width":1536,"height":730},"payload":{"scrollX":0,"scrollY":48,"documentHeight":1545,"viewportHeight":730}}
[2026-07-24T07:42:04.435Z] {"timestamp":1784878922517,"kind":"scroll","url":"http://localhost:3000/admin/dashboard","viewport":{"width":1536,"height":730},"payload":{"scrollX":0,"scrollY":615.2000122070312,"documentHeight":1545,"viewportHeight":730}}
[2026-07-24T07:42:04.435Z] {"timestamp":1784878923116,"kind":"scroll","url":"http://localhost:3000/admin/dashboard","viewport":{"width":1536,"height":730},"payload":{"scrollX":0,"scrollY":74.4000015258789,"documentHeight":1545,"viewportHeight":730}}
[2026-07-24T07:42:06.432Z] {"timestamp":1784878925168,"kind":"navigate","url":"http://localhost:3000/login","viewport":{"width":1536,"height":730},"payload":{"reason":"popstate"}}
[2026-07-24T07:42:06.432Z] {"timestamp":1784878925184,"kind":"scroll","url":"http://localhost:3000/login","viewport":{"width":1536,"height":730},"payload":{"scrollX":0,"scrollY":194.39999389648438,"documentHeight":924,"viewportHeight":730}}
[2026-07-24T07:42:08.432Z] {"timestamp":1784878927632,"kind":"click","url":"http://localhost:3000/login","viewport":{"width":1536,"height":730},"payload":{"target":{"tag":"div","id":null,"name":null,"type":null,"role":null,"ariaLabel":null,"testId":null,"dataLoc":null,"href":null,"text":"Back to Home","selectorHint":"div"},"x":30,"y":30}}
[2026-07-24T07:42:08.432Z] {"timestamp":1784878928391,"kind":"focusin","url":"http://localhost:3000/login","viewport":{"width":1536,"height":730},"payload":{"target":{"tag":"button","id":null,"name":null,"type":null,"role":null,"ariaLabel":null,"testId":null,"dataLoc":null,"href":null,"text":"Back to Home","selectorHint":"button"}}}
[2026-07-24T07:42:11.037Z] {"timestamp":1784878928621,"kind":"click","url":"http://localhost:3000/login","viewport":{"width":1536,"height":730},"payload":{"target":{"tag":"svg","id":null,"name":null,"type":null,"role":null,"ariaLabel":null,"testId":null,"dataLoc":null,"href":null,"text":"","selectorHint":"svg"},"x":37,"y":22}}
[2026-07-24T07:42:11.037Z] {"timestamp":1784878928622,"kind":"navigate","url":"http://localhost:3000/","viewport":{"width":1536,"height":730},"payload":{"reason":"pushState"}}
[2026-07-24T07:42:11.037Z] {"timestamp":1784878928653,"kind":"focusout","url":"http://localhost:3000/","viewport":{"width":1536,"height":730},"payload":{"target":{"tag":"button","id":null,"name":null,"type":null,"role":null,"ariaLabel":null,"testId":null,"dataLoc":null,"href":null,"text":"Back to Home","selectorHint":"button"},"value":null}}
[2026-07-24T09:36:22.218Z] {"timestamp":1784885780292,"kind":"click","url":"http://localhost:3000/","viewport":{"width":1536,"height":730},"payload":{"target":{"tag":"html","id":null,"name":null,"type":null,"role":null,"ariaLabel":null,"testId":null,"dataLoc":null,"href":null,"text":"import { injectIntoGlobalHook } from \"/@react-refresh\"; injectIntoGlobalHook(win…","selectorHint":"html"},"x":1200,"y":490}}
[2026-07-24T09:37:05.806Z] {"timestamp":1784885824536,"kind":"scroll","url":"http://localhost:3000/","viewport":{"width":1536,"height":730},"payload":{"scrollX":0,"scrollY":4,"documentHeight":4243,"viewportHeight":730}}
[2026-07-24T09:37:05.806Z] {"timestamp":1784885825036,"kind":"scroll","url":"http://localhost:3000/","viewport":{"width":1536,"height":730},"payload":{"scrollX":0,"scrollY":822.4000244140625,"documentHeight":4243,"viewportHeight":730}}
[2026-07-24T09:37:05.806Z] {"timestamp":1784885825565,"kind":"scroll","url":"http://localhost:3000/","viewport":{"width":1536,"height":730},"payload":{"scrollX":0,"scrollY":1480,"documentHeight":4243,"viewportHeight":730}}
[2026-07-24T09:37:21.792Z] {"timestamp":1784885840056,"kind":"focusin","url":"http://localhost:3000/","viewport":{"width":1536,"height":730},"payload":{"target":{"tag":"button","id":null,"name":null,"type":null,"role":null,"ariaLabel":null,"testId":null,"dataLoc":null,"href":null,"text":"Sign Up","selectorHint":"button"}}}
[2026-07-24T09:37:21.792Z] {"timestamp":1784885840235,"kind":"click","url":"http://localhost:3000/","viewport":{"width":1536,"height":730},"payload":{"target":{"tag":"button","id":null,"name":null,"type":null,"role":null,"ariaLabel":null,"testId":null,"dataLoc":null,"href":null,"text":"Sign Up","selectorHint":"button"},"x":1447,"y":25}}
[2026-07-24T09:37:21.792Z] {"timestamp":1784885840239,"kind":"navigate","url":"http://localhost:3000/register","viewport":{"width":1536,"height":730},"payload":{"reason":"pushState"}}
[2026-07-24T09:37:21.792Z] {"timestamp":1784885840276,"kind":"focusout","url":"http://localhost:3000/register","viewport":{"width":1536,"height":730},"payload":{"target":{"tag":"button","id":null,"name":null,"type":null,"role":null,"ariaLabel":null,"testId":null,"dataLoc":null,"href":null,"text":"Sign Up","selectorHint":"button"},"value":null}}
[2026-07-24T09:37:53.800Z] {"timestamp":1784885871965,"kind":"click","url":"http://localhost:3000/register","viewport":{"width":1536,"height":730},"payload":{"target":{"tag":"div","id":null,"name":null,"type":null,"role":null,"ariaLabel":null,"testId":null,"dataLoc":null,"href":null,"text":"JP Create Account Join our platform and start your career journey Full Name Emai…","selectorHint":"div"},"x":1149,"y":472}}
[2026-07-24T09:37:53.801Z] {"timestamp":1784885873173,"kind":"focusin","url":"http://localhost:3000/register","viewport":{"width":1536,"height":730},"payload":{"target":{"tag":"input","id":"fullName","name":"fullName","type":"text","role":null,"ariaLabel":null,"testId":null,"dataLoc":null,"href":null,"text":"","selectorHint":"#fullName"}}}
[2026-07-24T09:37:53.801Z] {"timestamp":1784885873400,"kind":"click","url":"http://localhost:3000/register","viewport":{"width":1536,"height":730},"payload":{"target":{"tag":"input","id":"fullName","name":"fullName","type":"text","role":null,"ariaLabel":null,"testId":null,"dataLoc":null,"href":null,"text":"","selectorHint":"#fullName"},"x":751,"y":334}}
[2026-07-24T09:37:59.893Z] {"timestamp":1784885879503,"kind":"change","url":"http://localhost:3000/register","viewport":{"width":1536,"height":730},"payload":{"target":{"tag":"input","id":"fullName","name":"fullName","type":"text","role":null,"ariaLabel":null,"testId":null,"dataLoc":null,"href":null,"text":"","selectorHint":"#fullName"},"value":"padma"}}
[2026-07-24T09:37:59.893Z] {"timestamp":1784885879503,"kind":"focusout","url":"http://localhost:3000/register","viewport":{"width":1536,"height":730},"payload":{"target":{"tag":"input","id":"fullName","name":"fullName","type":"text","role":null,"ariaLabel":null,"testId":null,"dataLoc":null,"href":null,"text":"","selectorHint":"#fullName"},"value":"padma"}}
[2026-07-24T09:37:59.893Z] {"timestamp":1784885879504,"kind":"focusin","url":"http://localhost:3000/register","viewport":{"width":1536,"height":730},"payload":{"target":{"tag":"input","id":"email","name":"email","type":"email","role":null,"ariaLabel":null,"testId":null,"dataLoc":null,"href":null,"text":"","selectorHint":"#email"}}}
[2026-07-24T09:37:59.893Z] {"timestamp":1784885879734,"kind":"click","url":"http://localhost:3000/register","viewport":{"width":1536,"height":730},"payload":{"target":{"tag":"input","id":"email","name":"email","type":"email","role":null,"ariaLabel":null,"testId":null,"dataLoc":null,"href":null,"text":"","selectorHint":"#email"},"x":621,"y":426}}
[2026-07-24T09:38:07.797Z] {"timestamp":1784885887208,"kind":"change","url":"http://localhost:3000/register","viewport":{"width":1536,"height":730},"payload":{"target":{"tag":"input","id":"email","name":"email","type":"email","role":null,"ariaLabel":null,"testId":null,"dataLoc":null,"href":null,"text":"","selectorHint":"#email"},"value":"padma@"}}
[2026-07-24T09:38:07.797Z] {"timestamp":1784885887208,"kind":"focusout","url":"http://localhost:3000/register","viewport":{"width":1536,"height":730},"payload":{"target":{"tag":"input","id":"email","name":"email","type":"email","role":null,"ariaLabel":null,"testId":null,"dataLoc":null,"href":null,"text":"","selectorHint":"#email"},"value":"padma@"}}
[2026-07-24T09:38:07.797Z] {"timestamp":1784885887209,"kind":"focusin","url":"http://localhost:3000/register","viewport":{"width":1536,"height":730},"payload":{"target":{"tag":"input","id":"fullName","name":"fullName","type":"text","role":null,"ariaLabel":null,"testId":null,"dataLoc":null,"href":null,"text":"","selectorHint":"#fullName"}}}
[2026-07-24T09:38:07.797Z] {"timestamp":1784885887422,"kind":"click","url":"http://localhost:3000/register","viewport":{"width":1536,"height":730},"payload":{"target":{"tag":"input","id":"fullName","name":"fullName","type":"text","role":null,"ariaLabel":null,"testId":null,"dataLoc":null,"href":null,"text":"","selectorHint":"#fullName"},"x":642,"y":341}}
[2026-07-24T09:38:13.800Z] {"timestamp":1784885892511,"kind":"change","url":"http://localhost:3000/register","viewport":{"width":1536,"height":730},"payload":{"target":{"tag":"input","id":"fullName","name":"fullName","type":"text","role":null,"ariaLabel":null,"testId":null,"dataLoc":null,"href":null,"text":"","selectorHint":"#fullName"},"value":"oopp"}}
[2026-07-24T09:38:13.800Z] {"timestamp":1784885892511,"kind":"focusout","url":"http://localhost:3000/register","viewport":{"width":1536,"height":730},"payload":{"target":{"tag":"input","id":"fullName","name":"fullName","type":"text","role":null,"ariaLabel":null,"testId":null,"dataLoc":null,"href":null,"text":"","selectorHint":"#fullName"},"value":"oopp"}}
[2026-07-24T09:38:13.800Z] {"timestamp":1784885892512,"kind":"focusin","url":"http://localhost:3000/register","viewport":{"width":1536,"height":730},"payload":{"target":{"tag":"input","id":"email","name":"email","type":"email","role":null,"ariaLabel":null,"testId":null,"dataLoc":null,"href":null,"text":"","selectorHint":"#email"}}}
[2026-07-24T09:38:13.800Z] {"timestamp":1784885892730,"kind":"click","url":"http://localhost:3000/register","viewport":{"width":1536,"height":730},"payload":{"target":{"tag":"input","id":"email","name":"email","type":"email","role":null,"ariaLabel":null,"testId":null,"dataLoc":null,"href":null,"text":"","selectorHint":"#email"},"x":640,"y":421}}
[2026-07-24T09:38:17.829Z] {"timestamp":1784885896696,"kind":"click","url":"http://localhost:3000/register","viewport":{"width":1536,"height":730},"payload":{"target":{"tag":"input","id":"email","name":"email","type":"email","role":null,"ariaLabel":null,"testId":null,"dataLoc":null,"href":null,"text":"","selectorHint":"#email"},"x":666,"y":419}}
[2026-07-24T09:38:21.824Z] {"timestamp":1784885899951,"kind":"change","url":"http://localhost:3000/register","viewport":{"width":1536,"height":730},"payload":{"target":{"tag":"input","id":"email","name":"email","type":"email","role":null,"ariaLabel":null,"testId":null,"dataLoc":null,"href":null,"text":"","selectorHint":"#email"},"value":"oopp@gmail.com"}}
[2026-07-24T09:38:21.824Z] {"timestamp":1784885899952,"kind":"focusout","url":"http://localhost:3000/register","viewport":{"width":1536,"height":730},"payload":{"target":{"tag":"input","id":"email","name":"email","type":"email","role":null,"ariaLabel":null,"testId":null,"dataLoc":null,"href":null,"text":"","selectorHint":"#email"},"value":"oopp@gmail.com"}}
[2026-07-24T09:38:21.824Z] {"timestamp":1784885899953,"kind":"focusin","url":"http://localhost:3000/register","viewport":{"width":1536,"height":730},"payload":{"target":{"tag":"input","id":"mobile","name":"mobile","type":"tel","role":null,"ariaLabel":null,"testId":null,"dataLoc":null,"href":null,"text":"","selectorHint":"#mobile"}}}
[2026-07-24T09:38:21.824Z] {"timestamp":1784885900184,"kind":"click","url":"http://localhost:3000/register","viewport":{"width":1536,"height":730},"payload":{"target":{"tag":"input","id":"mobile","name":"mobile","type":"tel","role":null,"ariaLabel":null,"testId":null,"dataLoc":null,"href":null,"text":"","selectorHint":"#mobile"},"x":640,"y":497}}
[2026-07-24T09:38:27.796Z] {"timestamp":1784885906316,"kind":"change","url":"http://localhost:3000/register","viewport":{"width":1536,"height":730},"payload":{"target":{"tag":"input","id":"mobile","name":"mobile","type":"tel","role":null,"ariaLabel":null,"testId":null,"dataLoc":null,"href":null,"text":"","selectorHint":"#mobile"},"value":"0987656789"}}
[2026-07-24T09:38:27.796Z] {"timestamp":1784885906316,"kind":"focusout","url":"http://localhost:3000/register","viewport":{"width":1536,"height":730},"payload":{"target":{"tag":"input","id":"mobile","name":"mobile","type":"tel","role":null,"ariaLabel":null,"testId":null,"dataLoc":null,"href":null,"text":"","selectorHint":"#mobile"},"value":"0987656789"}}
[2026-07-24T09:38:27.796Z] {"timestamp":1784885906317,"kind":"focusin","url":"http://localhost:3000/register","viewport":{"width":1536,"height":730},"payload":{"target":{"tag":"input","id":"password","name":"password","type":"password","role":null,"ariaLabel":null,"testId":null,"dataLoc":null,"href":null,"text":"","selectorHint":"#password"}}}
[2026-07-24T09:38:27.796Z] {"timestamp":1784885906585,"kind":"click","url":"http://localhost:3000/register","viewport":{"width":1536,"height":730},"payload":{"target":{"tag":"input","id":"password","name":"password","type":"password","role":null,"ariaLabel":null,"testId":null,"dataLoc":null,"href":null,"text":"","selectorHint":"#password"},"x":643,"y":576}}
[2026-07-24T09:38:31.806Z] {"timestamp":1784885909916,"kind":"scroll","url":"http://localhost:3000/register","viewport":{"width":1536,"height":730},"payload":{"scrollX":0,"scrollY":26.399999618530273,"documentHeight":1072,"viewportHeight":730}}
[2026-07-24T09:38:31.806Z] {"timestamp":1784885911088,"kind":"change","url":"http://localhost:3000/register","viewport":{"width":1536,"height":730},"payload":{"target":{"tag":"input","id":"password","name":"password","type":"password","role":null,"ariaLabel":null,"testId":null,"dataLoc":null,"href":null,"text":"","selectorHint":"#password"},"value":{"masked":true,"length":8}}}
[2026-07-24T09:38:31.806Z] {"timestamp":1784885911088,"kind":"focusout","url":"http://localhost:3000/register","viewport":{"width":1536,"height":730},"payload":{"target":{"tag":"input","id":"password","name":"password","type":"password","role":null,"ariaLabel":null,"testId":null,"dataLoc":null,"href":null,"text":"","selectorHint":"#password"},"value":{"masked":true,"length":8}}}
[2026-07-24T09:38:31.806Z] {"timestamp":1784885911089,"kind":"focusin","url":"http://localhost:3000/register","viewport":{"width":1536,"height":730},"payload":{"target":{"tag":"input","id":"confirmPassword","name":"confirmPassword","type":"password","role":null,"ariaLabel":null,"testId":null,"dataLoc":null,"href":null,"text":"","selectorHint":"#confirmPassword"}}}
[2026-07-24T09:38:31.806Z] {"timestamp":1784885911314,"kind":"click","url":"http://localhost:3000/register","viewport":{"width":1536,"height":730},"payload":{"target":{"tag":"input","id":"confirmPassword","name":"confirmPassword","type":"password","role":null,"ariaLabel":null,"testId":null,"dataLoc":null,"href":null,"text":"","selectorHint":"#confirmPassword"},"x":659,"y":417}}
[2026-07-24T09:38:37.817Z] {"timestamp":1784885917013,"kind":"change","url":"http://localhost:3000/register","viewport":{"width":1536,"height":730},"payload":{"target":{"tag":"input","id":"confirmPassword","name":"confirmPassword","type":"password","role":null,"ariaLabel":null,"testId":null,"dataLoc":null,"href":null,"text":"","selectorHint":"#confirmPassword"},"value":{"masked":true,"length":8}}}
[2026-07-24T09:38:37.817Z] {"timestamp":1784885917013,"kind":"focusout","url":"http://localhost:3000/register","viewport":{"width":1536,"height":730},"payload":{"target":{"tag":"input","id":"confirmPassword","name":"confirmPassword","type":"password","role":null,"ariaLabel":null,"testId":null,"dataLoc":null,"href":null,"text":"","selectorHint":"#confirmPassword"},"value":{"masked":true,"length":8}}}
[2026-07-24T09:38:37.817Z] {"timestamp":1784885917014,"kind":"focusin","url":"http://localhost:3000/register","viewport":{"width":1536,"height":730},"payload":{"target":{"tag":"button","id":null,"name":null,"type":null,"role":null,"ariaLabel":null,"testId":null,"dataLoc":null,"href":null,"text":"","selectorHint":"button"}}}
[2026-07-24T09:38:37.817Z] {"timestamp":1784885917229,"kind":"click","url":"http://localhost:3000/register","viewport":{"width":1536,"height":730},"payload":{"target":{"tag":"svg","id":null,"name":null,"type":null,"role":null,"ariaLabel":null,"testId":null,"dataLoc":null,"href":null,"text":"","selectorHint":"svg"},"x":911,"y":406}}
[2026-07-24T09:38:39.799Z] {"timestamp":1784885918580,"kind":"focusout","url":"http://localhost:3000/register","viewport":{"width":1536,"height":730},"payload":{"target":{"tag":"button","id":null,"name":null,"type":null,"role":null,"ariaLabel":null,"testId":null,"dataLoc":null,"href":null,"text":"","selectorHint":"button"},"value":null}}
[2026-07-24T09:38:39.799Z] {"timestamp":1784885918581,"kind":"focusin","url":"http://localhost:3000/register","viewport":{"width":1536,"height":730},"payload":{"target":{"tag":"button","id":null,"name":null,"type":null,"role":null,"ariaLabel":null,"testId":null,"dataLoc":null,"href":null,"text":"","selectorHint":"button"}}}
[2026-07-24T09:38:39.799Z] {"timestamp":1784885918797,"kind":"click","url":"http://localhost:3000/register","viewport":{"width":1536,"height":730},"payload":{"target":{"tag":"svg","id":null,"name":null,"type":null,"role":null,"ariaLabel":null,"testId":null,"dataLoc":null,"href":null,"text":"","selectorHint":"svg"},"x":912,"y":317}}
[2026-07-24T09:38:41.796Z] {"timestamp":1784885920260,"kind":"focusout","url":"http://localhost:3000/register","viewport":{"width":1536,"height":730},"payload":{"target":{"tag":"button","id":null,"name":null,"type":null,"role":null,"ariaLabel":null,"testId":null,"dataLoc":null,"href":null,"text":"","selectorHint":"button"},"value":null}}
[2026-07-24T09:38:41.796Z] {"timestamp":1784885920260,"kind":"focusin","url":"http://localhost:3000/register","viewport":{"width":1536,"height":730},"payload":{"target":{"tag":"button","id":null,"name":null,"type":null,"role":"checkbox","ariaLabel":null,"testId":null,"dataLoc":null,"href":null,"text":"","selectorHint":"button"}}}
[2026-07-24T09:38:41.796Z] {"timestamp":1784885920479,"kind":"click","url":"http://localhost:3000/register","viewport":{"width":1536,"height":730},"payload":{"target":{"tag":"button","id":null,"name":null,"type":null,"role":"checkbox","ariaLabel":null,"testId":null,"dataLoc":null,"href":null,"text":"","selectorHint":"button"},"x":595,"y":457}}
[2026-07-24T09:38:41.796Z] {"timestamp":1784885920484,"kind":"click","url":"http://localhost:3000/register","viewport":{"width":1536,"height":730},"payload":{"target":{"tag":"input","id":null,"name":"agreeTerms","type":"checkbox","role":null,"ariaLabel":null,"testId":null,"dataLoc":null,"href":null,"text":"","selectorHint":"input"}}}
[2026-07-24T09:38:41.796Z] {"timestamp":1784885921250,"kind":"focusout","url":"http://localhost:3000/register","viewport":{"width":1536,"height":730},"payload":{"target":{"tag":"button","id":null,"name":null,"type":null,"role":"checkbox","ariaLabel":null,"testId":null,"dataLoc":null,"href":null,"text":"","selectorHint":"button"},"value":null}}
[2026-07-24T09:38:41.796Z] {"timestamp":1784885921250,"kind":"focusin","url":"http://localhost:3000/register","viewport":{"width":1536,"height":730},"payload":{"target":{"tag":"button","id":null,"name":null,"type":null,"role":null,"ariaLabel":null,"testId":null,"dataLoc":null,"href":null,"text":"Create Account","selectorHint":"button"}}}
[2026-07-24T09:38:41.796Z] {"timestamp":1784885921464,"kind":"click","url":"http://localhost:3000/register","viewport":{"width":1536,"height":730},"payload":{"target":{"tag":"button","id":null,"name":null,"type":null,"role":null,"ariaLabel":null,"testId":null,"dataLoc":null,"href":null,"text":"Create Account","selectorHint":"button"},"x":691,"y":513}}
[2026-07-24T09:38:41.796Z] {"timestamp":1784885921468,"kind":"submit","url":"http://localhost:3000/register","viewport":{"width":1536,"height":730},"payload":{"target":{"tag":"form","id":null,"name":null,"type":null,"role":null,"ariaLabel":null,"testId":null,"dataLoc":null,"href":null,"text":"Full Name Email Address Mobile Number Password Strength: strong Confirm Password…","selectorHint":"form"}}}
[2026-07-24T09:38:44.422Z] {"timestamp":1784885924250,"kind":"navigate","url":"http://localhost:3000/login","viewport":{"width":1536,"height":730},"payload":{"reason":"pushState"}}
[2026-07-24T09:38:44.422Z] {"timestamp":1784885924260,"kind":"focusout","url":"http://localhost:3000/login","viewport":{"width":1536,"height":730},"payload":{"target":{"tag":"button","id":null,"name":null,"type":null,"role":null,"ariaLabel":null,"testId":null,"dataLoc":null,"href":null,"text":"Create Account","selectorHint":"button"},"value":null}}
[2026-07-24T09:38:44.422Z] {"timestamp":1784885924286,"kind":"scroll","url":"http://localhost:3000/login","viewport":{"width":1536,"height":730},"payload":{"scrollX":0,"scrollY":194.39999389648438,"documentHeight":924,"viewportHeight":730}}
[2026-07-24T09:38:49.796Z] {"timestamp":1784885928054,"kind":"focusin","url":"http://localhost:3000/login","viewport":{"width":1536,"height":730},"payload":{"target":{"tag":"input","id":"email","name":null,"type":"email","role":null,"ariaLabel":null,"testId":null,"dataLoc":null,"href":null,"text":"","selectorHint":"#email"}}}
[2026-07-24T09:38:49.796Z] {"timestamp":1784885928284,"kind":"click","url":"http://localhost:3000/login","viewport":{"width":1536,"height":730},"payload":{"target":{"tag":"input","id":"email","name":null,"type":"email","role":null,"ariaLabel":null,"testId":null,"dataLoc":null,"href":null,"text":"","selectorHint":"#email"},"x":837,"y":150}}
[2026-07-24T09:38:51.800Z] {"timestamp":1784885930870,"kind":"change","url":"http://localhost:3000/login","viewport":{"width":1536,"height":730},"payload":{"target":{"tag":"input","id":"email","name":null,"type":"email","role":null,"ariaLabel":null,"testId":null,"dataLoc":null,"href":null,"text":"","selectorHint":"#email"},"value":"oopp@gmail.com"}}
[2026-07-24T09:38:51.800Z] {"timestamp":1784885931568,"kind":"focusout","url":"http://localhost:3000/login","viewport":{"width":1536,"height":730},"payload":{"target":{"tag":"input","id":"email","name":null,"type":"email","role":null,"ariaLabel":null,"testId":null,"dataLoc":null,"href":null,"text":"","selectorHint":"#email"},"value":"oopp@gmail.com"}}
[2026-07-24T09:38:51.800Z] {"timestamp":1784885931568,"kind":"focusin","url":"http://localhost:3000/login","viewport":{"width":1536,"height":730},"payload":{"target":{"tag":"input","id":"password","name":null,"type":"password","role":null,"ariaLabel":null,"testId":null,"dataLoc":null,"href":null,"text":"","selectorHint":"#password"}}}
[2026-07-24T09:38:51.800Z] {"timestamp":1784885931785,"kind":"click","url":"http://localhost:3000/login","viewport":{"width":1536,"height":730},"payload":{"target":{"tag":"input","id":"password","name":null,"type":"password","role":null,"ariaLabel":null,"testId":null,"dataLoc":null,"href":null,"text":"","selectorHint":"#password"},"x":681,"y":209}}
[2026-07-24T09:38:57.799Z] {"timestamp":1784885935863,"kind":"change","url":"http://localhost:3000/login","viewport":{"width":1536,"height":730},"payload":{"target":{"tag":"input","id":"password","name":null,"type":"password","role":null,"ariaLabel":null,"testId":null,"dataLoc":null,"href":null,"text":"","selectorHint":"#password"},"value":{"masked":true,"length":8}}}
[2026-07-24T09:38:57.799Z] {"timestamp":1784885935863,"kind":"focusout","url":"http://localhost:3000/login","viewport":{"width":1536,"height":730},"payload":{"target":{"tag":"input","id":"password","name":null,"type":"password","role":null,"ariaLabel":null,"testId":null,"dataLoc":null,"href":null,"text":"","selectorHint":"#password"},"value":{"masked":true,"length":8}}}
[2026-07-24T09:38:57.799Z] {"timestamp":1784885935864,"kind":"focusin","url":"http://localhost:3000/login","viewport":{"width":1536,"height":730},"payload":{"target":{"tag":"button","id":null,"name":null,"type":null,"role":null,"ariaLabel":null,"testId":null,"dataLoc":null,"href":null,"text":"","selectorHint":"button"}}}
[2026-07-24T09:38:57.799Z] {"timestamp":1784885936081,"kind":"click","url":"http://localhost:3000/login","viewport":{"width":1536,"height":730},"payload":{"target":{"tag":"circle","id":null,"name":null,"type":null,"role":null,"ariaLabel":null,"testId":null,"dataLoc":null,"href":null,"text":"","selectorHint":"circle"},"x":914,"y":224}}
[2026-07-24T09:38:57.799Z] {"timestamp":1784885937005,"kind":"focusout","url":"http://localhost:3000/login","viewport":{"width":1536,"height":730},"payload":{"target":{"tag":"button","id":null,"name":null,"type":null,"role":null,"ariaLabel":null,"testId":null,"dataLoc":null,"href":null,"text":"","selectorHint":"button"},"value":null}}
[2026-07-24T09:38:57.799Z] {"timestamp":1784885937005,"kind":"focusin","url":"http://localhost:3000/login","viewport":{"width":1536,"height":730},"payload":{"target":{"tag":"button","id":null,"name":null,"type":null,"role":null,"ariaLabel":null,"testId":null,"dataLoc":null,"href":null,"text":"Sign In","selectorHint":"button"}}}
[2026-07-24T09:38:57.799Z] {"timestamp":1784885937232,"kind":"click","url":"http://localhost:3000/login","viewport":{"width":1536,"height":730},"payload":{"target":{"tag":"button","id":null,"name":null,"type":null,"role":null,"ariaLabel":null,"testId":null,"dataLoc":null,"href":null,"text":"Sign In","selectorHint":"button"},"x":760,"y":309}}
[2026-07-24T09:38:57.799Z] {"timestamp":1784885937233,"kind":"submit","url":"http://localhost:3000/login","viewport":{"width":1536,"height":730},"payload":{"target":{"tag":"form","id":null,"name":null,"type":null,"role":null,"ariaLabel":null,"testId":null,"dataLoc":null,"href":null,"text":"Email Address Password Remember me Forgot password? Sign In","selectorHint":"form"}}}
[2026-07-24T09:39:00.306Z] {"timestamp":1784885939941,"kind":"navigate","url":"http://localhost:3000/user/dashboard","viewport":{"width":1536,"height":730},"payload":{"reason":"pushState"}}
[2026-07-24T09:39:00.306Z] {"timestamp":1784885939967,"kind":"focusout","url":"http://localhost:3000/user/dashboard","viewport":{"width":1536,"height":730},"payload":{"target":{"tag":"button","id":null,"name":null,"type":null,"role":null,"ariaLabel":null,"testId":null,"dataLoc":null,"href":null,"text":"Sign In","selectorHint":"button"},"value":null}}
[2026-07-24T09:39:03.798Z] {"timestamp":1784885942736,"kind":"scroll","url":"http://localhost:3000/user/dashboard","viewport":{"width":1536,"height":730},"payload":{"scrollX":0,"scrollY":185.60000610351562,"documentHeight":1587,"viewportHeight":730}}
[2026-07-24T09:39:03.798Z] {"timestamp":1784885943246,"kind":"scroll","url":"http://localhost:3000/user/dashboard","viewport":{"width":1536,"height":730},"payload":{"scrollX":0,"scrollY":363.20001220703125,"documentHeight":1587,"viewportHeight":730}}
[2026-07-24T09:39:05.792Z] {"timestamp":1784885944085,"kind":"scroll","url":"http://localhost:3000/user/dashboard","viewport":{"width":1536,"height":730},"payload":{"scrollX":0,"scrollY":692,"documentHeight":1587,"viewportHeight":730}}
[2026-07-24T10:02:17.374Z] {"timestamp":1784887335619,"kind":"scroll","url":"http://localhost:3000/login","viewport":{"width":1536,"height":730},"payload":{"scrollX":0,"scrollY":12,"documentHeight":924,"viewportHeight":730}}
[2026-07-24T10:02:17.374Z] {"timestamp":1784887337077,"kind":"focusin","url":"http://localhost:3000/login","viewport":{"width":1536,"height":730},"payload":{"target":{"tag":"input","id":"email","name":null,"type":"email","role":null,"ariaLabel":null,"testId":null,"dataLoc":null,"href":null,"text":"","selectorHint":"#email"}}}
[2026-07-24T10:02:17.374Z] {"timestamp":1784887337295,"kind":"click","url":"http://localhost:3000/login","viewport":{"width":1536,"height":730},"payload":{"target":{"tag":"input","id":"email","name":null,"type":"email","role":null,"ariaLabel":null,"testId":null,"dataLoc":null,"href":null,"text":"","selectorHint":"#email"},"x":723,"y":145}}
[2026-07-24T10:02:23.367Z] {"timestamp":1784887342250,"kind":"change","url":"http://localhost:3000/login","viewport":{"width":1536,"height":730},"payload":{"target":{"tag":"input","id":"email","name":null,"type":"email","role":null,"ariaLabel":null,"testId":null,"dataLoc":null,"href":null,"text":"","selectorHint":"#email"},"value":"recruiter@jobportal.com"}}
[2026-07-24T10:02:23.367Z] {"timestamp":1784887342922,"kind":"focusout","url":"http://localhost:3000/login","viewport":{"width":1536,"height":730},"payload":{"target":{"tag":"input","id":"email","name":null,"type":"email","role":null,"ariaLabel":null,"testId":null,"dataLoc":null,"href":null,"text":"","selectorHint":"#email"},"value":"recruiter@jobportal.com"}}
[2026-07-24T10:02:23.367Z] {"timestamp":1784887342923,"kind":"focusin","url":"http://localhost:3000/login","viewport":{"width":1536,"height":730},"payload":{"target":{"tag":"input","id":"password","name":null,"type":"password","role":null,"ariaLabel":null,"testId":null,"dataLoc":null,"href":null,"text":"","selectorHint":"#password"}}}
[2026-07-24T10:02:23.367Z] {"timestamp":1784887343134,"kind":"click","url":"http://localhost:3000/login","viewport":{"width":1536,"height":730},"payload":{"target":{"tag":"input","id":"password","name":null,"type":"password","role":null,"ariaLabel":null,"testId":null,"dataLoc":null,"href":null,"text":"","selectorHint":"#password"},"x":711,"y":217}}
[2026-07-24T10:02:29.377Z] {"timestamp":1784887348223,"kind":"change","url":"http://localhost:3000/login","viewport":{"width":1536,"height":730},"payload":{"target":{"tag":"input","id":"password","name":null,"type":"password","role":null,"ariaLabel":null,"testId":null,"dataLoc":null,"href":null,"text":"","selectorHint":"#password"},"value":{"masked":true,"length":13}}}
[2026-07-24T10:02:29.377Z] {"timestamp":1784887348224,"kind":"focusout","url":"http://localhost:3000/login","viewport":{"width":1536,"height":730},"payload":{"target":{"tag":"input","id":"password","name":null,"type":"password","role":null,"ariaLabel":null,"testId":null,"dataLoc":null,"href":null,"text":"","selectorHint":"#password"},"value":{"masked":true,"length":13}}}
[2026-07-24T10:02:29.377Z] {"timestamp":1784887348224,"kind":"focusin","url":"http://localhost:3000/login","viewport":{"width":1536,"height":730},"payload":{"target":{"tag":"button","id":null,"name":null,"type":null,"role":null,"ariaLabel":null,"testId":null,"dataLoc":null,"href":null,"text":"","selectorHint":"button"}}}
[2026-07-24T10:02:29.377Z] {"timestamp":1784887348436,"kind":"click","url":"http://localhost:3000/login","viewport":{"width":1536,"height":730},"payload":{"target":{"tag":"svg","id":null,"name":null,"type":null,"role":null,"ariaLabel":null,"testId":null,"dataLoc":null,"href":null,"text":"","selectorHint":"svg"},"x":911,"y":219}}
[2026-07-24T10:02:29.377Z] {"timestamp":1784887349303,"kind":"focusout","url":"http://localhost:3000/login","viewport":{"width":1536,"height":730},"payload":{"target":{"tag":"button","id":null,"name":null,"type":null,"role":null,"ariaLabel":null,"testId":null,"dataLoc":null,"href":null,"text":"","selectorHint":"button"},"value":null}}
[2026-07-24T10:02:29.377Z] {"timestamp":1784887349304,"kind":"focusin","url":"http://localhost:3000/login","viewport":{"width":1536,"height":730},"payload":{"target":{"tag":"button","id":null,"name":null,"type":null,"role":null,"ariaLabel":null,"testId":null,"dataLoc":null,"href":null,"text":"Sign In","selectorHint":"button"}}}
[2026-07-24T10:02:31.366Z] {"timestamp":1784887349524,"kind":"click","url":"http://localhost:3000/login","viewport":{"width":1536,"height":730},"payload":{"target":{"tag":"button","id":null,"name":null,"type":null,"role":null,"ariaLabel":null,"testId":null,"dataLoc":null,"href":null,"text":"Sign In","selectorHint":"button"},"x":737,"y":299}}
[2026-07-24T10:02:31.366Z] {"timestamp":1784887349528,"kind":"submit","url":"http://localhost:3000/login","viewport":{"width":1536,"height":730},"payload":{"target":{"tag":"form","id":null,"name":null,"type":null,"role":null,"ariaLabel":null,"testId":null,"dataLoc":null,"href":null,"text":"Email Address Password Remember me Forgot password? Sign In","selectorHint":"form"}}}
[2026-07-24T10:02:31.366Z] {"timestamp":1784887349531,"kind":"navigate","url":"http://localhost:3000/recruiter/dashboard","viewport":{"width":1536,"height":730},"payload":{"reason":"pushState"}}
[2026-07-24T10:02:31.366Z] {"timestamp":1784887349570,"kind":"focusout","url":"http://localhost:3000/recruiter/dashboard","viewport":{"width":1536,"height":730},"payload":{"target":{"tag":"button","id":null,"name":null,"type":null,"role":null,"ariaLabel":null,"testId":null,"dataLoc":null,"href":null,"text":"Sign In","selectorHint":"button"},"value":null}}
[2026-07-24T10:02:35.370Z] {"timestamp":1784887353661,"kind":"navigate","url":"http://localhost:3000/login","viewport":{"width":1536,"height":730},"payload":{"reason":"popstate"}}
[2026-07-24T10:02:35.370Z] {"timestamp":1784887354945,"kind":"focusin","url":"http://localhost:3000/login","viewport":{"width":1536,"height":730},"payload":{"target":{"tag":"input","id":"email","name":null,"type":"email","role":null,"ariaLabel":null,"testId":null,"dataLoc":null,"href":null,"text":"","selectorHint":"#email"}}}
[2026-07-24T10:02:35.370Z] {"timestamp":1784887355162,"kind":"click","url":"http://localhost:3000/login","viewport":{"width":1536,"height":730},"payload":{"target":{"tag":"input","id":"email","name":null,"type":"email","role":null,"ariaLabel":null,"testId":null,"dataLoc":null,"href":null,"text":"","selectorHint":"#email"},"x":668,"y":155}}
[2026-07-24T10:02:39.390Z] {"timestamp":1784887358028,"kind":"change","url":"http://localhost:3000/login","viewport":{"width":1536,"height":730},"payload":{"target":{"tag":"input","id":"email","name":null,"type":"email","role":null,"ariaLabel":null,"testId":null,"dataLoc":null,"href":null,"text":"","selectorHint":"#email"},"value":"admin@jobportal.com"}}
[2026-07-24T10:02:39.390Z] {"timestamp":1784887358664,"kind":"focusout","url":"http://localhost:3000/login","viewport":{"width":1536,"height":730},"payload":{"target":{"tag":"input","id":"email","name":null,"type":"email","role":null,"ariaLabel":null,"testId":null,"dataLoc":null,"href":null,"text":"","selectorHint":"#email"},"value":"admin@jobportal.com"}}
[2026-07-24T10:02:39.390Z] {"timestamp":1784887358665,"kind":"focusin","url":"http://localhost:3000/login","viewport":{"width":1536,"height":730},"payload":{"target":{"tag":"input","id":"password","name":null,"type":"password","role":null,"ariaLabel":null,"testId":null,"dataLoc":null,"href":null,"text":"","selectorHint":"#password"}}}
[2026-07-24T10:02:39.390Z] {"timestamp":1784887358890,"kind":"click","url":"http://localhost:3000/login","viewport":{"width":1536,"height":730},"payload":{"target":{"tag":"input","id":"password","name":null,"type":"password","role":null,"ariaLabel":null,"testId":null,"dataLoc":null,"href":null,"text":"","selectorHint":"#password"},"x":679,"y":229}}
[2026-07-24T10:02:43.363Z] {"timestamp":1784887363267,"kind":"change","url":"http://localhost:3000/login","viewport":{"width":1536,"height":730},"payload":{"target":{"tag":"input","id":"password","name":null,"type":"password","role":null,"ariaLabel":null,"testId":null,"dataLoc":null,"href":null,"text":"","selectorHint":"#password"},"value":{"masked":true,"length":9}}}
[2026-07-24T10:02:43.363Z] {"timestamp":1784887363268,"kind":"focusout","url":"http://localhost:3000/login","viewport":{"width":1536,"height":730},"payload":{"target":{"tag":"input","id":"password","name":null,"type":"password","role":null,"ariaLabel":null,"testId":null,"dataLoc":null,"href":null,"text":"","selectorHint":"#password"},"value":{"masked":true,"length":9}}}
[2026-07-24T10:02:43.363Z] {"timestamp":1784887363268,"kind":"focusin","url":"http://localhost:3000/login","viewport":{"width":1536,"height":730},"payload":{"target":{"tag":"button","id":null,"name":null,"type":null,"role":null,"ariaLabel":null,"testId":null,"dataLoc":null,"href":null,"text":"","selectorHint":"button"}}}
[2026-07-24T10:02:45.559Z] {"timestamp":1784887363493,"kind":"click","url":"http://localhost:3000/login","viewport":{"width":1536,"height":730},"payload":{"target":{"tag":"path","id":null,"name":null,"type":null,"role":null,"ariaLabel":null,"testId":null,"dataLoc":null,"href":null,"text":"","selectorHint":"path"},"x":920,"y":223}}
[2026-07-24T10:02:45.578Z] {"timestamp":1784887364717,"kind":"focusout","url":"http://localhost:3000/login","viewport":{"width":1536,"height":730},"payload":{"target":{"tag":"button","id":null,"name":null,"type":null,"role":null,"ariaLabel":null,"testId":null,"dataLoc":null,"href":null,"text":"","selectorHint":"button"},"value":null}}
[2026-07-24T10:02:45.578Z] {"timestamp":1784887364718,"kind":"focusin","url":"http://localhost:3000/login","viewport":{"width":1536,"height":730},"payload":{"target":{"tag":"button","id":null,"name":null,"type":null,"role":null,"ariaLabel":null,"testId":null,"dataLoc":null,"href":null,"text":"Sign In","selectorHint":"button"}}}
[2026-07-24T10:02:45.578Z] {"timestamp":1784887364937,"kind":"click","url":"http://localhost:3000/login","viewport":{"width":1536,"height":730},"payload":{"target":{"tag":"button","id":null,"name":null,"type":null,"role":null,"ariaLabel":null,"testId":null,"dataLoc":null,"href":null,"text":"Sign In","selectorHint":"button"},"x":754,"y":309}}
[2026-07-24T10:02:45.578Z] {"timestamp":1784887364938,"kind":"submit","url":"http://localhost:3000/login","viewport":{"width":1536,"height":730},"payload":{"target":{"tag":"form","id":null,"name":null,"type":null,"role":null,"ariaLabel":null,"testId":null,"dataLoc":null,"href":null,"text":"Email Address Password Remember me Forgot password? Sign In","selectorHint":"form"}}}
[2026-07-24T10:02:45.578Z] {"timestamp":1784887364942,"kind":"navigate","url":"http://localhost:3000/admin/dashboard","viewport":{"width":1536,"height":730},"payload":{"reason":"pushState"}}
[2026-07-24T10:02:45.578Z] {"timestamp":1784887364950,"kind":"focusout","url":"http://localhost:3000/admin/dashboard","viewport":{"width":1536,"height":730},"payload":{"target":{"tag":"button","id":null,"name":null,"type":null,"role":null,"ariaLabel":null,"testId":null,"dataLoc":null,"href":null,"text":"Sign In","selectorHint":"button"},"value":null}}
[2026-07-24T10:02:47.362Z] {"timestamp":1784887365968,"kind":"scroll","url":"http://localhost:3000/admin/dashboard","viewport":{"width":1536,"height":730},"payload":{"scrollX":0,"scrollY":88.80000305175781,"documentHeight":1545,"viewportHeight":730}}
[2026-07-24T10:02:49.380Z] {"timestamp":1784887369326,"kind":"scroll","url":"http://localhost:3000/admin/dashboard","viewport":{"width":1536,"height":730},"payload":{"scrollX":0,"scrollY":24,"documentHeight":1545,"viewportHeight":730}}
[2026-07-24T10:02:51.375Z] {"timestamp":1784887370842,"kind":"scroll","url":"http://localhost:3000/admin/dashboard","viewport":{"width":1536,"height":730},"payload":{"scrollX":0,"scrollY":723.2000122070312,"documentHeight":1545,"viewportHeight":730}}
[2026-07-24T10:02:51.375Z] {"timestamp":1784887371358,"kind":"scroll","url":"http://localhost:3000/admin/dashboard","viewport":{"width":1536,"height":730},"payload":{"scrollX":0,"scrollY":174.39999389648438,"documentHeight":1545,"viewportHeight":730}}
[2026-07-24T10:02:53.373Z] {"timestamp":1784887371858,"kind":"scroll","url":"http://localhost:3000/admin/dashboard","viewport":{"width":1536,"height":730},"payload":{"scrollX":0,"scrollY":91.19999694824219,"documentHeight":1545,"viewportHeight":730}}
[2026-07-24T10:02:55.374Z] {"timestamp":1784887374580,"kind":"scroll","url":"http://localhost:3000/admin/dashboard","viewport":{"width":1536,"height":730},"payload":{"scrollX":0,"scrollY":39.20000076293945,"documentHeight":1545,"viewportHeight":730}}
[2026-07-24T10:02:55.374Z] {"timestamp":1784887375308,"kind":"scroll","url":"http://localhost:3000/admin/dashboard","viewport":{"width":1536,"height":730},"payload":{"scrollX":0,"scrollY":797.5999755859375,"documentHeight":1545,"viewportHeight":730}}
[2026-07-24T10:02:57.361Z] {"timestamp":1784887376491,"kind":"scroll","url":"http://localhost:3000/admin/dashboard","viewport":{"width":1536,"height":730},"payload":{"scrollX":0,"scrollY":719.2000122070312,"documentHeight":1545,"viewportHeight":730}}
[2026-07-24T10:02:59.361Z] {"timestamp":1784887378272,"kind":"navigate","url":"http://localhost:3000/login","viewport":{"width":1536,"height":730},"payload":{"reason":"popstate"}}
[2026-07-24T10:02:59.361Z] {"timestamp":1784887378329,"kind":"scroll","url":"http://localhost:3000/login","viewport":{"width":1536,"height":730},"payload":{"scrollX":0,"scrollY":2.4000000953674316,"documentHeight":924,"viewportHeight":730}}
[2026-07-24T10:02:59.361Z] {"timestamp":1784887379359,"kind":"scroll","url":"http://localhost:3000/login","viewport":{"width":1536,"height":730},"payload":{"scrollX":0,"scrollY":171.1999969482422,"documentHeight":924,"viewportHeight":730}}
[2026-07-24T10:03:01.365Z] {"timestamp":1784887380392,"kind":"scroll","url":"http://localhost:3000/login","viewport":{"width":1536,"height":730},"payload":{"scrollX":0,"scrollY":42.400001525878906,"documentHeight":924,"viewportHeight":730}}
[2026-07-24T10:03:03.375Z] {"timestamp":1784887382265,"kind":"focusin","url":"http://localhost:3000/login","viewport":{"width":1536,"height":730},"payload":{"target":{"tag":"button","id":null,"name":null,"type":null,"role":null,"ariaLabel":null,"testId":null,"dataLoc":null,"href":null,"text":"Google","selectorHint":"button"}}}
[2026-07-24T10:03:03.375Z] {"timestamp":1784887382482,"kind":"click","url":"http://localhost:3000/login","viewport":{"width":1536,"height":730},"payload":{"target":{"tag":"button","id":null,"name":null,"type":null,"role":null,"ariaLabel":null,"testId":null,"dataLoc":null,"href":null,"text":"Google","selectorHint":"button"},"x":675,"y":471}}
[2026-07-24T10:03:07.366Z] {"timestamp":1784887385883,"kind":"click","url":"http://localhost:3000/login","viewport":{"width":1536,"height":730},"payload":{"target":{"tag":"button","id":null,"name":null,"type":null,"role":null,"ariaLabel":null,"testId":null,"dataLoc":null,"href":null,"text":"Google","selectorHint":"button"},"x":676,"y":473}}
[2026-07-24T10:03:07.388Z] {"timestamp":1784887386745,"kind":"scroll","url":"http://localhost:3000/login","viewport":{"width":1536,"height":730},"payload":{"scrollX":0,"scrollY":175.1999969482422,"documentHeight":924,"viewportHeight":730}}
[2026-07-24T10:03:09.372Z] {"timestamp":1784887388679,"kind":"focusout","url":"http://localhost:3000/login","viewport":{"width":1536,"height":730},"payload":{"target":{"tag":"button","id":null,"name":null,"type":null,"role":null,"ariaLabel":null,"testId":null,"dataLoc":null,"href":null,"text":"Google","selectorHint":"button"},"value":null}}
[2026-07-24T10:03:09.372Z] {"timestamp":1784887388680,"kind":"focusin","url":"http://localhost:3000/login","viewport":{"width":1536,"height":730},"payload":{"target":{"tag":"input","id":"email","name":null,"type":"email","role":null,"ariaLabel":null,"testId":null,"dataLoc":null,"href":null,"text":"","selectorHint":"#email"}}}
[2026-07-24T10:03:09.372Z] {"timestamp":1784887388897,"kind":"click","url":"http://localhost:3000/login","viewport":{"width":1536,"height":730},"payload":{"target":{"tag":"input","id":"email","name":null,"type":"email","role":null,"ariaLabel":null,"testId":null,"dataLoc":null,"href":null,"text":"","selectorHint":"#email"},"x":690,"y":361}}
[2026-07-24T10:03:11.392Z] {"timestamp":1784887389865,"kind":"focusout","url":"http://localhost:3000/login","viewport":{"width":1536,"height":730},"payload":{"target":{"tag":"input","id":"email","name":null,"type":"email","role":null,"ariaLabel":null,"testId":null,"dataLoc":null,"href":null,"text":"","selectorHint":"#email"},"value":""}}
[2026-07-24T10:03:11.392Z] {"timestamp":1784887390084,"kind":"click","url":"http://localhost:3000/login","viewport":{"width":1536,"height":730},"payload":{"target":{"tag":"div","id":null,"name":null,"type":null,"role":null,"ariaLabel":null,"testId":null,"dataLoc":null,"href":null,"text":"JP Welcome Back Sign in to your account to continue Email Address Password Remem…","selectorHint":"div"},"x":384,"y":333}}
[2026-07-24T10:03:11.392Z] {"timestamp":1784887391275,"kind":"focusin","url":"http://localhost:3000/login","viewport":{"width":1536,"height":730},"payload":{"target":{"tag":"input","id":"email","name":null,"type":"email","role":null,"ariaLabel":null,"testId":null,"dataLoc":null,"href":null,"text":"","selectorHint":"#email"}}}
[2026-07-24T10:03:13.371Z] {"timestamp":1784887391497,"kind":"click","url":"http://localhost:3000/login","viewport":{"width":1536,"height":730},"payload":{"target":{"tag":"input","id":"email","name":null,"type":"email","role":null,"ariaLabel":null,"testId":null,"dataLoc":null,"href":null,"text":"","selectorHint":"#email"},"x":678,"y":349}}
[2026-07-24T10:03:19.368Z] {"timestamp":1784887397550,"kind":"change","url":"http://localhost:3000/login","viewport":{"width":1536,"height":730},"payload":{"target":{"tag":"input","id":"email","name":null,"type":"email","role":null,"ariaLabel":null,"testId":null,"dataLoc":null,"href":null,"text":"","selectorHint":"#email"},"value":"oopp@gmail.com"}}
[2026-07-24T10:03:19.368Z] {"timestamp":1784887398553,"kind":"focusout","url":"http://localhost:3000/login","viewport":{"width":1536,"height":730},"payload":{"target":{"tag":"input","id":"email","name":null,"type":"email","role":null,"ariaLabel":null,"testId":null,"dataLoc":null,"href":null,"text":"","selectorHint":"#email"},"value":"oopp@gmail.com"}}
[2026-07-24T10:03:19.368Z] {"timestamp":1784887398554,"kind":"focusin","url":"http://localhost:3000/login","viewport":{"width":1536,"height":730},"payload":{"target":{"tag":"input","id":"password","name":null,"type":"password","role":null,"ariaLabel":null,"testId":null,"dataLoc":null,"href":null,"text":"","selectorHint":"#password"}}}
[2026-07-24T10:03:19.368Z] {"timestamp":1784887398773,"kind":"click","url":"http://localhost:3000/login","viewport":{"width":1536,"height":730},"payload":{"target":{"tag":"input","id":"password","name":null,"type":"password","role":null,"ariaLabel":null,"testId":null,"dataLoc":null,"href":null,"text":"","selectorHint":"#password"},"x":662,"y":426}}
[2026-07-24T10:03:25.918Z] {"timestamp":1784887403372,"kind":"change","url":"http://localhost:3000/login","viewport":{"width":1536,"height":730},"payload":{"target":{"tag":"input","id":"password","name":null,"type":"password","role":null,"ariaLabel":null,"testId":null,"dataLoc":null,"href":null,"text":"","selectorHint":"#password"},"value":{"masked":true,"length":8}}}
[2026-07-24T10:03:25.918Z] {"timestamp":1784887403372,"kind":"focusout","url":"http://localhost:3000/login","viewport":{"width":1536,"height":730},"payload":{"target":{"tag":"input","id":"password","name":null,"type":"password","role":null,"ariaLabel":null,"testId":null,"dataLoc":null,"href":null,"text":"","selectorHint":"#password"},"value":{"masked":true,"length":8}}}
[2026-07-24T10:03:25.918Z] {"timestamp":1784887403373,"kind":"focusin","url":"http://localhost:3000/login","viewport":{"width":1536,"height":730},"payload":{"target":{"tag":"button","id":null,"name":null,"type":null,"role":null,"ariaLabel":null,"testId":null,"dataLoc":null,"href":null,"text":"Sign In","selectorHint":"button"}}}
[2026-07-24T10:03:25.918Z] {"timestamp":1784887403594,"kind":"click","url":"http://localhost:3000/login","viewport":{"width":1536,"height":730},"payload":{"target":{"tag":"button","id":null,"name":null,"type":null,"role":null,"ariaLabel":null,"testId":null,"dataLoc":null,"href":null,"text":"Sign In","selectorHint":"button"},"x":700,"y":511}}
[2026-07-24T10:03:25.918Z] {"timestamp":1784887403595,"kind":"submit","url":"http://localhost:3000/login","viewport":{"width":1536,"height":730},"payload":{"target":{"tag":"form","id":null,"name":null,"type":null,"role":null,"ariaLabel":null,"testId":null,"dataLoc":null,"href":null,"text":"Email Address Password Remember me Forgot password? Sign In","selectorHint":"form"}}}
[2026-07-24T10:03:25.918Z] {"timestamp":1784887405681,"kind":"navigate","url":"http://localhost:3000/user/dashboard","viewport":{"width":1536,"height":730},"payload":{"reason":"pushState"}}
[2026-07-24T10:03:25.918Z] {"timestamp":1784887405686,"kind":"focusout","url":"http://localhost:3000/user/dashboard","viewport":{"width":1536,"height":730},"payload":{"target":{"tag":"button","id":null,"name":null,"type":null,"role":null,"ariaLabel":null,"testId":null,"dataLoc":null,"href":null,"text":"Sign In","selectorHint":"button"},"value":null}}
[2026-07-24T10:03:29.361Z] {"timestamp":1784887408385,"kind":"scroll","url":"http://localhost:3000/user/dashboard","viewport":{"width":1536,"height":730},"payload":{"scrollX":0,"scrollY":88,"documentHeight":1587,"viewportHeight":730}}
[2026-07-24T10:09:03.418Z] {"timestamp":1784887741904,"kind":"scroll","url":"http://localhost:3000/user/dashboard","viewport":{"width":1536,"height":730},"payload":{"scrollX":0,"scrollY":854.4000244140625,"documentHeight":1587,"viewportHeight":730}}
[2026-07-24T10:09:03.418Z] {"timestamp":1784887742413,"kind":"scroll","url":"http://localhost:3000/user/dashboard","viewport":{"width":1536,"height":730},"payload":{"scrollX":0,"scrollY":280.79998779296875,"documentHeight":1587,"viewportHeight":730}}
[2026-07-24T10:09:43.386Z] {"timestamp":1784887783354,"kind":"scroll","url":"http://localhost:3000/user/dashboard","viewport":{"width":1536,"height":730},"payload":{"scrollX":0,"scrollY":0.800000011920929,"documentHeight":1587,"viewportHeight":730}}
[2026-07-24T10:09:45.374Z] {"timestamp":1784887785232,"kind":"scroll","url":"http://localhost:3000/user/dashboard","viewport":{"width":1536,"height":730},"payload":{"scrollX":0,"scrollY":749.5999755859375,"documentHeight":1587,"viewportHeight":730}}
[2026-07-24T10:09:47.368Z] {"timestamp":1784887785763,"kind":"scroll","url":"http://localhost:3000/user/dashboard","viewport":{"width":1536,"height":730},"payload":{"scrollX":0,"scrollY":0,"documentHeight":1587,"viewportHeight":730}}
[2026-07-24T10:09:47.368Z] {"timestamp":1784887786263,"kind":"scroll","url":"http://localhost:3000/user/dashboard","viewport":{"width":1536,"height":730},"payload":{"scrollX":0,"scrollY":628.7999877929688,"documentHeight":1587,"viewportHeight":730}}
[2026-07-24T10:09:49.364Z] {"timestamp":1784887787731,"kind":"focusin","url":"http://localhost:3000/user/dashboard","viewport":{"width":1536,"height":730},"payload":{"target":{"tag":"button","id":null,"name":null,"type":null,"role":null,"ariaLabel":null,"testId":null,"dataLoc":null,"href":null,"text":"Browse Jobs","selectorHint":"button"}}}
[2026-07-24T10:09:49.364Z] {"timestamp":1784887787920,"kind":"click","url":"http://localhost:3000/user/dashboard","viewport":{"width":1536,"height":730},"payload":{"target":{"tag":"button","id":null,"name":null,"type":null,"role":null,"ariaLabel":null,"testId":null,"dataLoc":null,"href":null,"text":"Browse Jobs","selectorHint":"button"},"x":348,"y":653}}
[2026-07-24T10:09:49.364Z] {"timestamp":1784887787921,"kind":"navigate","url":"http://localhost:3000/user/browse-jobs","viewport":{"width":1536,"height":730},"payload":{"reason":"pushState"}}
[2026-07-24T10:09:49.364Z] {"timestamp":1784887787992,"kind":"focusout","url":"http://localhost:3000/user/browse-jobs","viewport":{"width":1536,"height":730},"payload":{"target":{"tag":"button","id":null,"name":null,"type":null,"role":null,"ariaLabel":null,"testId":null,"dataLoc":null,"href":null,"text":"Browse Jobs","selectorHint":"button"},"value":null}}
[2026-07-24T10:09:51.366Z] {"timestamp":1784887789374,"kind":"scroll","url":"http://localhost:3000/user/browse-jobs","viewport":{"width":1536,"height":730},"payload":{"scrollX":0,"scrollY":878.4000244140625,"documentHeight":2326,"viewportHeight":730}}
[2026-07-24T10:09:51.366Z] {"timestamp":1784887789879,"kind":"scroll","url":"http://localhost:3000/user/browse-jobs","viewport":{"width":1536,"height":730},"payload":{"scrollX":0,"scrollY":424.79998779296875,"documentHeight":2326,"viewportHeight":730}}
[2026-07-24T10:09:51.366Z] {"timestamp":1784887790634,"kind":"scroll","url":"http://localhost:3000/user/browse-jobs","viewport":{"width":1536,"height":730},"payload":{"scrollX":0,"scrollY":134.39999389648438,"documentHeight":2326,"viewportHeight":730}}
[2026-07-24T10:09:55.405Z] {"timestamp":1784887794710,"kind":"click","url":"http://localhost:3000/user/browse-jobs","viewport":{"width":1536,"height":730},"payload":{"target":{"tag":"a","id":null,"name":null,"type":null,"role":null,"ariaLabel":null,"testId":null,"dataLoc":null,"href":null,"text":"2","selectorHint":"a"},"x":983,"y":677}}
[2026-07-24T10:09:55.405Z] {"timestamp":1784887794757,"kind":"scroll","url":"http://localhost:3000/user/browse-jobs","viewport":{"width":1536,"height":730},"payload":{"scrollX":0,"scrollY":549.5999755859375,"documentHeight":1279,"viewportHeight":730}}
[2026-07-24T10:09:57.366Z] {"timestamp":1784887795683,"kind":"scroll","url":"http://localhost:3000/user/browse-jobs","viewport":{"width":1536,"height":730},"payload":{"scrollX":0,"scrollY":524,"documentHeight":1279,"viewportHeight":730}}
[2026-07-24T10:09:57.366Z] {"timestamp":1784887796451,"kind":"scroll","url":"http://localhost:3000/user/browse-jobs","viewport":{"width":1536,"height":730},"payload":{"scrollX":0,"scrollY":44,"documentHeight":1279,"viewportHeight":730}}
[2026-07-24T10:09:59.370Z] {"timestamp":1784887799171,"kind":"focusin","url":"http://localhost:3000/user/browse-jobs","viewport":{"width":1536,"height":730},"payload":{"target":{"tag":"button","id":null,"name":null,"type":null,"role":null,"ariaLabel":null,"testId":null,"dataLoc":null,"href":null,"text":"View Details","selectorHint":"button"}}}
[2026-07-24T10:10:01.368Z] {"timestamp":1784887799386,"kind":"click","url":"http://localhost:3000/user/browse-jobs","viewport":{"width":1536,"height":730},"payload":{"target":{"tag":"button","id":null,"name":null,"type":null,"role":null,"ariaLabel":null,"testId":null,"dataLoc":null,"href":null,"text":"View Details","selectorHint":"button"},"x":804,"y":581}}
[2026-07-24T10:10:01.368Z] {"timestamp":1784887799387,"kind":"navigate","url":"http://localhost:3000/user/job/1784636275343","viewport":{"width":1536,"height":730},"payload":{"reason":"pushState"}}
[2026-07-24T10:10:01.368Z] {"timestamp":1784887799392,"kind":"focusout","url":"http://localhost:3000/user/job/1784636275343","viewport":{"width":1536,"height":730},"payload":{"target":{"tag":"button","id":null,"name":null,"type":null,"role":null,"ariaLabel":null,"testId":null,"dataLoc":null,"href":null,"text":"View Details","selectorHint":"button"},"value":null}}
[2026-07-24T10:10:01.368Z] {"timestamp":1784887800500,"kind":"scroll","url":"http://localhost:3000/user/job/1784636275343","viewport":{"width":1536,"height":730},"payload":{"scrollX":0,"scrollY":561.5999755859375,"documentHeight":1291,"viewportHeight":730}}
[2026-07-24T10:10:01.368Z] {"timestamp":1784887801055,"kind":"scroll","url":"http://localhost:3000/user/job/1784636275343","viewport":{"width":1536,"height":730},"payload":{"scrollX":0,"scrollY":8.800000190734863,"documentHeight":1291,"viewportHeight":730}}
[2026-07-24T10:10:03.743Z] {"timestamp":1784887801705,"kind":"scroll","url":"http://localhost:3000/user/job/1784636275343","viewport":{"width":1536,"height":730},"payload":{"scrollX":0,"scrollY":267.20001220703125,"documentHeight":1291,"viewportHeight":730}}
[2026-07-24T10:10:03.743Z] {"timestamp":1784887802577,"kind":"scroll","url":"http://localhost:3000/user/job/1784636275343","viewport":{"width":1536,"height":730},"payload":{"scrollX":0,"scrollY":552,"documentHeight":1291,"viewportHeight":730}}
[2026-07-24T10:10:03.743Z] {"timestamp":1784887803172,"kind":"scroll","url":"http://localhost:3000/user/job/1784636275343","viewport":{"width":1536,"height":730},"payload":{"scrollX":0,"scrollY":270.3999938964844,"documentHeight":1291,"viewportHeight":730}}
[2026-07-24T10:10:09.380Z] {"timestamp":1784887807727,"kind":"focusin","url":"http://localhost:3000/user/job/1784636275343","viewport":{"width":1536,"height":730},"payload":{"target":{"tag":"button","id":null,"name":null,"type":null,"role":null,"ariaLabel":null,"testId":null,"dataLoc":null,"href":null,"text":"Apply Now","selectorHint":"button"}}}
[2026-07-24T10:10:09.380Z] {"timestamp":1784887807948,"kind":"click","url":"http://localhost:3000/user/job/1784636275343","viewport":{"width":1536,"height":730},"payload":{"target":{"tag":"button","id":null,"name":null,"type":null,"role":null,"ariaLabel":null,"testId":null,"dataLoc":null,"href":null,"text":"Apply Now","selectorHint":"button"},"x":1173,"y":131}}
[2026-07-24T10:10:09.380Z] {"timestamp":1784887807949,"kind":"navigate","url":"http://localhost:3000/user/apply/1784636275343","viewport":{"width":1536,"height":730},"payload":{"reason":"pushState"}}
[2026-07-24T10:10:09.380Z] {"timestamp":1784887807971,"kind":"focusout","url":"http://localhost:3000/user/apply/1784636275343","viewport":{"width":1536,"height":730},"payload":{"target":{"tag":"button","id":null,"name":null,"type":null,"role":null,"ariaLabel":null,"testId":null,"dataLoc":null,"href":null,"text":"Apply Now","selectorHint":"button"},"value":null}}
[2026-07-24T10:14:37.377Z] {"timestamp":1784888075679,"kind":"focusin","url":"http://localhost:3000/user/apply/1784636275343","viewport":{"width":1536,"height":730},"payload":{"target":{"tag":"input","id":"fullName","name":"fullName","type":"text","role":null,"ariaLabel":null,"testId":null,"dataLoc":null,"href":null,"text":"","selectorHint":"#fullName"}}}
[2026-07-24T10:14:37.377Z] {"timestamp":1784888075898,"kind":"click","url":"http://localhost:3000/user/apply/1784636275343","viewport":{"width":1536,"height":730},"payload":{"target":{"tag":"input","id":"fullName","name":"fullName","type":"text","role":null,"ariaLabel":null,"testId":null,"dataLoc":null,"href":null,"text":"","selectorHint":"#fullName"},"x":613,"y":273}}
[2026-07-24T10:14:39.376Z] {"timestamp":1784888078611,"kind":"click","url":"http://localhost:3000/user/apply/1784636275343","viewport":{"width":1536,"height":730},"payload":{"target":{"tag":"input","id":"fullName","name":"fullName","type":"text","role":null,"ariaLabel":null,"testId":null,"dataLoc":null,"href":null,"text":"","selectorHint":"#fullName"},"x":615,"y":262}}
[2026-07-24T10:14:43.370Z] {"timestamp":1784888082995,"kind":"scroll","url":"http://localhost:3000/user/apply/1784636275343","viewport":{"width":1536,"height":730},"payload":{"scrollX":0,"scrollY":19.200000762939453,"documentHeight":1161,"viewportHeight":730}}
[2026-07-24T10:14:45.370Z] {"timestamp":1784888084379,"kind":"change","url":"http://localhost:3000/user/apply/1784636275343","viewport":{"width":1536,"height":730},"payload":{"target":{"tag":"input","id":"fullName","name":"fullName","type":"text","role":null,"ariaLabel":null,"testId":null,"dataLoc":null,"href":null,"text":"","selectorHint":"#fullName"},"value":"oop"}}
[2026-07-24T10:14:45.370Z] {"timestamp":1784888084380,"kind":"focusout","url":"http://localhost:3000/user/apply/1784636275343","viewport":{"width":1536,"height":730},"payload":{"target":{"tag":"input","id":"fullName","name":"fullName","type":"text","role":null,"ariaLabel":null,"testId":null,"dataLoc":null,"href":null,"text":"","selectorHint":"#fullName"},"value":"oop"}}
[2026-07-24T10:14:45.370Z] {"timestamp":1784888084599,"kind":"click","url":"http://localhost:3000/user/apply/1784636275343","viewport":{"width":1536,"height":730},"payload":{"target":{"tag":"svg","id":null,"name":null,"type":null,"role":null,"ariaLabel":null,"testId":null,"dataLoc":null,"href":null,"text":"","selectorHint":"svg"},"x":774,"y":277}}
[2026-07-24T10:14:45.370Z] {"timestamp":1784888084599,"kind":"click","url":"http://localhost:3000/user/apply/1784636275343","viewport":{"width":1536,"height":730},"payload":{"target":{"tag":"input","id":"resume","name":null,"type":"file","role":null,"ariaLabel":null,"testId":null,"dataLoc":null,"href":null,"text":"","selectorHint":"#resume"},"x":774,"y":277}}
[2026-07-24T10:15:29.370Z] {"timestamp":1784888129156,"kind":"scroll","url":"http://localhost:3000/user/apply/1784636275343","viewport":{"width":1536,"height":730},"payload":{"scrollX":0,"scrollY":159.1999969482422,"documentHeight":1161,"viewportHeight":730}}
[2026-07-24T10:15:31.372Z] {"timestamp":1784888130604,"kind":"focusin","url":"http://localhost:3000/user/apply/1784636275343","viewport":{"width":1536,"height":730},"payload":{"target":{"tag":"input","id":"phone","name":"phone","type":"tel","role":null,"ariaLabel":null,"testId":null,"dataLoc":null,"href":null,"text":"","selectorHint":"#phone"}}}
[2026-07-24T10:15:31.372Z] {"timestamp":1784888130821,"kind":"click","url":"http://localhost:3000/user/apply/1784636275343","viewport":{"width":1536,"height":730},"payload":{"target":{"tag":"input","id":"phone","name":"phone","type":"tel","role":null,"ariaLabel":null,"testId":null,"dataLoc":null,"href":null,"text":"","selectorHint":"#phone"},"x":863,"y":331}}
[2026-07-24T10:15:35.405Z] {"timestamp":1784888135258,"kind":"focusout","url":"http://localhost:3000/user/apply/1784636275343","viewport":{"width":1536,"height":730},"payload":{"target":{"tag":"input","id":"phone","name":"phone","type":"tel","role":null,"ariaLabel":null,"testId":null,"dataLoc":null,"href":null,"text":"","selectorHint":"#phone"},"value":"0987656789"}}
[2026-07-24T10:15:37.365Z] {"timestamp":1784888137342,"kind":"focusin","url":"http://localhost:3000/user/apply/1784636275343","viewport":{"width":1536,"height":730},"payload":{"target":{"tag":"input","id":"phone","name":"phone","type":"tel","role":null,"ariaLabel":null,"testId":null,"dataLoc":null,"href":null,"text":"","selectorHint":"#phone"}}}
[2026-07-24T10:15:39.370Z] {"timestamp":1784888138149,"kind":"scroll","url":"http://localhost:3000/user/apply/1784636275343","viewport":{"width":1536,"height":730},"payload":{"scrollX":0,"scrollY":12.800000190734863,"documentHeight":1161,"viewportHeight":730}}
[2026-07-24T10:15:39.370Z] {"timestamp":1784888139057,"kind":"scroll","url":"http://localhost:3000/user/apply/1784636275343","viewport":{"width":1536,"height":730},"payload":{"scrollX":0,"scrollY":419.20001220703125,"documentHeight":1161,"viewportHeight":730}}
[2026-07-24T10:15:41.370Z] {"timestamp":1784888140821,"kind":"focusout","url":"http://localhost:3000/user/apply/1784636275343","viewport":{"width":1536,"height":730},"payload":{"target":{"tag":"input","id":"phone","name":"phone","type":"tel","role":null,"ariaLabel":null,"testId":null,"dataLoc":null,"href":null,"text":"","selectorHint":"#phone"},"value":"0987656789"}}
[2026-07-24T10:15:41.370Z] {"timestamp":1784888140821,"kind":"focusin","url":"http://localhost:3000/user/apply/1784636275343","viewport":{"width":1536,"height":730},"payload":{"target":{"tag":"button","id":null,"name":null,"type":null,"role":null,"ariaLabel":null,"testId":null,"dataLoc":null,"href":null,"text":"Back to Job","selectorHint":"button"}}}
[2026-07-24T10:15:41.370Z] {"timestamp":1784888141034,"kind":"click","url":"http://localhost:3000/user/apply/1784636275343","viewport":{"width":1536,"height":730},"payload":{"target":{"tag":"path","id":null,"name":null,"type":null,"role":null,"ariaLabel":null,"testId":null,"dataLoc":null,"href":null,"text":"","selectorHint":"path"},"x":37,"y":28}}
[2026-07-24T10:15:41.370Z] {"timestamp":1784888141039,"kind":"navigate","url":"http://localhost:3000/user/browse-jobs","viewport":{"width":1536,"height":730},"payload":{"reason":"pushState"}}
[2026-07-24T10:15:41.370Z] {"timestamp":1784888141057,"kind":"focusout","url":"http://localhost:3000/user/browse-jobs","viewport":{"width":1536,"height":730},"payload":{"target":{"tag":"button","id":null,"name":null,"type":null,"role":null,"ariaLabel":null,"testId":null,"dataLoc":null,"href":null,"text":"Back to Job","selectorHint":"button"},"value":null}}
[2026-07-24T10:15:43.366Z] {"timestamp":1784888142909,"kind":"focusin","url":"http://localhost:3000/user/browse-jobs","viewport":{"width":1536,"height":730},"payload":{"target":{"tag":"button","id":null,"name":null,"type":null,"role":null,"ariaLabel":null,"testId":null,"dataLoc":null,"href":null,"text":"Back to Dashboard","selectorHint":"button"}}}
[2026-07-24T10:15:43.366Z] {"timestamp":1784888143134,"kind":"click","url":"http://localhost:3000/user/browse-jobs","viewport":{"width":1536,"height":730},"payload":{"target":{"tag":"svg","id":null,"name":null,"type":null,"role":null,"ariaLabel":null,"testId":null,"dataLoc":null,"href":null,"text":"","selectorHint":"svg"},"x":36,"y":21}}
[2026-07-24T10:15:43.366Z] {"timestamp":1784888143136,"kind":"navigate","url":"http://localhost:3000/user/dashboard","viewport":{"width":1536,"height":730},"payload":{"reason":"pushState"}}
[2026-07-24T10:15:43.366Z] {"timestamp":1784888143148,"kind":"focusout","url":"http://localhost:3000/user/dashboard","viewport":{"width":1536,"height":730},"payload":{"target":{"tag":"button","id":null,"name":null,"type":null,"role":null,"ariaLabel":null,"testId":null,"dataLoc":null,"href":null,"text":"Back to Dashboard","selectorHint":"button"},"value":null}}
[2026-07-24T10:15:45.365Z] {"timestamp":1784888144107,"kind":"scroll","url":"http://localhost:3000/user/dashboard","viewport":{"width":1536,"height":730},"payload":{"scrollX":0,"scrollY":54.400001525878906,"documentHeight":1587,"viewportHeight":730}}
[2026-07-24T10:15:45.365Z] {"timestamp":1784888144821,"kind":"scroll","url":"http://localhost:3000/user/dashboard","viewport":{"width":1536,"height":730},"payload":{"scrollX":0,"scrollY":738.4000244140625,"documentHeight":1587,"viewportHeight":730}}
[2026-07-24T10:16:33.381Z] {"timestamp":1784888191697,"kind":"scroll","url":"http://localhost:3000/user/dashboard","viewport":{"width":1536,"height":730},"payload":{"scrollX":0,"scrollY":100.80000305175781,"documentHeight":1587,"viewportHeight":730}}
[2026-07-24T10:16:33.381Z] {"timestamp":1784888192210,"kind":"scroll","url":"http://localhost:3000/user/dashboard","viewport":{"width":1536,"height":730},"payload":{"scrollX":0,"scrollY":655.2000122070312,"documentHeight":1587,"viewportHeight":730}}
[2026-07-24T10:16:39.368Z] {"timestamp":1784888198711,"kind":"focusin","url":"http://localhost:3000/user/dashboard","viewport":{"width":1536,"height":730},"payload":{"target":{"tag":"button","id":null,"name":null,"type":null,"role":null,"ariaLabel":null,"testId":null,"dataLoc":null,"href":null,"text":"Browse Jobs","selectorHint":"button"}}}
[2026-07-24T10:16:39.368Z] {"timestamp":1784888198925,"kind":"click","url":"http://localhost:3000/user/dashboard","viewport":{"width":1536,"height":730},"payload":{"target":{"tag":"button","id":null,"name":null,"type":null,"role":null,"ariaLabel":null,"testId":null,"dataLoc":null,"href":null,"text":"Browse Jobs","selectorHint":"button"},"x":389,"y":649}}
[2026-07-24T10:16:39.368Z] {"timestamp":1784888198926,"kind":"navigate","url":"http://localhost:3000/user/browse-jobs","viewport":{"width":1536,"height":730},"payload":{"reason":"pushState"}}
[2026-07-24T10:16:39.368Z] {"timestamp":1784888198943,"kind":"focusout","url":"http://localhost:3000/user/browse-jobs","viewport":{"width":1536,"height":730},"payload":{"target":{"tag":"button","id":null,"name":null,"type":null,"role":null,"ariaLabel":null,"testId":null,"dataLoc":null,"href":null,"text":"Browse Jobs","selectorHint":"button"},"value":null}}
[2026-07-24T10:16:41.367Z] {"timestamp":1784888200144,"kind":"scroll","url":"http://localhost:3000/user/browse-jobs","viewport":{"width":1536,"height":730},"payload":{"scrollX":0,"scrollY":876,"documentHeight":2326,"viewportHeight":730}}
[2026-07-24T10:16:41.367Z] {"timestamp":1784888200655,"kind":"scroll","url":"http://localhost:3000/user/browse-jobs","viewport":{"width":1536,"height":730},"payload":{"scrollX":0,"scrollY":1596,"documentHeight":2326,"viewportHeight":730}}
[2026-07-24T10:16:43.368Z] {"timestamp":1784888202459,"kind":"focusin","url":"http://localhost:3000/user/browse-jobs","viewport":{"width":1536,"height":730},"payload":{"target":{"tag":"button","id":null,"name":null,"type":null,"role":null,"ariaLabel":null,"testId":null,"dataLoc":null,"href":null,"text":"Apply Now","selectorHint":"button"}}}
[2026-07-24T10:16:43.368Z] {"timestamp":1784888202676,"kind":"click","url":"http://localhost:3000/user/browse-jobs","viewport":{"width":1536,"height":730},"payload":{"target":{"tag":"button","id":null,"name":null,"type":null,"role":null,"ariaLabel":null,"testId":null,"dataLoc":null,"href":null,"text":"Apply Now","selectorHint":"button"},"x":1048,"y":585}}
[2026-07-24T10:16:43.368Z] {"timestamp":1784888202677,"kind":"navigate","url":"http://localhost:3000/user/apply/1784605619202","viewport":{"width":1536,"height":730},"payload":{"reason":"pushState"}}
[2026-07-24T10:16:43.368Z] {"timestamp":1784888202684,"kind":"focusout","url":"http://localhost:3000/user/apply/1784605619202","viewport":{"width":1536,"height":730},"payload":{"target":{"tag":"button","id":null,"name":null,"type":null,"role":null,"ariaLabel":null,"testId":null,"dataLoc":null,"href":null,"text":"Apply Now","selectorHint":"button"},"value":null}}
[2026-07-24T10:16:43.368Z] {"timestamp":1784888202717,"kind":"scroll","url":"http://localhost:3000/user/apply/1784605619202","viewport":{"width":1536,"height":730},"payload":{"scrollX":0,"scrollY":431.20001220703125,"documentHeight":1161,"viewportHeight":730}}
[2026-07-24T10:16:45.374Z] {"timestamp":1784888204064,"kind":"scroll","url":"http://localhost:3000/user/apply/1784605619202","viewport":{"width":1536,"height":730},"payload":{"scrollX":0,"scrollY":417.6000061035156,"documentHeight":1161,"viewportHeight":730}}
[2026-07-24T10:16:45.375Z] {"timestamp":1784888204572,"kind":"scroll","url":"http://localhost:3000/user/apply/1784605619202","viewport":{"width":1536,"height":730},"payload":{"scrollX":0,"scrollY":0,"documentHeight":1161,"viewportHeight":730}}
[2026-07-24T10:16:45.375Z] {"timestamp":1784888205087,"kind":"scroll","url":"http://localhost:3000/user/apply/1784605619202","viewport":{"width":1536,"height":730},"payload":{"scrollX":0,"scrollY":422.3999938964844,"documentHeight":1161,"viewportHeight":730}}
[2026-07-24T10:16:49.369Z] {"timestamp":1784888207756,"kind":"scroll","url":"http://localhost:3000/user/apply/1784605619202","viewport":{"width":1536,"height":730},"payload":{"scrollX":0,"scrollY":429.6000061035156,"documentHeight":1161,"viewportHeight":730}}
[2026-07-24T10:16:49.369Z] {"timestamp":1784888208260,"kind":"scroll","url":"http://localhost:3000/user/apply/1784605619202","viewport":{"width":1536,"height":730},"payload":{"scrollX":0,"scrollY":199.1999969482422,"documentHeight":1161,"viewportHeight":730}}
[2026-07-24T10:16:49.369Z] {"timestamp":1784888208822,"kind":"scroll","url":"http://localhost:3000/user/apply/1784605619202","viewport":{"width":1536,"height":730},"payload":{"scrollX":0,"scrollY":24,"documentHeight":1161,"viewportHeight":730}}
[2026-07-24T10:16:51.373Z] {"timestamp":1784888210083,"kind":"focusin","url":"http://localhost:3000/user/apply/1784605619202","viewport":{"width":1536,"height":730},"payload":{"target":{"tag":"button","id":null,"name":null,"type":null,"role":null,"ariaLabel":null,"testId":null,"dataLoc":null,"href":null,"text":"Back to Job","selectorHint":"button"}}}
[2026-07-24T10:16:51.373Z] {"timestamp":1784888210300,"kind":"click","url":"http://localhost:3000/user/apply/1784605619202","viewport":{"width":1536,"height":730},"payload":{"target":{"tag":"path","id":null,"name":null,"type":null,"role":null,"ariaLabel":null,"testId":null,"dataLoc":null,"href":null,"text":"","selectorHint":"path"},"x":38,"y":25}}
[2026-07-24T10:16:51.373Z] {"timestamp":1784888210301,"kind":"navigate","url":"http://localhost:3000/user/browse-jobs","viewport":{"width":1536,"height":730},"payload":{"reason":"pushState"}}
[2026-07-24T10:16:51.373Z] {"timestamp":1784888210322,"kind":"focusout","url":"http://localhost:3000/user/browse-jobs","viewport":{"width":1536,"height":730},"payload":{"target":{"tag":"button","id":null,"name":null,"type":null,"role":null,"ariaLabel":null,"testId":null,"dataLoc":null,"href":null,"text":"Back to Job","selectorHint":"button"},"value":null}}
[2026-07-24T10:16:51.373Z] {"timestamp":1784888211279,"kind":"scroll","url":"http://localhost:3000/user/browse-jobs","viewport":{"width":1536,"height":730},"payload":{"scrollX":0,"scrollY":47.20000076293945,"documentHeight":2326,"viewportHeight":730}}
[2026-07-24T10:16:53.375Z] {"timestamp":1784888211790,"kind":"scroll","url":"http://localhost:3000/user/browse-jobs","viewport":{"width":1536,"height":730},"payload":{"scrollX":0,"scrollY":1307.199951171875,"documentHeight":2326,"viewportHeight":730}}
[2026-07-24T10:16:55.378Z] {"timestamp":1784888214865,"kind":"focusin","url":"http://localhost:3000/user/browse-jobs","viewport":{"width":1536,"height":730},"payload":{"target":{"tag":"button","id":null,"name":null,"type":null,"role":null,"ariaLabel":null,"testId":null,"dataLoc":null,"href":null,"text":"Apply Now","selectorHint":"button"}}}
[2026-07-24T10:16:55.378Z] {"timestamp":1784888215089,"kind":"click","url":"http://localhost:3000/user/browse-jobs","viewport":{"width":1536,"height":730},"payload":{"target":{"tag":"button","id":null,"name":null,"type":null,"role":null,"ariaLabel":null,"testId":null,"dataLoc":null,"href":null,"text":"Apply Now","selectorHint":"button"},"x":1057,"y":581}}
[2026-07-24T10:16:55.378Z] {"timestamp":1784888215090,"kind":"navigate","url":"http://localhost:3000/user/apply/1784605619202","viewport":{"width":1536,"height":730},"payload":{"reason":"pushState"}}
[2026-07-24T10:16:55.378Z] {"timestamp":1784888215099,"kind":"focusout","url":"http://localhost:3000/user/apply/1784605619202","viewport":{"width":1536,"height":730},"payload":{"target":{"tag":"button","id":null,"name":null,"type":null,"role":null,"ariaLabel":null,"testId":null,"dataLoc":null,"href":null,"text":"Apply Now","selectorHint":"button"},"value":null}}
[2026-07-24T10:16:55.378Z] {"timestamp":1784888215133,"kind":"scroll","url":"http://localhost:3000/user/apply/1784605619202","viewport":{"width":1536,"height":730},"payload":{"scrollX":0,"scrollY":431.20001220703125,"documentHeight":1161,"viewportHeight":730}}
[2026-07-24T10:21:51.370Z] {"timestamp":1784888509385,"kind":"focusin","url":"http://localhost:3000/user/apply/1784605619202","viewport":{"width":1536,"height":730},"payload":{"target":{"tag":"button","id":null,"name":null,"type":null,"role":null,"ariaLabel":null,"testId":null,"dataLoc":null,"href":null,"text":"Back to Job","selectorHint":"button"}}}
[2026-07-24T10:21:51.370Z] {"timestamp":1784888509611,"kind":"click","url":"http://localhost:3000/user/apply/1784605619202","viewport":{"width":1536,"height":730},"payload":{"target":{"tag":"path","id":null,"name":null,"type":null,"role":null,"ariaLabel":null,"testId":null,"dataLoc":null,"href":null,"text":"","selectorHint":"path"},"x":38,"y":24}}
[2026-07-24T10:21:51.370Z] {"timestamp":1784888509612,"kind":"navigate","url":"http://localhost:3000/user/browse-jobs","viewport":{"width":1536,"height":730},"payload":{"reason":"pushState"}}
[2026-07-24T10:21:51.370Z] {"timestamp":1784888509618,"kind":"focusout","url":"http://localhost:3000/user/browse-jobs","viewport":{"width":1536,"height":730},"payload":{"target":{"tag":"button","id":null,"name":null,"type":null,"role":null,"ariaLabel":null,"testId":null,"dataLoc":null,"href":null,"text":"Back to Job","selectorHint":"button"},"value":null}}
[2026-07-24T10:21:51.370Z] {"timestamp":1784888510395,"kind":"focusin","url":"http://localhost:3000/user/browse-jobs","viewport":{"width":1536,"height":730},"payload":{"target":{"tag":"button","id":null,"name":null,"type":null,"role":null,"ariaLabel":null,"testId":null,"dataLoc":null,"href":null,"text":"Back to Dashboard","selectorHint":"button"}}}
[2026-07-24T10:21:51.370Z] {"timestamp":1784888510619,"kind":"click","url":"http://localhost:3000/user/browse-jobs","viewport":{"width":1536,"height":730},"payload":{"target":{"tag":"path","id":null,"name":null,"type":null,"role":null,"ariaLabel":null,"testId":null,"dataLoc":null,"href":null,"text":"","selectorHint":"path"},"x":38,"y":24}}
[2026-07-24T10:21:51.370Z] {"timestamp":1784888510620,"kind":"navigate","url":"http://localhost:3000/user/dashboard","viewport":{"width":1536,"height":730},"payload":{"reason":"pushState"}}
[2026-07-24T10:21:51.370Z] {"timestamp":1784888510639,"kind":"focusout","url":"http://localhost:3000/user/dashboard","viewport":{"width":1536,"height":730},"payload":{"target":{"tag":"button","id":null,"name":null,"type":null,"role":null,"ariaLabel":null,"testId":null,"dataLoc":null,"href":null,"text":"Back to Dashboard","selectorHint":"button"},"value":null}}
[2026-07-24T10:21:53.368Z] {"timestamp":1784888512312,"kind":"scroll","url":"http://localhost:3000/user/dashboard","viewport":{"width":1536,"height":730},"payload":{"scrollX":0,"scrollY":317.6000061035156,"documentHeight":1587,"viewportHeight":730}}
[2026-07-24T10:51:23.545Z] {"timestamp":1784890282890,"kind":"scroll","url":"http://localhost:3000/user/dashboard","viewport":{"width":1536,"height":730},"payload":{"scrollX":0,"scrollY":7.199999809265137,"documentHeight":1587,"viewportHeight":730}}
[2026-07-24T10:51:26.453Z] {"timestamp":1784890285411,"kind":"scroll","url":"http://localhost:3000/user/dashboard","viewport":{"width":1536,"height":730},"payload":{"scrollX":0,"scrollY":4,"documentHeight":1587,"viewportHeight":730}}
[2026-07-24T10:51:37.115Z] {"timestamp":1784890294540,"kind":"click","url":"http://localhost:3000/user/dashboard","viewport":{"width":1536,"height":730},"payload":{"target":{"tag":"svg","id":null,"name":null,"type":null,"role":null,"ariaLabel":null,"testId":null,"dataLoc":null,"href":null,"text":"","selectorHint":"svg"},"x":1026,"y":461}}
[2026-07-24T10:54:42.140Z] {"timestamp":1784890481775,"kind":"keydown","url":"http://localhost:3000/user/dashboard","viewport":{"width":1536,"height":730},"payload":{"key":"[REDACTED]","target":{"tag":"body","id":null,"name":null,"type":null,"role":null,"ariaLabel":null,"testId":null,"dataLoc":null,"href":null,"text":"Dashboard Welcome back! Here's your job search summary Browse Jobs Total Applica…","selectorHint":"body"}}}
[2026-07-24T10:59:15.370Z] {"timestamp":1784890754569,"kind":"scroll","url":"http://localhost:3000/user/dashboard","viewport":{"width":1536,"height":730},"payload":{"scrollX":0,"scrollY":22.399999618530273,"documentHeight":1587,"viewportHeight":730}}
[2026-07-24T10:59:17.152Z] {"timestamp":1784890756063,"kind":"scroll","url":"http://localhost:3000/user/dashboard","viewport":{"width":1536,"height":730},"payload":{"scrollX":0,"scrollY":2.4000000953674316,"documentHeight":1587,"viewportHeight":730}}
[2026-07-24T10:59:17.152Z] {"timestamp":1784890756574,"kind":"scroll","url":"http://localhost:3000/user/dashboard","viewport":{"width":1536,"height":730},"payload":{"scrollX":0,"scrollY":735.2000122070312,"documentHeight":1587,"viewportHeight":730}}
[2026-07-24T10:59:19.145Z] {"timestamp":1784890757311,"kind":"scroll","url":"http://localhost:3000/user/dashboard","viewport":{"width":1536,"height":730},"payload":{"scrollX":0,"scrollY":689.5999755859375,"documentHeight":1587,"viewportHeight":730}}
[2026-07-24T10:59:19.145Z] {"timestamp":1784890759025,"kind":"scroll","url":"http://localhost:3000/user/dashboard","viewport":{"width":1536,"height":730},"payload":{"scrollX":0,"scrollY":8.800000190734863,"documentHeight":1587,"viewportHeight":730}}
[2026-07-24T10:59:21.144Z] {"timestamp":1784890759528,"kind":"scroll","url":"http://localhost:3000/user/dashboard","viewport":{"width":1536,"height":730},"payload":{"scrollX":0,"scrollY":632,"documentHeight":1587,"viewportHeight":730}}
[2026-07-24T10:59:27.165Z] {"timestamp":1784890766219,"kind":"navigate","url":"http://localhost:3000/user/browse-jobs","viewport":{"width":1536,"height":730},"payload":{"reason":"popstate"}}
[2026-07-24T10:59:27.165Z] {"timestamp":1784890766429,"kind":"scroll","url":"http://localhost:3000/user/browse-jobs","viewport":{"width":1536,"height":730},"payload":{"scrollX":0,"scrollY":562.4000244140625,"documentHeight":2326,"viewportHeight":730}}
[2026-07-24T10:59:29.155Z] {"timestamp":1784890767412,"kind":"navigate","url":"http://localhost:3000/user/apply/1784605619202","viewport":{"width":1536,"height":730},"payload":{"reason":"popstate"}}
[2026-07-24T10:59:29.155Z] {"timestamp":1784890768192,"kind":"navigate","url":"http://localhost:3000/user/browse-jobs","viewport":{"width":1536,"height":730},"payload":{"reason":"popstate"}}
[2026-07-24T10:59:29.155Z] {"timestamp":1784890768303,"kind":"scroll","url":"http://localhost:3000/user/browse-jobs","viewport":{"width":1536,"height":730},"payload":{"scrollX":0,"scrollY":432.79998779296875,"documentHeight":2326,"viewportHeight":730}}
[2026-07-24T10:59:29.155Z] {"timestamp":1784890768809,"kind":"scroll","url":"http://localhost:3000/user/browse-jobs","viewport":{"width":1536,"height":730},"payload":{"scrollX":0,"scrollY":1584.800048828125,"documentHeight":2326,"viewportHeight":730}}
[2026-07-24T10:59:31.146Z] {"timestamp":1784890769165,"kind":"navigate","url":"http://localhost:3000/user/apply/1784605619202","viewport":{"width":1536,"height":730},"payload":{"reason":"popstate"}}
[2026-07-24T10:59:31.146Z] {"timestamp":1784890769309,"kind":"scroll","url":"http://localhost:3000/user/apply/1784605619202","viewport":{"width":1536,"height":730},"payload":{"scrollX":0,"scrollY":246.39999389648438,"documentHeight":1161,"viewportHeight":730}}
[2026-07-24T10:59:31.146Z] {"timestamp":1784890770033,"kind":"navigate","url":"http://localhost:3000/user/browse-jobs","viewport":{"width":1536,"height":730},"payload":{"reason":"popstate"}}
[2026-07-24T10:59:31.146Z] {"timestamp":1784890770134,"kind":"scroll","url":"http://localhost:3000/user/browse-jobs","viewport":{"width":1536,"height":730},"payload":{"scrollX":0,"scrollY":25.600000381469727,"documentHeight":2326,"viewportHeight":730}}
[2026-07-24T10:59:31.146Z] {"timestamp":1784890770642,"kind":"scroll","url":"http://localhost:3000/user/browse-jobs","viewport":{"width":1536,"height":730},"payload":{"scrollX":0,"scrollY":1544.800048828125,"documentHeight":2326,"viewportHeight":730}}
[2026-07-24T10:59:33.148Z] {"timestamp":1784890771243,"kind":"navigate","url":"http://localhost:3000/user/dashboard","viewport":{"width":1536,"height":730},"payload":{"reason":"popstate"}}
[2026-07-24T10:59:33.148Z] {"timestamp":1784890771348,"kind":"scroll","url":"http://localhost:3000/user/dashboard","viewport":{"width":1536,"height":730},"payload":{"scrollX":0,"scrollY":857.5999755859375,"documentHeight":1587,"viewportHeight":730}}
[2026-07-24T10:59:33.148Z] {"timestamp":1784890772427,"kind":"scroll","url":"http://localhost:3000/user/dashboard","viewport":{"width":1536,"height":730},"payload":{"scrollX":0,"scrollY":776,"documentHeight":1587,"viewportHeight":730}}
[2026-07-24T10:59:35.150Z] {"timestamp":1784890773806,"kind":"navigate","url":"http://localhost:3000/user/browse-jobs","viewport":{"width":1536,"height":730},"payload":{"reason":"popstate"}}
[2026-07-24T10:59:35.150Z] {"timestamp":1784890774821,"kind":"navigate","url":"http://localhost:3000/user/apply/1784636275343","viewport":{"width":1536,"height":730},"payload":{"reason":"popstate"}}
[2026-07-24T10:59:35.150Z] {"timestamp":1784890775043,"kind":"navigate","url":"http://localhost:3000/user/job/1784636275343","viewport":{"width":1536,"height":730},"payload":{"reason":"popstate"}}
[2026-07-24T10:59:37.154Z] {"timestamp":1784890776035,"kind":"navigate","url":"http://localhost:3000/user/browse-jobs","viewport":{"width":1536,"height":730},"payload":{"reason":"popstate"}}
[2026-07-24T10:59:37.154Z] {"timestamp":1784890776149,"kind":"scroll","url":"http://localhost:3000/user/browse-jobs","viewport":{"width":1536,"height":730},"payload":{"scrollX":0,"scrollY":2.4000000953674316,"documentHeight":2326,"viewportHeight":730}}
[2026-07-24T10:59:37.154Z] {"timestamp":1784890776254,"kind":"navigate","url":"http://localhost:3000/user/dashboard","viewport":{"width":1536,"height":730},"payload":{"reason":"popstate"}}
[2026-07-24T10:59:39.145Z] {"timestamp":1784890777338,"kind":"navigate","url":"http://localhost:3000/login","viewport":{"width":1536,"height":730},"payload":{"reason":"popstate"}}
[2026-07-24T10:59:39.145Z] {"timestamp":1784890777418,"kind":"scroll","url":"http://localhost:3000/login","viewport":{"width":1536,"height":730},"payload":{"scrollX":0,"scrollY":194.39999389648438,"documentHeight":924,"viewportHeight":730}}
[2026-07-24T10:59:39.145Z] {"timestamp":1784890778977,"kind":"focusin","url":"http://localhost:3000/login","viewport":{"width":1536,"height":730},"payload":{"target":{"tag":"input","id":"email","name":null,"type":"email","role":null,"ariaLabel":null,"testId":null,"dataLoc":null,"href":null,"text":"","selectorHint":"#email"}}}
[2026-07-24T10:59:41.224Z] {"timestamp":1784890779210,"kind":"click","url":"http://localhost:3000/login","viewport":{"width":1536,"height":730},"payload":{"target":{"tag":"input","id":"email","name":null,"type":"email","role":null,"ariaLabel":null,"testId":null,"dataLoc":null,"href":null,"text":"","selectorHint":"#email"},"x":668,"y":356}}
[2026-07-24T10:59:41.225Z] {"timestamp":1784890780795,"kind":"focusout","url":"http://localhost:3000/login","viewport":{"width":1536,"height":730},"payload":{"target":{"tag":"input","id":"email","name":null,"type":"email","role":null,"ariaLabel":null,"testId":null,"dataLoc":null,"href":null,"text":"","selectorHint":"#email"},"value":""}}
[2026-07-24T10:59:41.225Z] {"timestamp":1784890780796,"kind":"focusin","url":"http://localhost:3000/login","viewport":{"width":1536,"height":730},"payload":{"target":{"tag":"button","id":null,"name":null,"type":null,"role":null,"ariaLabel":null,"testId":null,"dataLoc":null,"href":null,"text":"Back to Home","selectorHint":"button"}}}
[2026-07-24T10:59:41.225Z] {"timestamp":1784890781001,"kind":"click","url":"http://localhost:3000/login","viewport":{"width":1536,"height":730},"payload":{"target":{"tag":"svg","id":null,"name":null,"type":null,"role":null,"ariaLabel":null,"testId":null,"dataLoc":null,"href":null,"text":"","selectorHint":"svg"},"x":33,"y":32}}
[2026-07-24T10:59:41.225Z] {"timestamp":1784890781003,"kind":"navigate","url":"http://localhost:3000/","viewport":{"width":1536,"height":730},"payload":{"reason":"pushState"}}
[2026-07-24T10:59:41.225Z] {"timestamp":1784890781080,"kind":"focusout","url":"http://localhost:3000/","viewport":{"width":1536,"height":730},"payload":{"target":{"tag":"button","id":null,"name":null,"type":null,"role":null,"ariaLabel":null,"testId":null,"dataLoc":null,"href":null,"text":"Back to Home","selectorHint":"button"},"value":null}}
[2026-07-24T10:59:43.184Z] {"timestamp":1784890782938,"kind":"focusin","url":"http://localhost:3000/","viewport":{"width":1536,"height":730},"payload":{"target":{"tag":"button","id":null,"name":null,"type":null,"role":null,"ariaLabel":null,"testId":null,"dataLoc":null,"href":null,"text":"Login","selectorHint":"button"}}}
[2026-07-24T10:59:45.141Z] {"timestamp":1784890783148,"kind":"click","url":"http://localhost:3000/","viewport":{"width":1536,"height":730},"payload":{"target":{"tag":"button","id":null,"name":null,"type":null,"role":null,"ariaLabel":null,"testId":null,"dataLoc":null,"href":null,"text":"Login","selectorHint":"button"},"x":1349,"y":37}}
[2026-07-24T10:59:45.141Z] {"timestamp":1784890783149,"kind":"navigate","url":"http://localhost:3000/login","viewport":{"width":1536,"height":730},"payload":{"reason":"pushState"}}
[2026-07-24T10:59:45.141Z] {"timestamp":1784890783155,"kind":"focusout","url":"http://localhost:3000/login","viewport":{"width":1536,"height":730},"payload":{"target":{"tag":"button","id":null,"name":null,"type":null,"role":null,"ariaLabel":null,"testId":null,"dataLoc":null,"href":null,"text":"Login","selectorHint":"button"},"value":null}}
[2026-07-24T10:59:47.143Z] {"timestamp":1784890785962,"kind":"scroll","url":"http://localhost:3000/login","viewport":{"width":1536,"height":730},"payload":{"scrollX":0,"scrollY":12,"documentHeight":924,"viewportHeight":730}}
[2026-07-24T10:59:49.155Z] {"timestamp":1784890787518,"kind":"focusin","url":"http://localhost:3000/login","viewport":{"width":1536,"height":730},"payload":{"target":{"tag":"button","id":null,"name":null,"type":null,"role":null,"ariaLabel":null,"testId":null,"dataLoc":null,"href":null,"text":"Sign up","selectorHint":"button"}}}
[2026-07-24T10:59:49.155Z] {"timestamp":1784890787737,"kind":"click","url":"http://localhost:3000/login","viewport":{"width":1536,"height":730},"payload":{"target":{"tag":"button","id":null,"name":null,"type":null,"role":null,"ariaLabel":null,"testId":null,"dataLoc":null,"href":null,"text":"Sign up","selectorHint":"button"},"x":831,"y":569}}
[2026-07-24T10:59:49.155Z] {"timestamp":1784890787738,"kind":"navigate","url":"http://localhost:3000/register","viewport":{"width":1536,"height":730},"payload":{"reason":"pushState"}}
[2026-07-24T10:59:49.155Z] {"timestamp":1784890787761,"kind":"focusout","url":"http://localhost:3000/register","viewport":{"width":1536,"height":730},"payload":{"target":{"tag":"button","id":null,"name":null,"type":null,"role":null,"ariaLabel":null,"testId":null,"dataLoc":null,"href":null,"text":"Sign up","selectorHint":"button"},"value":null}}
[2026-07-24T10:59:49.155Z] {"timestamp":1784890789020,"kind":"focusin","url":"http://localhost:3000/register","viewport":{"width":1536,"height":730},"payload":{"target":{"tag":"input","id":"fullName","name":"fullName","type":"text","role":null,"ariaLabel":null,"testId":null,"dataLoc":null,"href":null,"text":"","selectorHint":"#fullName"}}}
[2026-07-24T10:59:51.142Z] {"timestamp":1784890789233,"kind":"click","url":"http://localhost:3000/register","viewport":{"width":1536,"height":730},"payload":{"target":{"tag":"input","id":"fullName","name":"fullName","type":"text","role":null,"ariaLabel":null,"testId":null,"dataLoc":null,"href":null,"text":"","selectorHint":"#fullName"},"x":700,"y":195}}
[2026-07-24T11:00:01.150Z] {"timestamp":1784890799385,"kind":"change","url":"http://localhost:3000/register","viewport":{"width":1536,"height":730},"payload":{"target":{"tag":"input","id":"fullName","name":"fullName","type":"text","role":null,"ariaLabel":null,"testId":null,"dataLoc":null,"href":null,"text":"","selectorHint":"#fullName"},"value":"p"}}
[2026-07-24T11:00:01.150Z] {"timestamp":1784890799386,"kind":"focusout","url":"http://localhost:3000/register","viewport":{"width":1536,"height":730},"payload":{"target":{"tag":"input","id":"fullName","name":"fullName","type":"text","role":null,"ariaLabel":null,"testId":null,"dataLoc":null,"href":null,"text":"","selectorHint":"#fullName"},"value":"p"}}
[2026-07-24T11:00:01.150Z] {"timestamp":1784890799389,"kind":"focusin","url":"http://localhost:3000/register","viewport":{"width":1536,"height":730},"payload":{"target":{"tag":"input","id":"email","name":"email","type":"email","role":null,"ariaLabel":null,"testId":null,"dataLoc":null,"href":null,"text":"","selectorHint":"#email"}}}
[2026-07-24T11:00:01.150Z] {"timestamp":1784890799603,"kind":"click","url":"http://localhost:3000/register","viewport":{"width":1536,"height":730},"payload":{"target":{"tag":"input","id":"email","name":"email","type":"email","role":null,"ariaLabel":null,"testId":null,"dataLoc":null,"href":null,"text":"","selectorHint":"#email"},"x":644,"y":267}}
[2026-07-24T11:00:07.167Z] {"timestamp":1784890806271,"kind":"change","url":"http://localhost:3000/register","viewport":{"width":1536,"height":730},"payload":{"target":{"tag":"input","id":"email","name":"email","type":"email","role":null,"ariaLabel":null,"testId":null,"dataLoc":null,"href":null,"text":"","selectorHint":"#email"},"value":"p@gmail.com"}}
[2026-07-24T11:00:07.167Z] {"timestamp":1784890806272,"kind":"focusout","url":"http://localhost:3000/register","viewport":{"width":1536,"height":730},"payload":{"target":{"tag":"input","id":"email","name":"email","type":"email","role":null,"ariaLabel":null,"testId":null,"dataLoc":null,"href":null,"text":"","selectorHint":"#email"},"value":"p@gmail.com"}}
[2026-07-24T11:00:07.167Z] {"timestamp":1784890806273,"kind":"focusin","url":"http://localhost:3000/register","viewport":{"width":1536,"height":730},"payload":{"target":{"tag":"input","id":"mobile","name":"mobile","type":"tel","role":null,"ariaLabel":null,"testId":null,"dataLoc":null,"href":null,"text":"","selectorHint":"#mobile"}}}
[2026-07-24T11:00:07.167Z] {"timestamp":1784890806488,"kind":"click","url":"http://localhost:3000/register","viewport":{"width":1536,"height":730},"payload":{"target":{"tag":"input","id":"mobile","name":"mobile","type":"tel","role":null,"ariaLabel":null,"testId":null,"dataLoc":null,"href":null,"text":"","selectorHint":"#mobile"},"x":636,"y":331}}
[2026-07-24T11:00:13.178Z] {"timestamp":1784890812541,"kind":"change","url":"http://localhost:3000/register","viewport":{"width":1536,"height":730},"payload":{"target":{"tag":"input","id":"mobile","name":"mobile","type":"tel","role":null,"ariaLabel":null,"testId":null,"dataLoc":null,"href":null,"text":"","selectorHint":"#mobile"},"value":"0989076567"}}
[2026-07-24T11:00:13.179Z] {"timestamp":1784890812541,"kind":"focusout","url":"http://localhost:3000/register","viewport":{"width":1536,"height":730},"payload":{"target":{"tag":"input","id":"mobile","name":"mobile","type":"tel","role":null,"ariaLabel":null,"testId":null,"dataLoc":null,"href":null,"text":"","selectorHint":"#mobile"},"value":"0989076567"}}
[2026-07-24T11:00:13.179Z] {"timestamp":1784890812543,"kind":"focusin","url":"http://localhost:3000/register","viewport":{"width":1536,"height":730},"payload":{"target":{"tag":"input","id":"password","name":"password","type":"password","role":null,"ariaLabel":null,"testId":null,"dataLoc":null,"href":null,"text":"","selectorHint":"#password"}}}
[2026-07-24T11:00:13.179Z] {"timestamp":1784890812749,"kind":"click","url":"http://localhost:3000/register","viewport":{"width":1536,"height":730},"payload":{"target":{"tag":"input","id":"password","name":"password","type":"password","role":null,"ariaLabel":null,"testId":null,"dataLoc":null,"href":null,"text":"","selectorHint":"#password"},"x":652,"y":400}}
[2026-07-24T11:00:17.159Z] {"timestamp":1784890816534,"kind":"change","url":"http://localhost:3000/register","viewport":{"width":1536,"height":730},"payload":{"target":{"tag":"input","id":"password","name":"password","type":"password","role":null,"ariaLabel":null,"testId":null,"dataLoc":null,"href":null,"text":"","selectorHint":"#password"},"value":{"masked":true,"length":5}}}
[2026-07-24T11:00:17.160Z] {"timestamp":1784890816534,"kind":"focusout","url":"http://localhost:3000/register","viewport":{"width":1536,"height":730},"payload":{"target":{"tag":"input","id":"password","name":"password","type":"password","role":null,"ariaLabel":null,"testId":null,"dataLoc":null,"href":null,"text":"","selectorHint":"#password"},"value":{"masked":true,"length":5}}}
[2026-07-24T11:00:17.160Z] {"timestamp":1784890816535,"kind":"focusin","url":"http://localhost:3000/register","viewport":{"width":1536,"height":730},"payload":{"target":{"tag":"button","id":null,"name":null,"type":null,"role":null,"ariaLabel":null,"testId":null,"dataLoc":null,"href":null,"text":"","selectorHint":"button"}}}
[2026-07-24T11:00:17.160Z] {"timestamp":1784890816746,"kind":"click","url":"http://localhost:3000/register","viewport":{"width":1536,"height":730},"payload":{"target":{"tag":"path","id":null,"name":null,"type":null,"role":null,"ariaLabel":null,"testId":null,"dataLoc":null,"href":null,"text":"","selectorHint":"path"},"x":920,"y":414}}
[2026-07-24T11:00:19.144Z] {"timestamp":1784890817729,"kind":"focusout","url":"http://localhost:3000/register","viewport":{"width":1536,"height":730},"payload":{"target":{"tag":"button","id":null,"name":null,"type":null,"role":null,"ariaLabel":null,"testId":null,"dataLoc":null,"href":null,"text":"","selectorHint":"button"},"value":null}}
[2026-07-24T11:00:19.144Z] {"timestamp":1784890817753,"kind":"focusin","url":"http://localhost:3000/register","viewport":{"width":1536,"height":730},"payload":{"target":{"tag":"input","id":"confirmPassword","name":"confirmPassword","type":"password","role":null,"ariaLabel":null,"testId":null,"dataLoc":null,"href":null,"text":"","selectorHint":"#confirmPassword"}}}
[2026-07-24T11:00:19.144Z] {"timestamp":1784890817964,"kind":"click","url":"http://localhost:3000/register","viewport":{"width":1536,"height":730},"payload":{"target":{"tag":"input","id":"confirmPassword","name":"confirmPassword","type":"password","role":null,"ariaLabel":null,"testId":null,"dataLoc":null,"href":null,"text":"","selectorHint":"#confirmPassword"},"x":751,"y":507}}
[2026-07-24T11:00:23.170Z] {"timestamp":1784890821888,"kind":"change","url":"http://localhost:3000/register","viewport":{"width":1536,"height":730},"payload":{"target":{"tag":"input","id":"confirmPassword","name":"confirmPassword","type":"password","role":null,"ariaLabel":null,"testId":null,"dataLoc":null,"href":null,"text":"","selectorHint":"#confirmPassword"},"value":{"masked":true,"length":5}}}
[2026-07-24T11:00:23.170Z] {"timestamp":1784890821888,"kind":"focusout","url":"http://localhost:3000/register","viewport":{"width":1536,"height":730},"payload":{"target":{"tag":"input","id":"confirmPassword","name":"confirmPassword","type":"password","role":null,"ariaLabel":null,"testId":null,"dataLoc":null,"href":null,"text":"","selectorHint":"#confirmPassword"},"value":{"masked":true,"length":5}}}
[2026-07-24T11:00:23.170Z] {"timestamp":1784890822112,"kind":"click","url":"http://localhost:3000/register","viewport":{"width":1536,"height":730},"payload":{"target":{"tag":"label","id":null,"name":null,"type":null,"role":null,"ariaLabel":null,"testId":null,"dataLoc":null,"href":null,"text":"I agree to the Terms of Service and Privacy Policy","selectorHint":"label"},"x":590,"y":544}}
[2026-07-24T11:00:23.170Z] {"timestamp":1784890822112,"kind":"focusin","url":"http://localhost:3000/register","viewport":{"width":1536,"height":730},"payload":{"target":{"tag":"button","id":null,"name":null,"type":null,"role":"checkbox","ariaLabel":null,"testId":null,"dataLoc":null,"href":null,"text":"","selectorHint":"button"}}}
[2026-07-24T11:00:23.170Z] {"timestamp":1784890822112,"kind":"click","url":"http://localhost:3000/register","viewport":{"width":1536,"height":730},"payload":{"target":{"tag":"button","id":null,"name":null,"type":null,"role":"checkbox","ariaLabel":null,"testId":null,"dataLoc":null,"href":null,"text":"","selectorHint":"button"},"x":590,"y":544}}
[2026-07-24T11:00:23.170Z] {"timestamp":1784890822119,"kind":"click","url":"http://localhost:3000/register","viewport":{"width":1536,"height":730},"payload":{"target":{"tag":"input","id":null,"name":"agreeTerms","type":"checkbox","role":null,"ariaLabel":null,"testId":null,"dataLoc":null,"href":null,"text":"","selectorHint":"input"}}}
[2026-07-24T11:00:23.170Z] {"timestamp":1784890822921,"kind":"focusout","url":"http://localhost:3000/register","viewport":{"width":1536,"height":730},"payload":{"target":{"tag":"button","id":null,"name":null,"type":null,"role":"checkbox","ariaLabel":null,"testId":null,"dataLoc":null,"href":null,"text":"","selectorHint":"button"},"value":null}}
[2026-07-24T11:00:23.170Z] {"timestamp":1784890822922,"kind":"focusin","url":"http://localhost:3000/register","viewport":{"width":1536,"height":730},"payload":{"target":{"tag":"button","id":null,"name":null,"type":null,"role":null,"ariaLabel":null,"testId":null,"dataLoc":null,"href":null,"text":"Create Account","selectorHint":"button"}}}
[2026-07-24T11:00:23.170Z] {"timestamp":1784890823134,"kind":"click","url":"http://localhost:3000/register","viewport":{"width":1536,"height":730},"payload":{"target":{"tag":"button","id":null,"name":null,"type":null,"role":null,"ariaLabel":null,"testId":null,"dataLoc":null,"href":null,"text":"Create Account","selectorHint":"button"},"x":694,"y":595}}
[2026-07-24T11:00:23.170Z] {"timestamp":1784890823158,"kind":"submit","url":"http://localhost:3000/register","viewport":{"width":1536,"height":730},"payload":{"target":{"tag":"form","id":null,"name":null,"type":null,"role":null,"ariaLabel":null,"testId":null,"dataLoc":null,"href":null,"text":"Full Name Email Address Mobile Number Password Strength: weak Confirm Password I…","selectorHint":"form"}}}
[2026-07-24T11:00:25.403Z] {"timestamp":1784890825166,"kind":"navigate","url":"http://localhost:3000/login","viewport":{"width":1536,"height":730},"payload":{"reason":"pushState"}}
[2026-07-24T11:00:25.403Z] {"timestamp":1784890825177,"kind":"focusout","url":"http://localhost:3000/login","viewport":{"width":1536,"height":730},"payload":{"target":{"tag":"button","id":null,"name":null,"type":null,"role":null,"ariaLabel":null,"testId":null,"dataLoc":null,"href":null,"text":"Create Account","selectorHint":"button"},"value":null}}
[2026-07-24T11:00:27.150Z] {"timestamp":1784890826789,"kind":"focusin","url":"http://localhost:3000/login","viewport":{"width":1536,"height":730},"payload":{"target":{"tag":"input","id":"email","name":null,"type":"email","role":null,"ariaLabel":null,"testId":null,"dataLoc":null,"href":null,"text":"","selectorHint":"#email"}}}
[2026-07-24T11:00:27.150Z] {"timestamp":1784890827003,"kind":"click","url":"http://localhost:3000/login","viewport":{"width":1536,"height":730},"payload":{"target":{"tag":"input","id":"email","name":null,"type":"email","role":null,"ariaLabel":null,"testId":null,"dataLoc":null,"href":null,"text":"","selectorHint":"#email"},"x":740,"y":197}}
[2026-07-24T11:00:31.149Z] {"timestamp":1784890831130,"kind":"change","url":"http://localhost:3000/login","viewport":{"width":1536,"height":730},"payload":{"target":{"tag":"input","id":"email","name":null,"type":"email","role":null,"ariaLabel":null,"testId":null,"dataLoc":null,"href":null,"text":"","selectorHint":"#email"},"value":"p@gmail.com"}}
[2026-07-24T11:00:33.154Z] {"timestamp":1784890831770,"kind":"focusout","url":"http://localhost:3000/login","viewport":{"width":1536,"height":730},"payload":{"target":{"tag":"input","id":"email","name":null,"type":"email","role":null,"ariaLabel":null,"testId":null,"dataLoc":null,"href":null,"text":"","selectorHint":"#email"},"value":"p@gmail.com"}}
[2026-07-24T11:00:33.154Z] {"timestamp":1784890831771,"kind":"focusin","url":"http://localhost:3000/login","viewport":{"width":1536,"height":730},"payload":{"target":{"tag":"input","id":"password","name":null,"type":"password","role":null,"ariaLabel":null,"testId":null,"dataLoc":null,"href":null,"text":"","selectorHint":"#password"}}}
[2026-07-24T11:00:33.154Z] {"timestamp":1784890831998,"kind":"click","url":"http://localhost:3000/login","viewport":{"width":1536,"height":730},"payload":{"target":{"tag":"input","id":"password","name":null,"type":"password","role":null,"ariaLabel":null,"testId":null,"dataLoc":null,"href":null,"text":"","selectorHint":"#password"},"x":714,"y":260}}
[2026-07-24T11:00:37.151Z] {"timestamp":1784890836902,"kind":"change","url":"http://localhost:3000/login","viewport":{"width":1536,"height":730},"payload":{"target":{"tag":"input","id":"password","name":null,"type":"password","role":null,"ariaLabel":null,"testId":null,"dataLoc":null,"href":null,"text":"","selectorHint":"#password"},"value":{"masked":true,"length":5}}}
[2026-07-24T11:00:37.151Z] {"timestamp":1784890836903,"kind":"focusout","url":"http://localhost:3000/login","viewport":{"width":1536,"height":730},"payload":{"target":{"tag":"input","id":"password","name":null,"type":"password","role":null,"ariaLabel":null,"testId":null,"dataLoc":null,"href":null,"text":"","selectorHint":"#password"},"value":{"masked":true,"length":5}}}
[2026-07-24T11:00:37.151Z] {"timestamp":1784890836903,"kind":"focusin","url":"http://localhost:3000/login","viewport":{"width":1536,"height":730},"payload":{"target":{"tag":"button","id":null,"name":null,"type":null,"role":null,"ariaLabel":null,"testId":null,"dataLoc":null,"href":null,"text":"","selectorHint":"button"}}}
[2026-07-24T11:00:37.151Z] {"timestamp":1784890837130,"kind":"click","url":"http://localhost:3000/login","viewport":{"width":1536,"height":730},"payload":{"target":{"tag":"svg","id":null,"name":null,"type":null,"role":null,"ariaLabel":null,"testId":null,"dataLoc":null,"href":null,"text":"","selectorHint":"svg"},"x":919,"y":264}}
[2026-07-24T11:00:40.634Z] {"timestamp":1784890838137,"kind":"focusout","url":"http://localhost:3000/login","viewport":{"width":1536,"height":730},"payload":{"target":{"tag":"button","id":null,"name":null,"type":null,"role":null,"ariaLabel":null,"testId":null,"dataLoc":null,"href":null,"text":"","selectorHint":"button"},"value":null}}
[2026-07-24T11:00:40.634Z] {"timestamp":1784890838138,"kind":"focusin","url":"http://localhost:3000/login","viewport":{"width":1536,"height":730},"payload":{"target":{"tag":"button","id":null,"name":null,"type":null,"role":null,"ariaLabel":null,"testId":null,"dataLoc":null,"href":null,"text":"Sign In","selectorHint":"button"}}}
[2026-07-24T11:00:40.634Z] {"timestamp":1784890838362,"kind":"click","url":"http://localhost:3000/login","viewport":{"width":1536,"height":730},"payload":{"target":{"tag":"button","id":null,"name":null,"type":null,"role":null,"ariaLabel":null,"testId":null,"dataLoc":null,"href":null,"text":"Sign In","selectorHint":"button"},"x":767,"y":349}}
[2026-07-24T11:00:40.634Z] {"timestamp":1784890838363,"kind":"submit","url":"http://localhost:3000/login","viewport":{"width":1536,"height":730},"payload":{"target":{"tag":"form","id":null,"name":null,"type":null,"role":null,"ariaLabel":null,"testId":null,"dataLoc":null,"href":null,"text":"Email Address Password Remember me Forgot password? Sign In","selectorHint":"form"}}}
[2026-07-24T11:00:40.634Z] {"timestamp":1784890840137,"kind":"navigate","url":"http://localhost:3000/user/dashboard","viewport":{"width":1536,"height":730},"payload":{"reason":"pushState"}}
[2026-07-24T11:00:40.634Z] {"timestamp":1784890840154,"kind":"focusout","url":"http://localhost:3000/user/dashboard","viewport":{"width":1536,"height":730},"payload":{"target":{"tag":"button","id":null,"name":null,"type":null,"role":null,"ariaLabel":null,"testId":null,"dataLoc":null,"href":null,"text":"Sign In","selectorHint":"button"},"value":null}}
[2026-07-24T11:01:09.139Z] {"timestamp":1784890867540,"kind":"navigate","url":"http://localhost:3000/login","viewport":{"width":1536,"height":730},"payload":{"reason":"popstate"}}
[2026-07-24T11:01:09.139Z] {"timestamp":1784890868881,"kind":"focusin","url":"http://localhost:3000/login","viewport":{"width":1536,"height":730},"payload":{"target":{"tag":"input","id":"password","name":null,"type":"password","role":null,"ariaLabel":null,"testId":null,"dataLoc":null,"href":null,"text":"","selectorHint":"#password"}}}
[2026-07-24T11:01:09.139Z] {"timestamp":1784890869094,"kind":"click","url":"http://localhost:3000/login","viewport":{"width":1536,"height":730},"payload":{"target":{"tag":"input","id":"password","name":null,"type":"password","role":null,"ariaLabel":null,"testId":null,"dataLoc":null,"href":null,"text":"","selectorHint":"#password"},"x":755,"y":260}}
[2026-07-24T11:01:11.145Z] {"timestamp":1784890870287,"kind":"focusout","url":"http://localhost:3000/login","viewport":{"width":1536,"height":730},"payload":{"target":{"tag":"input","id":"password","name":null,"type":"password","role":null,"ariaLabel":null,"testId":null,"dataLoc":null,"href":null,"text":"","selectorHint":"#password"},"value":{"masked":true,"length":0}}}
[2026-07-24T11:01:11.145Z] {"timestamp":1784890870288,"kind":"focusin","url":"http://localhost:3000/login","viewport":{"width":1536,"height":730},"payload":{"target":{"tag":"input","id":"email","name":null,"type":"email","role":null,"ariaLabel":null,"testId":null,"dataLoc":null,"href":null,"text":"","selectorHint":"#email"}}}
[2026-07-24T11:01:11.145Z] {"timestamp":1784890870506,"kind":"click","url":"http://localhost:3000/login","viewport":{"width":1536,"height":730},"payload":{"target":{"tag":"input","id":"email","name":null,"type":"email","role":null,"ariaLabel":null,"testId":null,"dataLoc":null,"href":null,"text":"","selectorHint":"#email"},"x":708,"y":180}}
[2026-07-24T11:01:15.143Z] {"timestamp":1784890874833,"kind":"change","url":"http://localhost:3000/login","viewport":{"width":1536,"height":730},"payload":{"target":{"tag":"input","id":"email","name":null,"type":"email","role":null,"ariaLabel":null,"testId":null,"dataLoc":null,"href":null,"text":"","selectorHint":"#email"},"value":"recruiter@jobportal.com"}}
[2026-07-24T11:01:17.143Z] {"timestamp":1784890875709,"kind":"focusout","url":"http://localhost:3000/login","viewport":{"width":1536,"height":730},"payload":{"target":{"tag":"input","id":"email","name":null,"type":"email","role":null,"ariaLabel":null,"testId":null,"dataLoc":null,"href":null,"text":"","selectorHint":"#email"},"value":"recruiter@jobportal.com"}}
[2026-07-24T11:01:17.143Z] {"timestamp":1784890875710,"kind":"focusin","url":"http://localhost:3000/login","viewport":{"width":1536,"height":730},"payload":{"target":{"tag":"input","id":"password","name":null,"type":"password","role":null,"ariaLabel":null,"testId":null,"dataLoc":null,"href":null,"text":"","selectorHint":"#password"}}}
[2026-07-24T11:01:17.143Z] {"timestamp":1784890875923,"kind":"click","url":"http://localhost:3000/login","viewport":{"width":1536,"height":730},"payload":{"target":{"tag":"input","id":"password","name":null,"type":"password","role":null,"ariaLabel":null,"testId":null,"dataLoc":null,"href":null,"text":"","selectorHint":"#password"},"x":672,"y":269}}
[2026-07-24T11:01:23.150Z] {"timestamp":1784890882601,"kind":"change","url":"http://localhost:3000/login","viewport":{"width":1536,"height":730},"payload":{"target":{"tag":"input","id":"password","name":null,"type":"password","role":null,"ariaLabel":null,"testId":null,"dataLoc":null,"href":null,"text":"","selectorHint":"#password"},"value":{"masked":true,"length":13}}}
[2026-07-24T11:01:23.150Z] {"timestamp":1784890882602,"kind":"focusout","url":"http://localhost:3000/login","viewport":{"width":1536,"height":730},"payload":{"target":{"tag":"input","id":"password","name":null,"type":"password","role":null,"ariaLabel":null,"testId":null,"dataLoc":null,"href":null,"text":"","selectorHint":"#password"},"value":{"masked":true,"length":13}}}
[2026-07-24T11:01:23.150Z] {"timestamp":1784890882602,"kind":"focusin","url":"http://localhost:3000/login","viewport":{"width":1536,"height":730},"payload":{"target":{"tag":"button","id":null,"name":null,"type":null,"role":null,"ariaLabel":null,"testId":null,"dataLoc":null,"href":null,"text":"","selectorHint":"button"}}}
[2026-07-24T11:01:23.150Z] {"timestamp":1784890882819,"kind":"click","url":"http://localhost:3000/login","viewport":{"width":1536,"height":730},"payload":{"target":{"tag":"svg","id":null,"name":null,"type":null,"role":null,"ariaLabel":null,"testId":null,"dataLoc":null,"href":null,"text":"","selectorHint":"svg"},"x":917,"y":255}}
[2026-07-24T11:01:25.147Z] {"timestamp":1784890883889,"kind":"focusout","url":"http://localhost:3000/login","viewport":{"width":1536,"height":730},"payload":{"target":{"tag":"button","id":null,"name":null,"type":null,"role":null,"ariaLabel":null,"testId":null,"dataLoc":null,"href":null,"text":"","selectorHint":"button"},"value":null}}
[2026-07-24T11:01:25.147Z] {"timestamp":1784890883890,"kind":"focusin","url":"http://localhost:3000/login","viewport":{"width":1536,"height":730},"payload":{"target":{"tag":"button","id":null,"name":null,"type":null,"role":null,"ariaLabel":null,"testId":null,"dataLoc":null,"href":null,"text":"Sign In","selectorHint":"button"}}}
[2026-07-24T11:01:25.147Z] {"timestamp":1784890884097,"kind":"click","url":"http://localhost:3000/login","viewport":{"width":1536,"height":730},"payload":{"target":{"tag":"button","id":null,"name":null,"type":null,"role":null,"ariaLabel":null,"testId":null,"dataLoc":null,"href":null,"text":"Sign In","selectorHint":"button"},"x":745,"y":345}}
[2026-07-24T11:01:25.147Z] {"timestamp":1784890884097,"kind":"submit","url":"http://localhost:3000/login","viewport":{"width":1536,"height":730},"payload":{"target":{"tag":"form","id":null,"name":null,"type":null,"role":null,"ariaLabel":null,"testId":null,"dataLoc":null,"href":null,"text":"Email Address Password Remember me Forgot password? Sign In","selectorHint":"form"}}}
[2026-07-24T11:01:25.147Z] {"timestamp":1784890884099,"kind":"navigate","url":"http://localhost:3000/recruiter/dashboard","viewport":{"width":1536,"height":730},"payload":{"reason":"pushState"}}
[2026-07-24T11:01:25.147Z] {"timestamp":1784890884149,"kind":"focusout","url":"http://localhost:3000/recruiter/dashboard","viewport":{"width":1536,"height":730},"payload":{"target":{"tag":"button","id":null,"name":null,"type":null,"role":null,"ariaLabel":null,"testId":null,"dataLoc":null,"href":null,"text":"Sign In","selectorHint":"button"},"value":null}}
[2026-07-24T11:01:27.146Z] {"timestamp":1784890886652,"kind":"scroll","url":"http://localhost:3000/recruiter/dashboard","viewport":{"width":1536,"height":730},"payload":{"scrollX":0,"scrollY":194.39999389648438,"documentHeight":1199,"viewportHeight":730}}
[2026-07-24T11:01:29.147Z] {"timestamp":1784890887195,"kind":"scroll","url":"http://localhost:3000/recruiter/dashboard","viewport":{"width":1536,"height":730},"payload":{"scrollX":0,"scrollY":420.79998779296875,"documentHeight":1199,"viewportHeight":730}}
[2026-07-24T11:01:31.164Z] {"timestamp":1784890889183,"kind":"navigate","url":"http://localhost:3000/login","viewport":{"width":1536,"height":730},"payload":{"reason":"popstate"}}
[2026-07-24T11:01:31.164Z] {"timestamp":1784890889254,"kind":"scroll","url":"http://localhost:3000/login","viewport":{"width":1536,"height":730},"payload":{"scrollX":0,"scrollY":2.4000000953674316,"documentHeight":924,"viewportHeight":730}}
[2026-07-24T11:01:31.164Z] {"timestamp":1784890890499,"kind":"focusin","url":"http://localhost:3000/login","viewport":{"width":1536,"height":730},"payload":{"target":{"tag":"input","id":"email","name":null,"type":"email","role":null,"ariaLabel":null,"testId":null,"dataLoc":null,"href":null,"text":"","selectorHint":"#email"}}}
[2026-07-24T11:01:31.164Z] {"timestamp":1784890890707,"kind":"click","url":"http://localhost:3000/login","viewport":{"width":1536,"height":730},"payload":{"target":{"tag":"input","id":"email","name":null,"type":"email","role":null,"ariaLabel":null,"testId":null,"dataLoc":null,"href":null,"text":"","selectorHint":"#email"},"x":743,"y":190}}
[2026-07-24T11:01:35.150Z] {"timestamp":1784890893841,"kind":"change","url":"http://localhost:3000/login","viewport":{"width":1536,"height":730},"payload":{"target":{"tag":"input","id":"email","name":null,"type":"email","role":null,"ariaLabel":null,"testId":null,"dataLoc":null,"href":null,"text":"","selectorHint":"#email"},"value":"admin@jobportal.com"}}
[2026-07-24T11:01:35.150Z] {"timestamp":1784890894463,"kind":"focusout","url":"http://localhost:3000/login","viewport":{"width":1536,"height":730},"payload":{"target":{"tag":"input","id":"email","name":null,"type":"email","role":null,"ariaLabel":null,"testId":null,"dataLoc":null,"href":null,"text":"","selectorHint":"#email"},"value":"admin@jobportal.com"}}
[2026-07-24T11:01:35.151Z] {"timestamp":1784890894464,"kind":"focusin","url":"http://localhost:3000/login","viewport":{"width":1536,"height":730},"payload":{"target":{"tag":"input","id":"password","name":null,"type":"password","role":null,"ariaLabel":null,"testId":null,"dataLoc":null,"href":null,"text":"","selectorHint":"#password"}}}
[2026-07-24T11:01:35.151Z] {"timestamp":1784890894680,"kind":"click","url":"http://localhost:3000/login","viewport":{"width":1536,"height":730},"payload":{"target":{"tag":"input","id":"password","name":null,"type":"password","role":null,"ariaLabel":null,"testId":null,"dataLoc":null,"href":null,"text":"","selectorHint":"#password"},"x":721,"y":256}}
[2026-07-24T11:01:39.149Z] {"timestamp":1784890899073,"kind":"change","url":"http://localhost:3000/login","viewport":{"width":1536,"height":730},"payload":{"target":{"tag":"input","id":"password","name":null,"type":"password","role":null,"ariaLabel":null,"testId":null,"dataLoc":null,"href":null,"text":"","selectorHint":"#password"},"value":{"masked":true,"length":9}}}
[2026-07-24T11:01:39.149Z] {"timestamp":1784890899073,"kind":"focusout","url":"http://localhost:3000/login","viewport":{"width":1536,"height":730},"payload":{"target":{"tag":"input","id":"password","name":null,"type":"password","role":null,"ariaLabel":null,"testId":null,"dataLoc":null,"href":null,"text":"","selectorHint":"#password"},"value":{"masked":true,"length":9}}}
[2026-07-24T11:01:39.149Z] {"timestamp":1784890899074,"kind":"focusin","url":"http://localhost:3000/login","viewport":{"width":1536,"height":730},"payload":{"target":{"tag":"button","id":null,"name":null,"type":null,"role":null,"ariaLabel":null,"testId":null,"dataLoc":null,"href":null,"text":"Sign In","selectorHint":"button"}}}
[2026-07-24T11:01:41.151Z] {"timestamp":1784890899302,"kind":"click","url":"http://localhost:3000/login","viewport":{"width":1536,"height":730},"payload":{"target":{"tag":"button","id":null,"name":null,"type":null,"role":null,"ariaLabel":null,"testId":null,"dataLoc":null,"href":null,"text":"Sign In","selectorHint":"button"},"x":703,"y":357}}
[2026-07-24T11:01:41.151Z] {"timestamp":1784890899302,"kind":"submit","url":"http://localhost:3000/login","viewport":{"width":1536,"height":730},"payload":{"target":{"tag":"form","id":null,"name":null,"type":null,"role":null,"ariaLabel":null,"testId":null,"dataLoc":null,"href":null,"text":"Email Address Password Remember me Forgot password? Sign In","selectorHint":"form"}}}
[2026-07-24T11:01:41.151Z] {"timestamp":1784890899336,"kind":"navigate","url":"http://localhost:3000/admin/dashboard","viewport":{"width":1536,"height":730},"payload":{"reason":"pushState"}}
[2026-07-24T11:01:41.151Z] {"timestamp":1784890899353,"kind":"focusout","url":"http://localhost:3000/admin/dashboard","viewport":{"width":1536,"height":730},"payload":{"target":{"tag":"button","id":null,"name":null,"type":null,"role":null,"ariaLabel":null,"testId":null,"dataLoc":null,"href":null,"text":"Sign In","selectorHint":"button"},"value":null}}
[2026-07-24T11:01:41.151Z] {"timestamp":1784890900534,"kind":"scroll","url":"http://localhost:3000/admin/dashboard","viewport":{"width":1536,"height":730},"payload":{"scrollX":0,"scrollY":57.599998474121094,"documentHeight":1545,"viewportHeight":730}}
[2026-07-24T11:01:41.151Z] {"timestamp":1784890901119,"kind":"scroll","url":"http://localhost:3000/admin/dashboard","viewport":{"width":1536,"height":730},"payload":{"scrollX":0,"scrollY":354.3999938964844,"documentHeight":1545,"viewportHeight":730}}
[2026-07-24T11:01:43.146Z] {"timestamp":1784890901629,"kind":"scroll","url":"http://localhost:3000/admin/dashboard","viewport":{"width":1536,"height":730},"payload":{"scrollX":0,"scrollY":672.7999877929688,"documentHeight":1545,"viewportHeight":730}}
[2026-07-24T11:01:43.146Z] {"timestamp":1784890902133,"kind":"scroll","url":"http://localhost:3000/admin/dashboard","viewport":{"width":1536,"height":730},"payload":{"scrollX":0,"scrollY":815.2000122070312,"documentHeight":1545,"viewportHeight":730}}
[2026-07-24T11:01:43.146Z] {"timestamp":1784890902916,"kind":"scroll","url":"http://localhost:3000/admin/dashboard","viewport":{"width":1536,"height":730},"payload":{"scrollX":0,"scrollY":740,"documentHeight":1545,"viewportHeight":730}}
[2026-07-24T11:01:47.145Z] {"timestamp":1784890905662,"kind":"navigate","url":"http://localhost:3000/login","viewport":{"width":1536,"height":730},"payload":{"reason":"popstate"}}
[2026-07-24T11:01:47.145Z] {"timestamp":1784890905738,"kind":"scroll","url":"http://localhost:3000/login","viewport":{"width":1536,"height":730},"payload":{"scrollX":0,"scrollY":2.4000000953674316,"documentHeight":924,"viewportHeight":730}}
[2026-07-24T11:01:49.149Z] {"timestamp":1784890907736,"kind":"focusin","url":"http://localhost:3000/login","viewport":{"width":1536,"height":730},"payload":{"target":{"tag":"input","id":"email","name":null,"type":"email","role":null,"ariaLabel":null,"testId":null,"dataLoc":null,"href":null,"text":"","selectorHint":"#email"}}}
[2026-07-24T11:01:49.149Z] {"timestamp":1784890907956,"kind":"click","url":"http://localhost:3000/login","viewport":{"width":1536,"height":730},"payload":{"target":{"tag":"input","id":"email","name":null,"type":"email","role":null,"ariaLabel":null,"testId":null,"dataLoc":null,"href":null,"text":"","selectorHint":"#email"},"x":727,"y":185}}
[2026-07-24T11:01:53.148Z] {"timestamp":1784890912921,"kind":"change","url":"http://localhost:3000/login","viewport":{"width":1536,"height":730},"payload":{"target":{"tag":"input","id":"email","name":null,"type":"email","role":null,"ariaLabel":null,"testId":null,"dataLoc":null,"href":null,"text":"","selectorHint":"#email"},"value":"p@gmail.com"}}
[2026-07-24T11:01:55.139Z] {"timestamp":1784890913616,"kind":"focusout","url":"http://localhost:3000/login","viewport":{"width":1536,"height":730},"payload":{"target":{"tag":"input","id":"email","name":null,"type":"email","role":null,"ariaLabel":null,"testId":null,"dataLoc":null,"href":null,"text":"","selectorHint":"#email"},"value":"p@gmail.com"}}
[2026-07-24T11:01:55.162Z] {"timestamp":1784890913617,"kind":"focusin","url":"http://localhost:3000/login","viewport":{"width":1536,"height":730},"payload":{"target":{"tag":"input","id":"password","name":null,"type":"password","role":null,"ariaLabel":null,"testId":null,"dataLoc":null,"href":null,"text":"","selectorHint":"#password"}}}
[2026-07-24T11:01:55.162Z] {"timestamp":1784890913839,"kind":"click","url":"http://localhost:3000/login","viewport":{"width":1536,"height":730},"payload":{"target":{"tag":"input","id":"password","name":null,"type":"password","role":null,"ariaLabel":null,"testId":null,"dataLoc":null,"href":null,"text":"","selectorHint":"#password"},"x":681,"y":266}}
[2026-07-24T11:01:59.933Z] {"timestamp":1784890917657,"kind":"change","url":"http://localhost:3000/login","viewport":{"width":1536,"height":730},"payload":{"target":{"tag":"input","id":"password","name":null,"type":"password","role":null,"ariaLabel":null,"testId":null,"dataLoc":null,"href":null,"text":"","selectorHint":"#password"},"value":{"masked":true,"length":5}}}
[2026-07-24T11:01:59.933Z] {"timestamp":1784890917657,"kind":"focusout","url":"http://localhost:3000/login","viewport":{"width":1536,"height":730},"payload":{"target":{"tag":"input","id":"password","name":null,"type":"password","role":null,"ariaLabel":null,"testId":null,"dataLoc":null,"href":null,"text":"","selectorHint":"#password"},"value":{"masked":true,"length":5}}}
[2026-07-24T11:01:59.933Z] {"timestamp":1784890917659,"kind":"focusin","url":"http://localhost:3000/login","viewport":{"width":1536,"height":730},"payload":{"target":{"tag":"button","id":null,"name":null,"type":null,"role":null,"ariaLabel":null,"testId":null,"dataLoc":null,"href":null,"text":"Sign In","selectorHint":"button"}}}
[2026-07-24T11:01:59.933Z] {"timestamp":1784890917883,"kind":"click","url":"http://localhost:3000/login","viewport":{"width":1536,"height":730},"payload":{"target":{"tag":"button","id":null,"name":null,"type":null,"role":null,"ariaLabel":null,"testId":null,"dataLoc":null,"href":null,"text":"Sign In","selectorHint":"button"},"x":694,"y":358}}
[2026-07-24T11:01:59.933Z] {"timestamp":1784890917888,"kind":"submit","url":"http://localhost:3000/login","viewport":{"width":1536,"height":730},"payload":{"target":{"tag":"form","id":null,"name":null,"type":null,"role":null,"ariaLabel":null,"testId":null,"dataLoc":null,"href":null,"text":"Email Address Password Remember me Forgot password? Sign In","selectorHint":"form"}}}
[2026-07-24T11:01:59.933Z] {"timestamp":1784890919671,"kind":"navigate","url":"http://localhost:3000/user/dashboard","viewport":{"width":1536,"height":730},"payload":{"reason":"pushState"}}
[2026-07-24T11:01:59.933Z] {"timestamp":1784890919690,"kind":"focusout","url":"http://localhost:3000/user/dashboard","viewport":{"width":1536,"height":730},"payload":{"target":{"tag":"button","id":null,"name":null,"type":null,"role":null,"ariaLabel":null,"testId":null,"dataLoc":null,"href":null,"text":"Sign In","selectorHint":"button"},"value":null}}
[2026-07-24T11:02:03.142Z] {"timestamp":1784890922247,"kind":"scroll","url":"http://localhost:3000/user/dashboard","viewport":{"width":1536,"height":730},"payload":{"scrollX":0,"scrollY":228.8000030517578,"documentHeight":1587,"viewportHeight":730}}
[2026-07-24T11:02:03.142Z] {"timestamp":1784890922813,"kind":"scroll","url":"http://localhost:3000/user/dashboard","viewport":{"width":1536,"height":730},"payload":{"scrollX":0,"scrollY":684,"documentHeight":1587,"viewportHeight":730}}
[2026-07-24T11:14:19.155Z] {"timestamp":1784891658018,"kind":"click","url":"http://localhost:3000/user/dashboard","viewport":{"width":1536,"height":730},"payload":{"target":{"tag":"svg","id":null,"name":null,"type":null,"role":null,"ariaLabel":null,"testId":null,"dataLoc":null,"href":null,"text":"","selectorHint":"svg"},"x":1019,"y":468}}
[2026-07-24T12:05:35.151Z] {"timestamp":1784894733347,"kind":"navigate","url":"http://localhost:3000/login","viewport":{"width":1536,"height":730},"payload":{"reason":"popstate"}}
[2026-07-24T12:05:35.151Z] {"timestamp":1784894733451,"kind":"scroll","url":"http://localhost:3000/login","viewport":{"width":1536,"height":730},"payload":{"scrollX":0,"scrollY":2.4000000953674316,"documentHeight":924,"viewportHeight":730}}
[2026-07-26T10:39:02.590Z] {"timestamp":1785062337937,"kind":"scroll","url":"http://localhost:3000/","viewport":{"width":1540,"height":739},"payload":{"scrollX":0,"scrollY":419.20001220703125,"documentHeight":4243,"viewportHeight":739}}
[2026-07-26T10:39:02.590Z] {"timestamp":1785062338451,"kind":"scroll","url":"http://localhost:3000/","viewport":{"width":1540,"height":739},"payload":{"scrollX":0,"scrollY":1410.4000244140625,"documentHeight":4243,"viewportHeight":739}}
[2026-07-26T10:39:02.590Z] {"timestamp":1785062339104,"kind":"scroll","url":"http://localhost:3000/","viewport":{"width":1540,"height":739},"payload":{"scrollX":0,"scrollY":1978.4000244140625,"documentHeight":4243,"viewportHeight":739}}
[2026-07-26T10:39:02.596Z] {"timestamp":1785062336926,"kind":"click","url":"http://localhost:3000/","viewport":{"width":1540,"height":739},"payload":{"target":{"tag":"div","id":null,"name":null,"type":null,"role":null,"ariaLabel":null,"testId":null,"dataLoc":null,"href":null,"text":"📊 Premium Dashboard Preview","selectorHint":"div"},"x":1308,"y":239}}
[2026-07-26T10:39:02.597Z] {"timestamp":1785062337387,"kind":"scroll","url":"http://localhost:3000/","viewport":{"width":1540,"height":739},"payload":{"scrollX":0,"scrollY":6.400000095367432,"documentHeight":4243,"viewportHeight":739}}
[2026-07-26T10:39:02.650Z] {"timestamp":1785062339971,"kind":"scroll","url":"http://localhost:3000/","viewport":{"width":1540,"height":739},"payload":{"scrollX":0,"scrollY":2411.199951171875,"documentHeight":4243,"viewportHeight":739}}
[2026-07-26T10:39:02.650Z] {"timestamp":1785062340485,"kind":"scroll","url":"http://localhost:3000/","viewport":{"width":1540,"height":739},"payload":{"scrollX":0,"scrollY":3220.800048828125,"documentHeight":4243,"viewportHeight":739}}
[2026-07-26T10:39:02.650Z] {"timestamp":1785062340985,"kind":"scroll","url":"http://localhost:3000/","viewport":{"width":1540,"height":739},"payload":{"scrollX":0,"scrollY":1530.4000244140625,"documentHeight":4243,"viewportHeight":739}}
[2026-07-26T10:39:03.872Z] {"timestamp":1785062343383,"kind":"focusin","url":"http://localhost:3000/","viewport":{"width":1540,"height":739},"payload":{"target":{"tag":"button","id":null,"name":null,"type":null,"role":null,"ariaLabel":null,"testId":null,"dataLoc":null,"href":null,"text":"Sign Up","selectorHint":"button"}}}
[2026-07-26T10:39:03.872Z] {"timestamp":1785062343600,"kind":"click","url":"http://localhost:3000/","viewport":{"width":1540,"height":739},"payload":{"target":{"tag":"button","id":null,"name":null,"type":null,"role":null,"ariaLabel":null,"testId":null,"dataLoc":null,"href":null,"text":"Sign Up","selectorHint":"button"},"x":1424,"y":35}}
[2026-07-26T10:39:03.872Z] {"timestamp":1785062343603,"kind":"navigate","url":"http://localhost:3000/register","viewport":{"width":1540,"height":739},"payload":{"reason":"pushState"}}
[2026-07-26T10:39:03.872Z] {"timestamp":1785062343637,"kind":"focusout","url":"http://localhost:3000/register","viewport":{"width":1540,"height":739},"payload":{"target":{"tag":"button","id":null,"name":null,"type":null,"role":null,"ariaLabel":null,"testId":null,"dataLoc":null,"href":null,"text":"Sign Up","selectorHint":"button"},"value":null}}
[2026-07-26T10:39:05.866Z] {"timestamp":1785062345373,"kind":"focusin","url":"http://localhost:3000/register","viewport":{"width":1540,"height":739},"payload":{"target":{"tag":"input","id":"fullName","name":"fullName","type":"text","role":null,"ariaLabel":null,"testId":null,"dataLoc":null,"href":null,"text":"","selectorHint":"#fullName"}}}
[2026-07-26T10:39:05.866Z] {"timestamp":1785062345590,"kind":"click","url":"http://localhost:3000/register","viewport":{"width":1540,"height":739},"payload":{"target":{"tag":"input","id":"fullName","name":"fullName","type":"text","role":null,"ariaLabel":null,"testId":null,"dataLoc":null,"href":null,"text":"","selectorHint":"#fullName"},"x":645,"y":353}}
[2026-07-26T10:39:12.785Z] {"timestamp":1785062349938,"kind":"focusout","url":"http://localhost:3000/register","viewport":{"width":1540,"height":739},"payload":{"target":{"tag":"input","id":"fullName","name":"fullName","type":"text","role":null,"ariaLabel":null,"testId":null,"dataLoc":null,"href":null,"text":"","selectorHint":"#fullName"},"value":""}}
[2026-07-26T11:09:09.902Z] {"timestamp":1785064149558,"kind":"focusin","url":"http://localhost:3000/register","viewport":{"width":1540,"height":739},"payload":{"target":{"tag":"input","id":"fullName","name":"fullName","type":"text","role":null,"ariaLabel":null,"testId":null,"dataLoc":null,"href":null,"text":"","selectorHint":"#fullName"}}}
[2026-07-26T11:09:14.992Z] {"timestamp":1785064153159,"kind":"focusin","url":"http://localhost:3000/register","viewport":{"width":1540,"height":739},"payload":{"target":{"tag":"input","id":"fullName","name":"fullName","type":"text","role":null,"ariaLabel":null,"testId":null,"dataLoc":null,"href":null,"text":"","selectorHint":"#fullName"}}}
[2026-07-26T11:09:14.992Z] {"timestamp":1785064153373,"kind":"click","url":"http://localhost:3000/register","viewport":{"width":1540,"height":739},"payload":{"target":{"tag":"input","id":"fullName","name":"fullName","type":"text","role":null,"ariaLabel":null,"testId":null,"dataLoc":null,"href":null,"text":"","selectorHint":"#fullName"},"x":677,"y":341}}
[2026-07-26T11:09:22.992Z] {"timestamp":1785064162765,"kind":"change","url":"http://localhost:3000/register","viewport":{"width":1540,"height":739},"payload":{"target":{"tag":"input","id":"fullName","name":"fullName","type":"text","role":null,"ariaLabel":null,"testId":null,"dataLoc":null,"href":null,"text":"","selectorHint":"#fullName"},"value":"ppp"}}
[2026-07-26T11:09:22.992Z] {"timestamp":1785064162765,"kind":"focusout","url":"http://localhost:3000/register","viewport":{"width":1540,"height":739},"payload":{"target":{"tag":"input","id":"fullName","name":"fullName","type":"text","role":null,"ariaLabel":null,"testId":null,"dataLoc":null,"href":null,"text":"","selectorHint":"#fullName"},"value":"ppp"}}
[2026-07-26T11:09:22.992Z] {"timestamp":1785064162766,"kind":"focusin","url":"http://localhost:3000/register","viewport":{"width":1540,"height":739},"payload":{"target":{"tag":"input","id":"email","name":"email","type":"email","role":null,"ariaLabel":null,"testId":null,"dataLoc":null,"href":null,"text":"","selectorHint":"#email"}}}
[2026-07-26T11:09:24.988Z] {"timestamp":1785064162993,"kind":"click","url":"http://localhost:3000/register","viewport":{"width":1540,"height":739},"payload":{"target":{"tag":"input","id":"email","name":"email","type":"email","role":null,"ariaLabel":null,"testId":null,"dataLoc":null,"href":null,"text":"","selectorHint":"#email"},"x":651,"y":419}}
[2026-07-26T11:09:26.978Z] {"timestamp":1785064166229,"kind":"change","url":"http://localhost:3000/register","viewport":{"width":1540,"height":739},"payload":{"target":{"tag":"input","id":"email","name":"email","type":"email","role":null,"ariaLabel":null,"testId":null,"dataLoc":null,"href":null,"text":"","selectorHint":"#email"},"value":"ppp@gmail.com"}}
[2026-07-26T11:09:28.982Z] {"timestamp":1785064168145,"kind":"click","url":"http://localhost:3000/register","viewport":{"width":1540,"height":739},"payload":{"target":{"tag":"input","id":"email","name":"email","type":"email","role":null,"ariaLabel":null,"testId":null,"dataLoc":null,"href":null,"text":"","selectorHint":"#email"},"x":621,"y":421}}
[2026-07-26T11:09:30.988Z] {"timestamp":1785064170840,"kind":"change","url":"http://localhost:3000/register","viewport":{"width":1540,"height":739},"payload":{"target":{"tag":"input","id":"email","name":"email","type":"email","role":null,"ariaLabel":null,"testId":null,"dataLoc":null,"href":null,"text":"","selectorHint":"#email"},"value":"ppo@gmail.com"}}
[2026-07-26T11:09:30.988Z] {"timestamp":1785064170840,"kind":"focusout","url":"http://localhost:3000/register","viewport":{"width":1540,"height":739},"payload":{"target":{"tag":"input","id":"email","name":"email","type":"email","role":null,"ariaLabel":null,"testId":null,"dataLoc":null,"href":null,"text":"","selectorHint":"#email"},"value":"ppo@gmail.com"}}
[2026-07-26T11:09:30.988Z] {"timestamp":1785064170841,"kind":"focusin","url":"http://localhost:3000/register","viewport":{"width":1540,"height":739},"payload":{"target":{"tag":"input","id":"fullName","name":"fullName","type":"text","role":null,"ariaLabel":null,"testId":null,"dataLoc":null,"href":null,"text":"","selectorHint":"#fullName"}}}
[2026-07-26T11:09:32.983Z] {"timestamp":1785064171061,"kind":"click","url":"http://localhost:3000/register","viewport":{"width":1540,"height":739},"payload":{"target":{"tag":"input","id":"fullName","name":"fullName","type":"text","role":null,"ariaLabel":null,"testId":null,"dataLoc":null,"href":null,"text":"","selectorHint":"#fullName"},"x":627,"y":348}}
[2026-07-26T11:09:34.984Z] {"timestamp":1785064173181,"kind":"change","url":"http://localhost:3000/register","viewport":{"width":1540,"height":739},"payload":{"target":{"tag":"input","id":"fullName","name":"fullName","type":"text","role":null,"ariaLabel":null,"testId":null,"dataLoc":null,"href":null,"text":"","selectorHint":"#fullName"},"value":"ppo"}}
[2026-07-26T11:09:34.984Z] {"timestamp":1785064173181,"kind":"focusout","url":"http://localhost:3000/register","viewport":{"width":1540,"height":739},"payload":{"target":{"tag":"input","id":"fullName","name":"fullName","type":"text","role":null,"ariaLabel":null,"testId":null,"dataLoc":null,"href":null,"text":"","selectorHint":"#fullName"},"value":"ppo"}}
[2026-07-26T11:09:34.984Z] {"timestamp":1785064173182,"kind":"focusin","url":"http://localhost:3000/register","viewport":{"width":1540,"height":739},"payload":{"target":{"tag":"input","id":"mobile","name":"mobile","type":"tel","role":null,"ariaLabel":null,"testId":null,"dataLoc":null,"href":null,"text":"","selectorHint":"#mobile"}}}
[2026-07-26T11:09:34.984Z] {"timestamp":1785064173405,"kind":"click","url":"http://localhost:3000/register","viewport":{"width":1540,"height":739},"payload":{"target":{"tag":"input","id":"mobile","name":"mobile","type":"tel","role":null,"ariaLabel":null,"testId":null,"dataLoc":null,"href":null,"text":"","selectorHint":"#mobile"},"x":652,"y":481}}
[2026-07-26T11:09:40.991Z] {"timestamp":1785064180984,"kind":"change","url":"http://localhost:3000/register","viewport":{"width":1540,"height":739},"payload":{"target":{"tag":"input","id":"mobile","name":"mobile","type":"tel","role":null,"ariaLabel":null,"testId":null,"dataLoc":null,"href":null,"text":"","selectorHint":"#mobile"},"value":"0987656780"}}
[2026-07-26T11:09:40.991Z] {"timestamp":1785064180984,"kind":"focusout","url":"http://localhost:3000/register","viewport":{"width":1540,"height":739},"payload":{"target":{"tag":"input","id":"mobile","name":"mobile","type":"tel","role":null,"ariaLabel":null,"testId":null,"dataLoc":null,"href":null,"text":"","selectorHint":"#mobile"},"value":"0987656780"}}
[2026-07-26T11:09:40.991Z] {"timestamp":1785064180985,"kind":"focusin","url":"http://localhost:3000/register","viewport":{"width":1540,"height":739},"payload":{"target":{"tag":"input","id":"password","name":"password","type":"password","role":null,"ariaLabel":null,"testId":null,"dataLoc":null,"href":null,"text":"","selectorHint":"#password"}}}
[2026-07-26T11:09:42.983Z] {"timestamp":1785064181212,"kind":"click","url":"http://localhost:3000/register","viewport":{"width":1540,"height":739},"payload":{"target":{"tag":"input","id":"password","name":"password","type":"password","role":null,"ariaLabel":null,"testId":null,"dataLoc":null,"href":null,"text":"","selectorHint":"#password"},"x":668,"y":558}}
[2026-07-26T11:09:46.979Z] {"timestamp":1785064185127,"kind":"scroll","url":"http://localhost:3000/register","viewport":{"width":1540,"height":739},"payload":{"scrollX":0,"scrollY":7.199999809265137,"documentHeight":1072,"viewportHeight":739}}
[2026-07-26T11:09:46.979Z] {"timestamp":1785064186271,"kind":"change","url":"http://localhost:3000/register","viewport":{"width":1540,"height":739},"payload":{"target":{"tag":"input","id":"password","name":"password","type":"password","role":null,"ariaLabel":null,"testId":null,"dataLoc":null,"href":null,"text":"","selectorHint":"#password"},"value":{"masked":true,"length":7}}}
[2026-07-26T11:09:46.979Z] {"timestamp":1785064186271,"kind":"focusout","url":"http://localhost:3000/register","viewport":{"width":1540,"height":739},"payload":{"target":{"tag":"input","id":"password","name":"password","type":"password","role":null,"ariaLabel":null,"testId":null,"dataLoc":null,"href":null,"text":"","selectorHint":"#password"},"value":{"masked":true,"length":7}}}
[2026-07-26T11:09:46.979Z] {"timestamp":1785064186272,"kind":"focusin","url":"http://localhost:3000/register","viewport":{"width":1540,"height":739},"payload":{"target":{"tag":"button","id":null,"name":null,"type":null,"role":null,"ariaLabel":null,"testId":null,"dataLoc":null,"href":null,"text":"","selectorHint":"button"}}}
[2026-07-26T11:09:46.979Z] {"timestamp":1785064186486,"kind":"click","url":"http://localhost:3000/register","viewport":{"width":1540,"height":739},"payload":{"target":{"tag":"svg","id":null,"name":null,"type":null,"role":null,"ariaLabel":null,"testId":null,"dataLoc":null,"href":null,"text":"","selectorHint":"svg"},"x":920,"y":414}}
[2026-07-26T11:09:48.980Z] {"timestamp":1785064187532,"kind":"focusout","url":"http://localhost:3000/register","viewport":{"width":1540,"height":739},"payload":{"target":{"tag":"button","id":null,"name":null,"type":null,"role":null,"ariaLabel":null,"testId":null,"dataLoc":null,"href":null,"text":"","selectorHint":"button"},"value":null}}
[2026-07-26T11:09:48.980Z] {"timestamp":1785064187533,"kind":"focusin","url":"http://localhost:3000/register","viewport":{"width":1540,"height":739},"payload":{"target":{"tag":"input","id":"confirmPassword","name":"confirmPassword","type":"password","role":null,"ariaLabel":null,"testId":null,"dataLoc":null,"href":null,"text":"","selectorHint":"#confirmPassword"}}}
[2026-07-26T11:09:48.980Z] {"timestamp":1785064187752,"kind":"click","url":"http://localhost:3000/register","viewport":{"width":1540,"height":739},"payload":{"target":{"tag":"input","id":"confirmPassword","name":"confirmPassword","type":"password","role":null,"ariaLabel":null,"testId":null,"dataLoc":null,"href":null,"text":"","selectorHint":"#confirmPassword"},"x":685,"y":515}}
[2026-07-26T11:09:52.977Z] {"timestamp":1785064191452,"kind":"change","url":"http://localhost:3000/register","viewport":{"width":1540,"height":739},"payload":{"target":{"tag":"input","id":"confirmPassword","name":"confirmPassword","type":"password","role":null,"ariaLabel":null,"testId":null,"dataLoc":null,"href":null,"text":"","selectorHint":"#confirmPassword"},"value":{"masked":true,"length":7}}}
[2026-07-26T11:09:52.977Z] {"timestamp":1785064191453,"kind":"focusout","url":"http://localhost:3000/register","viewport":{"width":1540,"height":739},"payload":{"target":{"tag":"input","id":"confirmPassword","name":"confirmPassword","type":"password","role":null,"ariaLabel":null,"testId":null,"dataLoc":null,"href":null,"text":"","selectorHint":"#confirmPassword"},"value":{"masked":true,"length":7}}}
[2026-07-26T11:09:52.977Z] {"timestamp":1785064191453,"kind":"focusin","url":"http://localhost:3000/register","viewport":{"width":1540,"height":739},"payload":{"target":{"tag":"button","id":null,"name":null,"type":null,"role":null,"ariaLabel":null,"testId":null,"dataLoc":null,"href":null,"text":"","selectorHint":"button"}}}
[2026-07-26T11:09:52.977Z] {"timestamp":1785064191675,"kind":"click","url":"http://localhost:3000/register","viewport":{"width":1540,"height":739},"payload":{"target":{"tag":"path","id":null,"name":null,"type":null,"role":null,"ariaLabel":null,"testId":null,"dataLoc":null,"href":null,"text":"","selectorHint":"path"},"x":911,"y":504}}
[2026-07-26T11:09:52.977Z] {"timestamp":1785064192946,"kind":"focusout","url":"http://localhost:3000/register","viewport":{"width":1540,"height":739},"payload":{"target":{"tag":"button","id":null,"name":null,"type":null,"role":null,"ariaLabel":null,"testId":null,"dataLoc":null,"href":null,"text":"","selectorHint":"button"},"value":null}}
[2026-07-26T11:09:52.977Z] {"timestamp":1785064192946,"kind":"focusin","url":"http://localhost:3000/register","viewport":{"width":1540,"height":739},"payload":{"target":{"tag":"button","id":null,"name":null,"type":null,"role":"checkbox","ariaLabel":null,"testId":null,"dataLoc":null,"href":null,"text":"","selectorHint":"button"}}}
[2026-07-26T11:09:54.982Z] {"timestamp":1785064193165,"kind":"click","url":"http://localhost:3000/register","viewport":{"width":1540,"height":739},"payload":{"target":{"tag":"button","id":null,"name":null,"type":null,"role":"checkbox","ariaLabel":null,"testId":null,"dataLoc":null,"href":null,"text":"","selectorHint":"button"},"x":599,"y":547}}
[2026-07-26T11:09:54.982Z] {"timestamp":1785064193173,"kind":"click","url":"http://localhost:3000/register","viewport":{"width":1540,"height":739},"payload":{"target":{"tag":"input","id":null,"name":"agreeTerms","type":"checkbox","role":null,"ariaLabel":null,"testId":null,"dataLoc":null,"href":null,"text":"","selectorHint":"input"}}}
[2026-07-26T11:09:54.982Z] {"timestamp":1785064194407,"kind":"focusout","url":"http://localhost:3000/register","viewport":{"width":1540,"height":739},"payload":{"target":{"tag":"button","id":null,"name":null,"type":null,"role":"checkbox","ariaLabel":null,"testId":null,"dataLoc":null,"href":null,"text":"","selectorHint":"button"},"value":null}}
[2026-07-26T11:09:54.982Z] {"timestamp":1785064194408,"kind":"focusin","url":"http://localhost:3000/register","viewport":{"width":1540,"height":739},"payload":{"target":{"tag":"button","id":null,"name":null,"type":null,"role":null,"ariaLabel":null,"testId":null,"dataLoc":null,"href":null,"text":"Create Account","selectorHint":"button"}}}
[2026-07-26T11:09:54.983Z] {"timestamp":1785064194622,"kind":"click","url":"http://localhost:3000/register","viewport":{"width":1540,"height":739},"payload":{"target":{"tag":"button","id":null,"name":null,"type":null,"role":null,"ariaLabel":null,"testId":null,"dataLoc":null,"href":null,"text":"Create Account","selectorHint":"button"},"x":697,"y":593}}
[2026-07-26T11:09:54.983Z] {"timestamp":1785064194626,"kind":"submit","url":"http://localhost:3000/register","viewport":{"width":1540,"height":739},"payload":{"target":{"tag":"form","id":null,"name":null,"type":null,"role":null,"ariaLabel":null,"testId":null,"dataLoc":null,"href":null,"text":"Full Name Email Address Mobile Number Password Strength: medium Confirm Password…","selectorHint":"form"}}}
[2026-07-26T11:10:00.163Z] {"timestamp":1785064196776,"kind":"click","url":"http://localhost:3000/register","viewport":{"width":1540,"height":739},"payload":{"target":{"tag":"button","id":null,"name":null,"type":null,"role":null,"ariaLabel":null,"testId":null,"dataLoc":null,"href":null,"text":"Create Account","selectorHint":"button"},"x":697,"y":593}}
[2026-07-26T11:10:00.163Z] {"timestamp":1785064196777,"kind":"submit","url":"http://localhost:3000/register","viewport":{"width":1540,"height":739},"payload":{"target":{"tag":"form","id":null,"name":null,"type":null,"role":null,"ariaLabel":null,"testId":null,"dataLoc":null,"href":null,"text":"Full Name Email Address Mobile Number Password Strength: medium Confirm Password…","selectorHint":"form"}}}
[2026-07-26T11:10:00.163Z] {"timestamp":1785064196969,"kind":"network_error","url":"http://localhost:3000/register","viewport":{"width":1540,"height":739},"payload":{"kind":"fetch","method":"POST","url":"http://localhost:5000/api/auth/register","message":"Failed to fetch"}}
[2026-07-26T11:10:00.163Z] {"timestamp":1785064199163,"kind":"focusout","url":"http://localhost:3000/register","viewport":{"width":1540,"height":739},"payload":{"target":{"tag":"button","id":null,"name":null,"type":null,"role":null,"ariaLabel":null,"testId":null,"dataLoc":null,"href":null,"text":"Create Account","selectorHint":"button"},"value":null}}
[2026-07-26T11:10:00.163Z] {"timestamp":1785064199164,"kind":"focusin","url":"http://localhost:3000/register","viewport":{"width":1540,"height":739},"payload":{"target":{"tag":"button","id":null,"name":null,"type":null,"role":null,"ariaLabel":null,"testId":null,"dataLoc":null,"href":null,"text":"Create Account","selectorHint":"button"}}}
[2026-07-26T11:10:00.163Z] {"timestamp":1785064199176,"kind":"network_error","url":"http://localhost:3000/register","viewport":{"width":1540,"height":739},"payload":{"kind":"fetch","method":"POST","url":"http://localhost:5000/api/auth/register","message":"Failed to fetch"}}
[2026-07-26T11:10:00.163Z] {"timestamp":1785064200133,"kind":"focusout","url":"http://localhost:3000/register","viewport":{"width":1540,"height":739},"payload":{"target":{"tag":"button","id":null,"name":null,"type":null,"role":null,"ariaLabel":null,"testId":null,"dataLoc":null,"href":null,"text":"Create Account","selectorHint":"button"},"value":null}}
[2026-07-26T11:10:00.163Z] {"timestamp":1785064200141,"kind":"focusin","url":"http://localhost:3000/register","viewport":{"width":1540,"height":739},"payload":{"target":{"tag":"button","id":null,"name":null,"type":null,"role":null,"ariaLabel":null,"testId":null,"dataLoc":null,"href":null,"text":"Create Account","selectorHint":"button"}}}
[2026-07-26T11:10:03.551Z] {"timestamp":1785064202114,"kind":"focusout","url":"http://localhost:3000/register","viewport":{"width":1540,"height":739},"payload":{"target":{"tag":"button","id":null,"name":null,"type":null,"role":null,"ariaLabel":null,"testId":null,"dataLoc":null,"href":null,"text":"Create Account","selectorHint":"button"},"value":null}}
[2026-07-26T11:13:33.006Z] {"timestamp":1785064411289,"kind":"scroll","url":"http://localhost:3000/register","viewport":{"width":1540,"height":739},"payload":{"scrollX":0,"scrollY":160,"documentHeight":1048,"viewportHeight":739}}
[2026-07-26T11:19:00.979Z] {"timestamp":1785064739505,"kind":"focusin","url":"http://localhost:3000/register","viewport":{"width":1540,"height":739},"payload":{"target":{"tag":"input","id":"fullName","name":"fullName","type":"text","role":null,"ariaLabel":null,"testId":null,"dataLoc":null,"href":null,"text":"","selectorHint":"#fullName"}}}
[2026-07-26T11:19:00.979Z] {"timestamp":1785064739706,"kind":"click","url":"http://localhost:3000/register","viewport":{"width":1540,"height":739},"payload":{"target":{"tag":"input","id":"fullName","name":"fullName","type":"text","role":null,"ariaLabel":null,"testId":null,"dataLoc":null,"href":null,"text":"","selectorHint":"#fullName"},"x":698,"y":191}}
[2026-07-26T11:19:08.987Z] {"timestamp":1785064747012,"kind":"change","url":"http://localhost:3000/register","viewport":{"width":1540,"height":739},"payload":{"target":{"tag":"input","id":"fullName","name":"fullName","type":"text","role":null,"ariaLabel":null,"testId":null,"dataLoc":null,"href":null,"text":"","selectorHint":"#fullName"},"value":"ppo@gmail.com"}}
[2026-07-26T11:19:08.987Z] {"timestamp":1785064747014,"kind":"focusout","url":"http://localhost:3000/register","viewport":{"width":1540,"height":739},"payload":{"target":{"tag":"input","id":"fullName","name":"fullName","type":"text","role":null,"ariaLabel":null,"testId":null,"dataLoc":null,"href":null,"text":"","selectorHint":"#fullName"},"value":"ppo@gmail.com"}}
[2026-07-26T11:19:08.987Z] {"timestamp":1785064747014,"kind":"focusin","url":"http://localhost:3000/register","viewport":{"width":1540,"height":739},"payload":{"target":{"tag":"input","id":"email","name":"email","type":"email","role":null,"ariaLabel":null,"testId":null,"dataLoc":null,"href":null,"text":"","selectorHint":"#email"}}}
[2026-07-26T11:19:08.987Z] {"timestamp":1785064747232,"kind":"click","url":"http://localhost:3000/register","viewport":{"width":1540,"height":739},"payload":{"target":{"tag":"input","id":"email","name":"email","type":"email","role":null,"ariaLabel":null,"testId":null,"dataLoc":null,"href":null,"text":"","selectorHint":"#email"},"x":680,"y":265}}
[2026-07-26T11:19:08.988Z] {"timestamp":1785064748477,"kind":"focusout","url":"http://localhost:3000/register","viewport":{"width":1540,"height":739},"payload":{"target":{"tag":"input","id":"email","name":"email","type":"email","role":null,"ariaLabel":null,"testId":null,"dataLoc":null,"href":null,"text":"","selectorHint":"#email"},"value":""}}
[2026-07-26T11:19:08.988Z] {"timestamp":1785064748479,"kind":"focusin","url":"http://localhost:3000/register","viewport":{"width":1540,"height":739},"payload":{"target":{"tag":"input","id":"fullName","name":"fullName","type":"text","role":null,"ariaLabel":null,"testId":null,"dataLoc":null,"href":null,"text":"","selectorHint":"#fullName"}}}
[2026-07-26T11:19:08.988Z] {"timestamp":1785064748701,"kind":"click","url":"http://localhost:3000/register","viewport":{"width":1540,"height":739},"payload":{"target":{"tag":"input","id":"fullName","name":"fullName","type":"text","role":null,"ariaLabel":null,"testId":null,"dataLoc":null,"href":null,"text":"","selectorHint":"#fullName"},"x":721,"y":190}}
[2026-07-26T11:19:12.979Z] {"timestamp":1785064752002,"kind":"change","url":"http://localhost:3000/register","viewport":{"width":1540,"height":739},"payload":{"target":{"tag":"input","id":"fullName","name":"fullName","type":"text","role":null,"ariaLabel":null,"testId":null,"dataLoc":null,"href":null,"text":"","selectorHint":"#fullName"},"value":"ppo"}}
[2026-07-26T11:19:12.979Z] {"timestamp":1785064752002,"kind":"focusout","url":"http://localhost:3000/register","viewport":{"width":1540,"height":739},"payload":{"target":{"tag":"input","id":"fullName","name":"fullName","type":"text","role":null,"ariaLabel":null,"testId":null,"dataLoc":null,"href":null,"text":"","selectorHint":"#fullName"},"value":"ppo"}}
[2026-07-26T11:19:12.979Z] {"timestamp":1785064752003,"kind":"focusin","url":"http://localhost:3000/register","viewport":{"width":1540,"height":739},"payload":{"target":{"tag":"input","id":"email","name":"email","type":"email","role":null,"ariaLabel":null,"testId":null,"dataLoc":null,"href":null,"text":"","selectorHint":"#email"}}}
[2026-07-26T11:19:12.979Z] {"timestamp":1785064752222,"kind":"click","url":"http://localhost:3000/register","viewport":{"width":1540,"height":739},"payload":{"target":{"tag":"input","id":"email","name":"email","type":"email","role":null,"ariaLabel":null,"testId":null,"dataLoc":null,"href":null,"text":"","selectorHint":"#email"},"x":700,"y":255}}
[2026-07-26T11:19:14.986Z] {"timestamp":1785064754977,"kind":"change","url":"http://localhost:3000/register","viewport":{"width":1540,"height":739},"payload":{"target":{"tag":"input","id":"email","name":"email","type":"email","role":null,"ariaLabel":null,"testId":null,"dataLoc":null,"href":null,"text":"","selectorHint":"#email"},"value":"ppo@gmail.com"}}
[2026-07-26T11:19:16.977Z] {"timestamp":1785064755640,"kind":"focusout","url":"http://localhost:3000/register","viewport":{"width":1540,"height":739},"payload":{"target":{"tag":"input","id":"email","name":"email","type":"email","role":null,"ariaLabel":null,"testId":null,"dataLoc":null,"href":null,"text":"","selectorHint":"#email"},"value":"ppo@gmail.com"}}
[2026-07-26T11:19:16.977Z] {"timestamp":1785064755642,"kind":"focusin","url":"http://localhost:3000/register","viewport":{"width":1540,"height":739},"payload":{"target":{"tag":"input","id":"mobile","name":"mobile","type":"tel","role":null,"ariaLabel":null,"testId":null,"dataLoc":null,"href":null,"text":"","selectorHint":"#mobile"}}}
[2026-07-26T11:19:16.977Z] {"timestamp":1785064755853,"kind":"click","url":"http://localhost:3000/register","viewport":{"width":1540,"height":739},"payload":{"target":{"tag":"input","id":"mobile","name":"mobile","type":"tel","role":null,"ariaLabel":null,"testId":null,"dataLoc":null,"href":null,"text":"","selectorHint":"#mobile"},"x":715,"y":321}}
[2026-07-26T11:19:22.977Z] {"timestamp":1785064762399,"kind":"change","url":"http://localhost:3000/register","viewport":{"width":1540,"height":739},"payload":{"target":{"tag":"input","id":"mobile","name":"mobile","type":"tel","role":null,"ariaLabel":null,"testId":null,"dataLoc":null,"href":null,"text":"","selectorHint":"#mobile"},"value":"0989076745"}}
[2026-07-26T11:19:22.977Z] {"timestamp":1785064762400,"kind":"focusout","url":"http://localhost:3000/register","viewport":{"width":1540,"height":739},"payload":{"target":{"tag":"input","id":"mobile","name":"mobile","type":"tel","role":null,"ariaLabel":null,"testId":null,"dataLoc":null,"href":null,"text":"","selectorHint":"#mobile"},"value":"0989076745"}}
[2026-07-26T11:19:22.977Z] {"timestamp":1785064762401,"kind":"focusin","url":"http://localhost:3000/register","viewport":{"width":1540,"height":739},"payload":{"target":{"tag":"input","id":"password","name":"password","type":"password","role":null,"ariaLabel":null,"testId":null,"dataLoc":null,"href":null,"text":"","selectorHint":"#password"}}}
[2026-07-26T11:19:22.977Z] {"timestamp":1785064762617,"kind":"click","url":"http://localhost:3000/register","viewport":{"width":1540,"height":739},"payload":{"target":{"tag":"input","id":"password","name":"password","type":"password","role":null,"ariaLabel":null,"testId":null,"dataLoc":null,"href":null,"text":"","selectorHint":"#password"},"x":659,"y":407}}
[2026-07-26T11:19:26.989Z] {"timestamp":1785064766029,"kind":"change","url":"http://localhost:3000/register","viewport":{"width":1540,"height":739},"payload":{"target":{"tag":"input","id":"password","name":"password","type":"password","role":null,"ariaLabel":null,"testId":null,"dataLoc":null,"href":null,"text":"","selectorHint":"#password"},"value":{"masked":true,"length":7}}}
[2026-07-26T11:19:26.989Z] {"timestamp":1785064766030,"kind":"focusout","url":"http://localhost:3000/register","viewport":{"width":1540,"height":739},"payload":{"target":{"tag":"input","id":"password","name":"password","type":"password","role":null,"ariaLabel":null,"testId":null,"dataLoc":null,"href":null,"text":"","selectorHint":"#password"},"value":{"masked":true,"length":7}}}
[2026-07-26T11:19:26.989Z] {"timestamp":1785064766031,"kind":"focusin","url":"http://localhost:3000/register","viewport":{"width":1540,"height":739},"payload":{"target":{"tag":"input","id":"confirmPassword","name":"confirmPassword","type":"password","role":null,"ariaLabel":null,"testId":null,"dataLoc":null,"href":null,"text":"","selectorHint":"#confirmPassword"}}}
[2026-07-26T11:19:26.989Z] {"timestamp":1785064766253,"kind":"click","url":"http://localhost:3000/register","viewport":{"width":1540,"height":739},"payload":{"target":{"tag":"input","id":"confirmPassword","name":"confirmPassword","type":"password","role":null,"ariaLabel":null,"testId":null,"dataLoc":null,"href":null,"text":"","selectorHint":"#confirmPassword"},"x":658,"y":509}}
[2026-07-26T11:19:30.980Z] {"timestamp":1785064769625,"kind":"change","url":"http://localhost:3000/register","viewport":{"width":1540,"height":739},"payload":{"target":{"tag":"input","id":"confirmPassword","name":"confirmPassword","type":"password","role":null,"ariaLabel":null,"testId":null,"dataLoc":null,"href":null,"text":"","selectorHint":"#confirmPassword"},"value":{"masked":true,"length":7}}}
[2026-07-26T11:19:30.980Z] {"timestamp":1785064769625,"kind":"focusout","url":"http://localhost:3000/register","viewport":{"width":1540,"height":739},"payload":{"target":{"tag":"input","id":"confirmPassword","name":"confirmPassword","type":"password","role":null,"ariaLabel":null,"testId":null,"dataLoc":null,"href":null,"text":"","selectorHint":"#confirmPassword"},"value":{"masked":true,"length":7}}}
[2026-07-26T11:19:30.980Z] {"timestamp":1785064769625,"kind":"focusin","url":"http://localhost:3000/register","viewport":{"width":1540,"height":739},"payload":{"target":{"tag":"button","id":null,"name":null,"type":null,"role":"checkbox","ariaLabel":null,"testId":null,"dataLoc":null,"href":null,"text":"","selectorHint":"button"}}}
[2026-07-26T11:19:30.980Z] {"timestamp":1785064769846,"kind":"click","url":"http://localhost:3000/register","viewport":{"width":1540,"height":739},"payload":{"target":{"tag":"button","id":null,"name":null,"type":null,"role":"checkbox","ariaLabel":null,"testId":null,"dataLoc":null,"href":null,"text":"","selectorHint":"button"},"x":592,"y":548}}
[2026-07-26T11:19:30.980Z] {"timestamp":1785064769854,"kind":"click","url":"http://localhost:3000/register","viewport":{"width":1540,"height":739},"payload":{"target":{"tag":"input","id":null,"name":"agreeTerms","type":"checkbox","role":null,"ariaLabel":null,"testId":null,"dataLoc":null,"href":null,"text":"","selectorHint":"input"}}}
[2026-07-26T11:19:30.980Z] {"timestamp":1785064770580,"kind":"focusout","url":"http://localhost:3000/register","viewport":{"width":1540,"height":739},"payload":{"target":{"tag":"button","id":null,"name":null,"type":null,"role":"checkbox","ariaLabel":null,"testId":null,"dataLoc":null,"href":null,"text":"","selectorHint":"button"},"value":null}}
[2026-07-26T11:19:30.980Z] {"timestamp":1785064770582,"kind":"focusin","url":"http://localhost:3000/register","viewport":{"width":1540,"height":739},"payload":{"target":{"tag":"button","id":null,"name":null,"type":null,"role":null,"ariaLabel":null,"testId":null,"dataLoc":null,"href":null,"text":"Create Account","selectorHint":"button"}}}
[2026-07-26T11:19:30.980Z] {"timestamp":1785064770792,"kind":"click","url":"http://localhost:3000/register","viewport":{"width":1540,"height":739},"payload":{"target":{"tag":"button","id":null,"name":null,"type":null,"role":null,"ariaLabel":null,"testId":null,"dataLoc":null,"href":null,"text":"Create Account","selectorHint":"button"},"x":644,"y":582}}
[2026-07-26T11:19:30.980Z] {"timestamp":1785064770798,"kind":"submit","url":"http://localhost:3000/register","viewport":{"width":1540,"height":739},"payload":{"target":{"tag":"form","id":null,"name":null,"type":null,"role":null,"ariaLabel":null,"testId":null,"dataLoc":null,"href":null,"text":"Full Name Email Address Mobile Number Password Strength: medium Confirm Password…","selectorHint":"form"}}}
[2026-07-26T11:19:33.100Z] {"timestamp":1785064772845,"kind":"navigate","url":"http://localhost:3000/login","viewport":{"width":1540,"height":739},"payload":{"reason":"pushState"}}
[2026-07-26T11:19:33.100Z] {"timestamp":1785064772867,"kind":"focusout","url":"http://localhost:3000/login","viewport":{"width":1540,"height":739},"payload":{"target":{"tag":"button","id":null,"name":null,"type":null,"role":null,"ariaLabel":null,"testId":null,"dataLoc":null,"href":null,"text":"Create Account","selectorHint":"button"},"value":null}}
[2026-07-26T11:19:38.979Z] {"timestamp":1785064777331,"kind":"scroll","url":"http://localhost:3000/login","viewport":{"width":1540,"height":739},"payload":{"scrollX":0,"scrollY":142.39999389648438,"documentHeight":924,"viewportHeight":739}}
[2026-07-26T11:19:39.001Z] {"timestamp":1785064778456,"kind":"focusin","url":"http://localhost:3000/login","viewport":{"width":1540,"height":739},"payload":{"target":{"tag":"input","id":"email","name":null,"type":"email","role":null,"ariaLabel":null,"testId":null,"dataLoc":null,"href":null,"text":"","selectorHint":"#email"}}}
[2026-07-26T11:19:39.001Z] {"timestamp":1785064778681,"kind":"click","url":"http://localhost:3000/login","viewport":{"width":1540,"height":739},"payload":{"target":{"tag":"input","id":"email","name":null,"type":"email","role":null,"ariaLabel":null,"testId":null,"dataLoc":null,"href":null,"text":"","selectorHint":"#email"},"x":671,"y":329}}
[2026-07-26T11:19:40.983Z] {"timestamp":1785064780953,"kind":"change","url":"http://localhost:3000/login","viewport":{"width":1540,"height":739},"payload":{"target":{"tag":"input","id":"email","name":null,"type":"email","role":null,"ariaLabel":null,"testId":null,"dataLoc":null,"href":null,"text":"","selectorHint":"#email"},"value":"ppo@gmail.com"}}
[2026-07-26T11:19:42.976Z] {"timestamp":1785064781567,"kind":"focusout","url":"http://localhost:3000/login","viewport":{"width":1540,"height":739},"payload":{"target":{"tag":"input","id":"email","name":null,"type":"email","role":null,"ariaLabel":null,"testId":null,"dataLoc":null,"href":null,"text":"","selectorHint":"#email"},"value":"ppo@gmail.com"}}
[2026-07-26T11:19:42.976Z] {"timestamp":1785064781568,"kind":"focusin","url":"http://localhost:3000/login","viewport":{"width":1540,"height":739},"payload":{"target":{"tag":"input","id":"password","name":null,"type":"password","role":null,"ariaLabel":null,"testId":null,"dataLoc":null,"href":null,"text":"","selectorHint":"#password"}}}
[2026-07-26T11:19:42.976Z] {"timestamp":1785064781787,"kind":"click","url":"http://localhost:3000/login","viewport":{"width":1540,"height":739},"payload":{"target":{"tag":"input","id":"password","name":null,"type":"password","role":null,"ariaLabel":null,"testId":null,"dataLoc":null,"href":null,"text":"","selectorHint":"#password"},"x":678,"y":417}}
[2026-07-26T11:19:47.964Z] {"timestamp":1785064785456,"kind":"change","url":"http://localhost:3000/login","viewport":{"width":1540,"height":739},"payload":{"target":{"tag":"input","id":"password","name":null,"type":"password","role":null,"ariaLabel":null,"testId":null,"dataLoc":null,"href":null,"text":"","selectorHint":"#password"},"value":{"masked":true,"length":7}}}
[2026-07-26T11:19:47.964Z] {"timestamp":1785064785456,"kind":"focusout","url":"http://localhost:3000/login","viewport":{"width":1540,"height":739},"payload":{"target":{"tag":"input","id":"password","name":null,"type":"password","role":null,"ariaLabel":null,"testId":null,"dataLoc":null,"href":null,"text":"","selectorHint":"#password"},"value":{"masked":true,"length":7}}}
[2026-07-26T11:19:47.964Z] {"timestamp":1785064785457,"kind":"focusin","url":"http://localhost:3000/login","viewport":{"width":1540,"height":739},"payload":{"target":{"tag":"button","id":null,"name":null,"type":null,"role":null,"ariaLabel":null,"testId":null,"dataLoc":null,"href":null,"text":"Sign In","selectorHint":"button"}}}
[2026-07-26T11:19:47.965Z] {"timestamp":1785064785682,"kind":"click","url":"http://localhost:3000/login","viewport":{"width":1540,"height":739},"payload":{"target":{"tag":"button","id":null,"name":null,"type":null,"role":null,"ariaLabel":null,"testId":null,"dataLoc":null,"href":null,"text":"Sign In","selectorHint":"button"},"x":676,"y":502}}
[2026-07-26T11:19:47.965Z] {"timestamp":1785064785683,"kind":"submit","url":"http://localhost:3000/login","viewport":{"width":1540,"height":739},"payload":{"target":{"tag":"form","id":null,"name":null,"type":null,"role":null,"ariaLabel":null,"testId":null,"dataLoc":null,"href":null,"text":"Email Address Password Remember me Forgot password? Sign In","selectorHint":"form"}}}
[2026-07-26T11:19:47.965Z] {"timestamp":1785064787654,"kind":"navigate","url":"http://localhost:3000/user/dashboard","viewport":{"width":1540,"height":739},"payload":{"reason":"pushState"}}
[2026-07-26T11:19:47.965Z] {"timestamp":1785064787696,"kind":"focusout","url":"http://localhost:3000/user/dashboard","viewport":{"width":1540,"height":739},"payload":{"target":{"tag":"button","id":null,"name":null,"type":null,"role":null,"ariaLabel":null,"testId":null,"dataLoc":null,"href":null,"text":"Sign In","selectorHint":"button"},"value":null}}
[2026-07-26T13:29:48.426Z] {"timestamp":1785065190254,"kind":"navigate","url":"http://localhost:3000/login","viewport":{"width":1540,"height":739},"payload":{"reason":"popstate"}}
[2026-07-26T13:29:48.426Z] {"timestamp":1785065154034,"kind":"scroll","url":"http://localhost:3000/user/dashboard","viewport":{"width":1540,"height":739},"payload":{"scrollX":0,"scrollY":56.79999923706055,"documentHeight":1587,"viewportHeight":739}}
[2026-07-26T13:29:48.426Z] {"timestamp":1785065155004,"kind":"scroll","url":"http://localhost:3000/user/dashboard","viewport":{"width":1540,"height":739},"payload":{"scrollX":0,"scrollY":808,"documentHeight":1587,"viewportHeight":739}}
[2026-07-26T13:29:48.426Z] {"timestamp":1785065157466,"kind":"focusin","url":"http://localhost:3000/user/dashboard","viewport":{"width":1540,"height":739},"payload":{"target":{"tag":"button","id":null,"name":null,"type":null,"role":null,"ariaLabel":null,"testId":null,"dataLoc":null,"href":null,"text":"Browse Jobs","selectorHint":"button"}}}
[2026-07-26T13:29:48.426Z] {"timestamp":1785065157694,"kind":"click","url":"http://localhost:3000/user/dashboard","viewport":{"width":1540,"height":739},"payload":{"target":{"tag":"button","id":null,"name":null,"type":null,"role":null,"ariaLabel":null,"testId":null,"dataLoc":null,"href":null,"text":"Browse Jobs","selectorHint":"button"},"x":1404,"y":54}}
[2026-07-26T13:29:48.426Z] {"timestamp":1785065157703,"kind":"navigate","url":"http://localhost:3000/user/browse-jobs","viewport":{"width":1540,"height":739},"payload":{"reason":"pushState"}}
[2026-07-26T13:29:48.426Z] {"timestamp":1785065157754,"kind":"focusout","url":"http://localhost:3000/user/browse-jobs","viewport":{"width":1540,"height":739},"payload":{"target":{"tag":"button","id":null,"name":null,"type":null,"role":null,"ariaLabel":null,"testId":null,"dataLoc":null,"href":null,"text":"Browse Jobs","selectorHint":"button"},"value":null}}
[2026-07-26T13:29:48.426Z] {"timestamp":1785065158598,"kind":"scroll","url":"http://localhost:3000/user/browse-jobs","viewport":{"width":1540,"height":739},"payload":{"scrollX":0,"scrollY":103.19999694824219,"documentHeight":2326,"viewportHeight":739}}
[2026-07-26T13:29:48.426Z] {"timestamp":1785065159099,"kind":"scroll","url":"http://localhost:3000/user/browse-jobs","viewport":{"width":1540,"height":739},"payload":{"scrollX":0,"scrollY":1447.199951171875,"documentHeight":2326,"viewportHeight":739}}
[2026-07-26T13:29:48.426Z] {"timestamp":1785065161128,"kind":"focusin","url":"http://localhost:3000/user/browse-jobs","viewport":{"width":1540,"height":739},"payload":{"target":{"tag":"button","id":null,"name":null,"type":null,"role":null,"ariaLabel":null,"testId":null,"dataLoc":null,"href":null,"text":"Back to Dashboard","selectorHint":"button"}}}
[2026-07-26T13:29:48.426Z] {"timestamp":1785065161340,"kind":"click","url":"http://localhost:3000/user/browse-jobs","viewport":{"width":1540,"height":739},"payload":{"target":{"tag":"svg","id":null,"name":null,"type":null,"role":null,"ariaLabel":null,"testId":null,"dataLoc":null,"href":null,"text":"","selectorHint":"svg"},"x":42,"y":33}}
[2026-07-26T13:29:48.426Z] {"timestamp":1785065161340,"kind":"navigate","url":"http://localhost:3000/user/dashboard","viewport":{"width":1540,"height":739},"payload":{"reason":"pushState"}}
[2026-07-26T13:29:48.426Z] {"timestamp":1785065161370,"kind":"focusout","url":"http://localhost:3000/user/dashboard","viewport":{"width":1540,"height":739},"payload":{"target":{"tag":"button","id":null,"name":null,"type":null,"role":null,"ariaLabel":null,"testId":null,"dataLoc":null,"href":null,"text":"Back to Dashboard","selectorHint":"button"},"value":null}}
[2026-07-26T13:29:48.426Z] {"timestamp":1785065161450,"kind":"scroll","url":"http://localhost:3000/user/dashboard","viewport":{"width":1540,"height":739},"payload":{"scrollX":0,"scrollY":848,"documentHeight":1587,"viewportHeight":739}}
[2026-07-26T13:29:48.426Z] {"timestamp":1785065164101,"kind":"focusin","url":"http://localhost:3000/user/dashboard","viewport":{"width":1540,"height":739},"payload":{"target":{"tag":"button","id":null,"name":null,"type":null,"role":null,"ariaLabel":null,"testId":null,"dataLoc":null,"href":null,"text":"Update Resume","selectorHint":"button"}}}
[2026-07-26T13:29:48.426Z] {"timestamp":1785065164321,"kind":"click","url":"http://localhost:3000/user/dashboard","viewport":{"width":1540,"height":739},"payload":{"target":{"tag":"button","id":null,"name":null,"type":null,"role":null,"ariaLabel":null,"testId":null,"dataLoc":null,"href":null,"text":"Update Resume","selectorHint":"button"},"x":800,"y":658}}
[2026-07-26T13:29:48.426Z] {"timestamp":1785065164321,"kind":"navigate","url":"http://localhost:3000/user/profile","viewport":{"width":1540,"height":739},"payload":{"reason":"pushState"}}
[2026-07-26T13:29:48.426Z] {"timestamp":1785065164356,"kind":"focusout","url":"http://localhost:3000/user/profile","viewport":{"width":1540,"height":739},"payload":{"target":{"tag":"button","id":null,"name":null,"type":null,"role":null,"ariaLabel":null,"testId":null,"dataLoc":null,"href":null,"text":"Update Resume","selectorHint":"button"},"value":null}}
[2026-07-26T13:29:48.426Z] {"timestamp":1785065164374,"kind":"scroll","url":"http://localhost:3000/user/profile","viewport":{"width":1540,"height":739},"payload":{"scrollX":0,"scrollY":254.39999389648438,"documentHeight":994,"viewportHeight":739}}
[2026-07-26T13:29:48.426Z] {"timestamp":1785065165444,"kind":"scroll","url":"http://localhost:3000/user/profile","viewport":{"width":1540,"height":739},"payload":{"scrollX":0,"scrollY":179.1999969482422,"documentHeight":994,"viewportHeight":739}}
[2026-07-26T13:29:48.426Z] {"timestamp":1785065167583,"kind":"focusin","url":"http://localhost:3000/user/profile","viewport":{"width":1540,"height":739},"payload":{"target":{"tag":"button","id":null,"name":null,"type":null,"role":null,"ariaLabel":null,"testId":null,"dataLoc":null,"href":null,"text":"Back to Dashboard","selectorHint":"button"}}}
[2026-07-26T13:29:48.426Z] {"timestamp":1785065167813,"kind":"click","url":"http://localhost:3000/user/profile","viewport":{"width":1540,"height":739},"payload":{"target":{"tag":"path","id":null,"name":null,"type":null,"role":null,"ariaLabel":null,"testId":null,"dataLoc":null,"href":null,"text":"","selectorHint":"path"},"x":38,"y":28}}
[2026-07-26T13:29:48.427Z] {"timestamp":1785065167813,"kind":"navigate","url":"http://localhost:3000/user/dashboard","viewport":{"width":1540,"height":739},"payload":{"reason":"pushState"}}
[2026-07-26T13:29:48.427Z] {"timestamp":1785065167827,"kind":"focusout","url":"http://localhost:3000/user/dashboard","viewport":{"width":1540,"height":739},"payload":{"target":{"tag":"button","id":null,"name":null,"type":null,"role":null,"ariaLabel":null,"testId":null,"dataLoc":null,"href":null,"text":"Back to Dashboard","selectorHint":"button"},"value":null}}
[2026-07-26T13:29:48.427Z] {"timestamp":1785065170382,"kind":"navigate","url":"http://localhost:3000/user/profile","viewport":{"width":1540,"height":739},"payload":{"reason":"popstate"}}
[2026-07-26T13:29:48.427Z] {"timestamp":1785065172140,"kind":"navigate","url":"http://localhost:3000/user/dashboard","viewport":{"width":1540,"height":739},"payload":{"reason":"popstate"}}
[2026-07-26T13:29:48.427Z] {"timestamp":1785065172214,"kind":"scroll","url":"http://localhost:3000/user/dashboard","viewport":{"width":1540,"height":739},"payload":{"scrollX":0,"scrollY":1.600000023841858,"documentHeight":1587,"viewportHeight":739}}
[2026-07-26T13:29:48.427Z] {"timestamp":1785065172726,"kind":"scroll","url":"http://localhost:3000/user/dashboard","viewport":{"width":1540,"height":739},"payload":{"scrollX":0,"scrollY":848,"documentHeight":1587,"viewportHeight":739}}
[2026-07-26T13:29:48.427Z] {"timestamp":1785065173127,"kind":"navigate","url":"http://localhost:3000/user/browse-jobs","viewport":{"width":1540,"height":739},"payload":{"reason":"popstate"}}
[2026-07-26T13:29:48.427Z] {"timestamp":1785065173228,"kind":"scroll","url":"http://localhost:3000/user/browse-jobs","viewport":{"width":1540,"height":739},"payload":{"scrollX":0,"scrollY":868.7999877929688,"documentHeight":2326,"viewportHeight":739}}
[2026-07-26T13:29:48.427Z] {"timestamp":1785065173864,"kind":"navigate","url":"http://localhost:3000/user/dashboard","viewport":{"width":1540,"height":739},"payload":{"reason":"popstate"}}
[2026-07-26T13:29:48.427Z] {"timestamp":1785065173945,"kind":"scroll","url":"http://localhost:3000/user/dashboard","viewport":{"width":1540,"height":739},"payload":{"scrollX":0,"scrollY":848,"documentHeight":1587,"viewportHeight":739}}
[2026-07-26T13:29:48.427Z] {"timestamp":1785065174465,"kind":"scroll","url":"http://localhost:3000/user/dashboard","viewport":{"width":1540,"height":739},"payload":{"scrollX":0,"scrollY":0.800000011920929,"documentHeight":1587,"viewportHeight":739}}
[2026-07-26T13:29:48.427Z] {"timestamp":1785065174886,"kind":"navigate","url":"http://localhost:3000/login","viewport":{"width":1540,"height":739},"payload":{"reason":"popstate"}}
[2026-07-26T13:29:48.427Z] {"timestamp":1785065176071,"kind":"focusin","url":"http://localhost:3000/login","viewport":{"width":1540,"height":739},"payload":{"target":{"tag":"input","id":"email","name":null,"type":"email","role":null,"ariaLabel":null,"testId":null,"dataLoc":null,"href":null,"text":"","selectorHint":"#email"}}}
[2026-07-26T13:29:48.427Z] {"timestamp":1785065176294,"kind":"click","url":"http://localhost:3000/login","viewport":{"width":1540,"height":739},"payload":{"target":{"tag":"input","id":"email","name":null,"type":"email","role":null,"ariaLabel":null,"testId":null,"dataLoc":null,"href":null,"text":"","selectorHint":"#email"},"x":700,"y":338}}
[2026-07-26T13:29:48.427Z] {"timestamp":1785065180619,"kind":"change","url":"http://localhost:3000/login","viewport":{"width":1540,"height":739},"payload":{"target":{"tag":"input","id":"email","name":null,"type":"email","role":null,"ariaLabel":null,"testId":null,"dataLoc":null,"href":null,"text":"","selectorHint":"#email"},"value":"recruiter@jobportal.com"}}
[2026-07-26T13:29:48.427Z] {"timestamp":1785065181221,"kind":"focusout","url":"http://localhost:3000/login","viewport":{"width":1540,"height":739},"payload":{"target":{"tag":"input","id":"email","name":null,"type":"email","role":null,"ariaLabel":null,"testId":null,"dataLoc":null,"href":null,"text":"","selectorHint":"#email"},"value":"recruiter@jobportal.com"}}
[2026-07-26T13:29:48.427Z] {"timestamp":1785065181222,"kind":"focusin","url":"http://localhost:3000/login","viewport":{"width":1540,"height":739},"payload":{"target":{"tag":"input","id":"password","name":null,"type":"password","role":null,"ariaLabel":null,"testId":null,"dataLoc":null,"href":null,"text":"","selectorHint":"#password"}}}
[2026-07-26T13:29:48.427Z] {"timestamp":1785065181447,"kind":"click","url":"http://localhost:3000/login","viewport":{"width":1540,"height":739},"payload":{"target":{"tag":"input","id":"password","name":null,"type":"password","role":null,"ariaLabel":null,"testId":null,"dataLoc":null,"href":null,"text":"","selectorHint":"#password"},"x":727,"y":413}}
[2026-07-26T13:29:48.427Z] {"timestamp":1785065186497,"kind":"change","url":"http://localhost:3000/login","viewport":{"width":1540,"height":739},"payload":{"target":{"tag":"input","id":"password","name":null,"type":"password","role":null,"ariaLabel":null,"testId":null,"dataLoc":null,"href":null,"text":"","selectorHint":"#password"},"value":{"masked":true,"length":13}}}
[2026-07-26T13:29:48.427Z] {"timestamp":1785065186498,"kind":"focusout","url":"http://localhost:3000/login","viewport":{"width":1540,"height":739},"payload":{"target":{"tag":"input","id":"password","name":null,"type":"password","role":null,"ariaLabel":null,"testId":null,"dataLoc":null,"href":null,"text":"","selectorHint":"#password"},"value":{"masked":true,"length":13}}}
[2026-07-26T13:29:48.427Z] {"timestamp":1785065186498,"kind":"focusin","url":"http://localhost:3000/login","viewport":{"width":1540,"height":739},"payload":{"target":{"tag":"button","id":null,"name":null,"type":null,"role":null,"ariaLabel":null,"testId":null,"dataLoc":null,"href":null,"text":"","selectorHint":"button"}}}
[2026-07-26T13:29:48.427Z] {"timestamp":1785065186716,"kind":"click","url":"http://localhost:3000/login","viewport":{"width":1540,"height":739},"payload":{"target":{"tag":"circle","id":null,"name":null,"type":null,"role":null,"ariaLabel":null,"testId":null,"dataLoc":null,"href":null,"text":"","selectorHint":"circle"},"x":917,"y":417}}
[2026-07-26T13:29:48.427Z] {"timestamp":1785065187789,"kind":"focusout","url":"http://localhost:3000/login","viewport":{"width":1540,"height":739},"payload":{"target":{"tag":"button","id":null,"name":null,"type":null,"role":null,"ariaLabel":null,"testId":null,"dataLoc":null,"href":null,"text":"","selectorHint":"button"},"value":null}}
[2026-07-26T13:29:48.427Z] {"timestamp":1785065187790,"kind":"focusin","url":"http://localhost:3000/login","viewport":{"width":1540,"height":739},"payload":{"target":{"tag":"button","id":null,"name":null,"type":null,"role":null,"ariaLabel":null,"testId":null,"dataLoc":null,"href":null,"text":"Sign In","selectorHint":"button"}}}
[2026-07-26T13:29:48.427Z] {"timestamp":1785065188001,"kind":"click","url":"http://localhost:3000/login","viewport":{"width":1540,"height":739},"payload":{"target":{"tag":"button","id":null,"name":null,"type":null,"role":null,"ariaLabel":null,"testId":null,"dataLoc":null,"href":null,"text":"Sign In","selectorHint":"button"},"x":704,"y":505}}
[2026-07-26T13:29:48.427Z] {"timestamp":1785065188003,"kind":"submit","url":"http://localhost:3000/login","viewport":{"width":1540,"height":739},"payload":{"target":{"tag":"form","id":null,"name":null,"type":null,"role":null,"ariaLabel":null,"testId":null,"dataLoc":null,"href":null,"text":"Email Address Password Remember me Forgot password? Sign In","selectorHint":"form"}}}
[2026-07-26T13:29:48.427Z] {"timestamp":1785065188036,"kind":"navigate","url":"http://localhost:3000/recruiter/dashboard","viewport":{"width":1540,"height":739},"payload":{"reason":"pushState"}}
[2026-07-26T13:29:48.427Z] {"timestamp":1785065188065,"kind":"focusout","url":"http://localhost:3000/recruiter/dashboard","viewport":{"width":1540,"height":739},"payload":{"target":{"tag":"button","id":null,"name":null,"type":null,"role":null,"ariaLabel":null,"testId":null,"dataLoc":null,"href":null,"text":"Sign In","selectorHint":"button"},"value":null}}
[2026-07-26T13:29:48.427Z] {"timestamp":1785065191504,"kind":"focusin","url":"http://localhost:3000/login","viewport":{"width":1540,"height":739},"payload":{"target":{"tag":"input","id":"email","name":null,"type":"email","role":null,"ariaLabel":null,"testId":null,"dataLoc":null,"href":null,"text":"","selectorHint":"#email"}}}
[2026-07-26T13:29:48.427Z] {"timestamp":1785065191718,"kind":"click","url":"http://localhost:3000/login","viewport":{"width":1540,"height":739},"payload":{"target":{"tag":"input","id":"email","name":null,"type":"email","role":null,"ariaLabel":null,"testId":null,"dataLoc":null,"href":null,"text":"","selectorHint":"#email"},"x":664,"y":340}}
[2026-07-26T13:29:48.427Z] {"timestamp":1785065194402,"kind":"change","url":"http://localhost:3000/login","viewport":{"width":1540,"height":739},"payload":{"target":{"tag":"input","id":"email","name":null,"type":"email","role":null,"ariaLabel":null,"testId":null,"dataLoc":null,"href":null,"text":"","selectorHint":"#email"},"value":"admin@jobportal.com"}}
[2026-07-26T13:29:48.427Z] {"timestamp":1785065195017,"kind":"focusout","url":"http://localhost:3000/login","viewport":{"width":1540,"height":739},"payload":{"target":{"tag":"input","id":"email","name":null,"type":"email","role":null,"ariaLabel":null,"testId":null,"dataLoc":null,"href":null,"text":"","selectorHint":"#email"},"value":"admin@jobportal.com"}}
[2026-07-26T13:29:48.427Z] {"timestamp":1785065195019,"kind":"focusin","url":"http://localhost:3000/login","viewport":{"width":1540,"height":739},"payload":{"target":{"tag":"input","id":"password","name":null,"type":"password","role":null,"ariaLabel":null,"testId":null,"dataLoc":null,"href":null,"text":"","selectorHint":"#password"}}}
[2026-07-26T13:29:48.427Z] {"timestamp":1785065195236,"kind":"click","url":"http://localhost:3000/login","viewport":{"width":1540,"height":739},"payload":{"target":{"tag":"input","id":"password","name":null,"type":"password","role":null,"ariaLabel":null,"testId":null,"dataLoc":null,"href":null,"text":"","selectorHint":"#password"},"x":647,"y":413}}
[2026-07-26T13:29:48.427Z] {"timestamp":1785065195818,"kind":"change","url":"http://localhost:3000/login","viewport":{"width":1540,"height":739},"payload":{"target":{"tag":"input","id":"password","name":null,"type":"password","role":null,"ariaLabel":null,"testId":null,"dataLoc":null,"href":null,"text":"","selectorHint":"#password"},"value":{"masked":true,"length":1}}}
[2026-07-26T13:29:48.427Z] {"timestamp":1785065195818,"kind":"focusout","url":"http://localhost:3000/login","viewport":{"width":1540,"height":739},"payload":{"target":{"tag":"input","id":"password","name":null,"type":"password","role":null,"ariaLabel":null,"testId":null,"dataLoc":null,"href":null,"text":"","selectorHint":"#password"},"value":{"masked":true,"length":1}}}
[2026-07-26T13:29:48.427Z] {"timestamp":1785065199133,"kind":"focusin","url":"http://localhost:3000/login","viewport":{"width":1540,"height":739},"payload":{"target":{"tag":"input","id":"password","name":null,"type":"password","role":null,"ariaLabel":null,"testId":null,"dataLoc":null,"href":null,"text":"","selectorHint":"#password"}}}
[2026-07-26T13:29:48.427Z] {"timestamp":1785065204415,"kind":"change","url":"http://localhost:3000/login","viewport":{"width":1540,"height":739},"payload":{"target":{"tag":"input","id":"password","name":null,"type":"password","role":null,"ariaLabel":null,"testId":null,"dataLoc":null,"href":null,"text":"","selectorHint":"#password"},"value":{"masked":true,"length":9}}}
[2026-07-26T13:29:48.427Z] {"timestamp":1785065204415,"kind":"focusout","url":"http://localhost:3000/login","viewport":{"width":1540,"height":739},"payload":{"target":{"tag":"input","id":"password","name":null,"type":"password","role":null,"ariaLabel":null,"testId":null,"dataLoc":null,"href":null,"text":"","selectorHint":"#password"},"value":{"masked":true,"length":9}}}
[2026-07-26T13:29:48.427Z] {"timestamp":1785065204416,"kind":"focusin","url":"http://localhost:3000/login","viewport":{"width":1540,"height":739},"payload":{"target":{"tag":"button","id":null,"name":null,"type":null,"role":null,"ariaLabel":null,"testId":null,"dataLoc":null,"href":null,"text":"Sign In","selectorHint":"button"}}}
[2026-07-26T13:29:48.427Z] {"timestamp":1785065204631,"kind":"click","url":"http://localhost:3000/login","viewport":{"width":1540,"height":739},"payload":{"target":{"tag":"button","id":null,"name":null,"type":null,"role":null,"ariaLabel":null,"testId":null,"dataLoc":null,"href":null,"text":"Sign In","selectorHint":"button"},"x":685,"y":497}}
[2026-07-26T13:29:48.427Z] {"timestamp":1785065204632,"kind":"submit","url":"http://localhost:3000/login","viewport":{"width":1540,"height":739},"payload":{"target":{"tag":"form","id":null,"name":null,"type":null,"role":null,"ariaLabel":null,"testId":null,"dataLoc":null,"href":null,"text":"Email Address Password Remember me Forgot password? Sign In","selectorHint":"form"}}}
[2026-07-26T13:29:48.427Z] {"timestamp":1785065204641,"kind":"navigate","url":"http://localhost:3000/admin/dashboard","viewport":{"width":1540,"height":739},"payload":{"reason":"pushState"}}
[2026-07-26T13:29:48.427Z] {"timestamp":1785065204664,"kind":"focusout","url":"http://localhost:3000/admin/dashboard","viewport":{"width":1540,"height":739},"payload":{"target":{"tag":"button","id":null,"name":null,"type":null,"role":null,"ariaLabel":null,"testId":null,"dataLoc":null,"href":null,"text":"Sign In","selectorHint":"button"},"value":null}}
[2026-07-26T13:31:25.462Z] {"timestamp":1785072684027,"kind":"scroll","url":"http://localhost:3000/admin/dashboard","viewport":{"width":1536,"height":730},"payload":{"scrollX":0,"scrollY":100,"documentHeight":1545,"viewportHeight":730}}
[2026-07-26T13:31:25.462Z] {"timestamp":1785072684546,"kind":"scroll","url":"http://localhost:3000/admin/dashboard","viewport":{"width":1536,"height":730},"payload":{"scrollX":0,"scrollY":674.4000244140625,"documentHeight":1545,"viewportHeight":730}}
[2026-07-26T13:31:27.465Z] {"timestamp":1785072686241,"kind":"navigate","url":"http://localhost:3000/login","viewport":{"width":1536,"height":730},"payload":{"reason":"popstate"}}
[2026-07-26T13:31:27.465Z] {"timestamp":1785072686458,"kind":"navigate","url":"http://localhost:3000/register","viewport":{"width":1536,"height":730},"payload":{"reason":"popstate"}}
[2026-07-26T13:31:27.465Z] {"timestamp":1785072686510,"kind":"scroll","url":"http://localhost:3000/register","viewport":{"width":1536,"height":730},"payload":{"scrollX":0,"scrollY":2.4000000953674316,"documentHeight":1048,"viewportHeight":730}}
[2026-07-26T13:31:51.266Z] {"timestamp":1785072709760,"kind":"scroll","url":"http://localhost:3000/","viewport":{"width":1536,"height":730},"payload":{"scrollX":0,"scrollY":4,"documentHeight":4243,"viewportHeight":730}}
[2026-07-26T13:31:51.266Z] {"timestamp":1785072710795,"kind":"scroll","url":"http://localhost:3000/","viewport":{"width":1536,"height":730},"payload":{"scrollX":0,"scrollY":1132,"documentHeight":4243,"viewportHeight":730}}
[2026-07-26T13:31:53.261Z] {"timestamp":1785072711308,"kind":"scroll","url":"http://localhost:3000/","viewport":{"width":1536,"height":730},"payload":{"scrollX":0,"scrollY":548.7999877929688,"documentHeight":4243,"viewportHeight":730}}
[2026-07-26T13:32:01.300Z] {"timestamp":1785072720916,"kind":"focusin","url":"http://localhost:3000/","viewport":{"width":1536,"height":730},"payload":{"target":{"tag":"button","id":null,"name":null,"type":null,"role":null,"ariaLabel":null,"testId":null,"dataLoc":null,"href":null,"text":"Sign Up","selectorHint":"button"}}}
[2026-07-26T13:32:01.300Z] {"timestamp":1785072721134,"kind":"click","url":"http://localhost:3000/","viewport":{"width":1536,"height":730},"payload":{"target":{"tag":"button","id":null,"name":null,"type":null,"role":null,"ariaLabel":null,"testId":null,"dataLoc":null,"href":null,"text":"Sign Up","selectorHint":"button"},"x":1437,"y":20}}
[2026-07-26T13:32:01.300Z] {"timestamp":1785072721135,"kind":"navigate","url":"http://localhost:3000/register","viewport":{"width":1536,"height":730},"payload":{"reason":"pushState"}}
[2026-07-26T13:32:01.300Z] {"timestamp":1785072721165,"kind":"focusout","url":"http://localhost:3000/register","viewport":{"width":1536,"height":730},"payload":{"target":{"tag":"button","id":null,"name":null,"type":null,"role":null,"ariaLabel":null,"testId":null,"dataLoc":null,"href":null,"text":"Sign Up","selectorHint":"button"},"value":null}}
[2026-07-26T13:32:03.263Z] {"timestamp":1785072722540,"kind":"focusin","url":"http://localhost:3000/register","viewport":{"width":1536,"height":730},"payload":{"target":{"tag":"input","id":"fullName","name":"fullName","type":"text","role":null,"ariaLabel":null,"testId":null,"dataLoc":null,"href":null,"text":"","selectorHint":"#fullName"}}}
[2026-07-26T13:32:03.263Z] {"timestamp":1785072722762,"kind":"click","url":"http://localhost:3000/register","viewport":{"width":1536,"height":730},"payload":{"target":{"tag":"input","id":"fullName","name":"fullName","type":"text","role":null,"ariaLabel":null,"testId":null,"dataLoc":null,"href":null,"text":"","selectorHint":"#fullName"},"x":754,"y":344}}
[2026-07-26T13:32:09.262Z] {"timestamp":1785072727535,"kind":"click","url":"http://localhost:3000/register","viewport":{"width":1536,"height":730},"payload":{"target":{"tag":"input","id":"fullName","name":"fullName","type":"text","role":null,"ariaLabel":null,"testId":null,"dataLoc":null,"href":null,"text":"","selectorHint":"#fullName"},"x":633,"y":353}}
[2026-07-26T13:32:09.262Z] {"timestamp":1785072728234,"kind":"click","url":"http://localhost:3000/register","viewport":{"width":1536,"height":730},"payload":{"target":{"tag":"input","id":"fullName","name":"fullName","type":"text","role":null,"ariaLabel":null,"testId":null,"dataLoc":null,"href":null,"text":"","selectorHint":"#fullName"},"x":633,"y":353}}
[2026-07-26T13:32:13.290Z] {"timestamp":1785072729766,"kind":"focusout","url":"http://localhost:3000/register","viewport":{"width":1536,"height":730},"payload":{"target":{"tag":"input","id":"fullName","name":"fullName","type":"text","role":null,"ariaLabel":null,"testId":null,"dataLoc":null,"href":null,"text":"","selectorHint":"#fullName"},"value":""}}
